Crop: Banana,,,,,,,,,,,,,,,,,,,,,,,,,
S.No.,State,District,2000 - 2001,2001 - 2002,2002 - 2003,2003 - 2004,2004 - 2005,2005 - 2006,2006 - 2007,2007 - 2008,2008 - 2009,2009 - 2010,2010 - 2011,2011 - 2012,2012 - 2013,2013 - 2014,2014 - 2015,2015 - 2016,2016 - 2017,2017 - 2018,2018 - 2019,2019 - 2020,2020 - 2021,2021 - 2022,2022 - 2023
,,,Yield (Ton./Ha.),Yield (Ton./Ha.),Yield (Ton./Ha.),Yield (Ton./Ha.),Yield (Ton./Ha.),Yield (Ton./Ha.),Yield (Ton./Ha.),Yield (Ton./Ha.),Yield (Ton./Ha.),Yield (Ton./Ha.),Yield (Ton./Ha.),Yield (Ton./Ha.),Yield (Ton./Ha.),Yield (Ton./Ha.),Yield (Ton./Ha.),Yield (Ton./Ha.),Yield (Ton./Ha.),Yield (Ton./Ha.),Yield (Ton./Ha.),Yield (Ton./Ha.),Yield (Ton./Ha.),Yield (Ton./Ha.),Yield (Ton./Ha.)
1,Andhra Pradesh,Krishna,19.23,2.54,15.29,12.47,12.46,16.9,19.22,,27.34,21.52,23.1,30.46,,36.13,39.75,65.06,37.94,213.96,258.07,60,,,
2,Andhra Pradesh,Chittoor,19.97,7.12,52.96,36.15,52.15,53.57,48.93,,31.62,53.09,50.68,63.15,,55.17,53.98,64.72,69.64,199.39,251.83,60,,,
3,Andhra Pradesh,Kadapa,44.7,32.58,65.49,42.12,58.15,66.05,62.08,,54.63,63.73,56.12,65.68,,59.01,54.51,71.67,74.68,165.86,123.22,60,,,
4,Andhra Pradesh,Spsr nellore,14.38,16.76,19.38,9.69,18.52,16.78,19.9,,20.62,23.02,25.49,15.53,,31.57,21.28,26.26,26.96,121.49,144.36,60,,,
5,Rajasthan,Tonk,,,,,,,,,,,,,,,,,,140,,,,,
6,Madhya Pradesh,Katni,,,,,,,,,,,,,,138.42,,34.48,62.01,62.01,62.01,62.01,,,
7,Maharashtra,Washim,,,,137.4,,,,,,,,,,,,,,,,,,,
8,Manipur,Bishnupur,12.9,12.86,7.18,7.85,13,13,13,12.85,12.89,9.92,12.96,12.96,13.4,13.5,13.7,13.61,13.6,13.63,13.59,133.6,,,
9,Manipur,Imphal east,12.86,12.85,7,7.86,12.88,12.85,12.87,12.86,12.89,8.59,12.98,13,13.4,13.5,13.99,14,14.01,13.47,13.7,133.48,,,
10,Andhra Pradesh,Anantapur,15.21,0.29,52.95,36.17,52.15,53.57,48.93,,44.67,53.09,50.69,63.15,,55.87,55.53,62.15,68,125.79,106.39,60,,,
11,Andhra Pradesh,Srikakulam,14.14,12.56,19.38,5.61,12.84,16.78,19.9,,20.62,23.02,25.49,26.64,,19.63,0.32,21.53,33.15,120.58,113.45,60,,,
12,Andhra Pradesh,West godavari,14.37,12.08,22.2,4.24,25.86,9.44,19.48,,19.43,28.73,25.29,34.49,,21.71,28.99,32.68,41.31,117.56,98.56,60,,,
13,Gujarat,Panch mahals,48,42,,61.67,66,68,60,76,116,52,84,64,52,72.77,,,,,77.33,74.62,73,,
14,Gujarat,Bhavnagar,,,,,52.5,70,40,,,,,68,,72.77,73.75,,81.8,71.5,77.33,,72.65,113.58,
15,Maharashtra,Ahilyanagar,,,,111.7,,,,,,,,,,,,,,,,,,,
16,Madhya Pradesh,Balaghat,,10.5,33.43,19.16,,,34.52,47.91,38.46,59.6,47.5,47.5,12.82,108.88,,31.96,27.39,38.32,38.5,38.5,,,
17,Madhya Pradesh,Shahdol,,13.5,7.17,10.5,,,5,19,,,10.33,14,,,,108.44,49.55,50.01,49.21,49.21,,,
18,Gujarat,Navsari,,,,51.5,55.5,66,79,85,69,58.67,103,60,62,72.78,73.74,72.35,81.83,71.73,,,72.65,75.72,
19,Andhra Pradesh,Prakasam,19.65,16.38,19.38,9.68,20.15,16.78,19.89,,20.62,23.02,25.49,26.64,,19.63,21.28,26.26,26.96,56.48,102.94,60,,,
20,Maharashtra,Dhule,,,,97.4,,,,,,,,,,,,,,,,,,,
21,Chhattisgarh,Bastar,46.61,46.6,46.6,46.61,46.6,46.6,49.3,46.6,46.6,97.32,46.61,36.62,13.36,39.95,45.27,24.91,28.09,17.46,13.44,17.28,24.39,10.96,25.39
22,Andhra Pradesh,Kurnool,13.87,11.04,26.4,8.05,29.01,23.45,21.49,,26.51,24.83,27.23,30.43,,31.58,45.69,50.53,57.49,97.18,83.77,60,,,
23,Tamil Nadu,Tiruvannamalai,38.11,,36.95,35.38,42.48,49.1,97.16,75.1,73.88,43,,43.69,,57.02,46.68,33.02,31.91,31.11,34.2,34.71,30.68,23.93,24.38
24,Gujarat,Kheda,50.77,,,,,41,97,34,44,57,,,,72.67,,72.4,,,,,,,
25,Andhra Pradesh,Vizianagaram,9.89,12.55,20.77,22.96,24.47,24.29,20.1,,17.49,18.78,21.35,17.98,,10.86,7.95,18.48,12.87,35.39,96.28,60,,,
26,Tamil Nadu,Dindigul,17.56,,25.81,35.38,42.48,49.1,53.58,47.49,33.89,40.78,,24.67,,27.51,95.76,19.48,16.46,12.01,25.19,31.62,40.93,25.27,18.18
27,Andhra Pradesh,Visakhapatanam,18.46,7.73,17.08,12.33,21.69,14.62,7.57,,10.31,29.48,15.62,16.85,,19.63,21.28,24.02,31.75,89.47,94.44,60,,,
28,Gujarat,Vadodara,73.48,76.33,,77.62,63.33,59.43,63.58,66.91,67.94,74.7,64.8,66.75,66.35,64.85,54.8,72.35,91.96,68.03,85.91,75.98,74.29,74.19,78.98
29,Chhattisgarh,Dantewada,38.67,36.63,37.96,38.6,33.29,39.93,39.57,36.63,25.96,90.95,33.29,33.29,14.43,46.62,33.28,16.9,20.63,8.39,24.87,45.21,21.37,16.57,18.63
30,Andhra Pradesh,Guntur,18.53,25.72,22.57,7.43,28.52,26.33,30.69,,31.7,23.65,30.05,38.66,,37.99,41.33,28.33,37.14,90.8,88.81,60,,,
31,Chhattisgarh,Rajnandgaon,44,43.2,42.67,42.75,42.7,36.55,36.57,39.58,38.39,90.68,36.57,39.62,22.7,42.66,42.67,14.84,39.63,7.32,33.68,3.46,24.63,18.38,21.9
32,Gujarat,Tapi,,,,,,,,,90,86.33,66.67,58.5,70,,73.73,,,,,,72.6,75.75,
33,Gujarat,Chhotaudepur,,,,,,,,,,,,,,,75.13,72.35,87.96,71.73,77.33,62.7,72.65,73.39,89.51
34,Tamil Nadu,Theni,17.56,,36.95,35.38,42.48,49.1,53.58,42.5,89.32,77.77,,78.68,,66.45,58.52,64.09,55.46,69.77,76.48,68.65,68.79,55.73,47.09
35,Madhya Pradesh,Chhindwara,,88.5,,84,,,73.6,66,,,,50.33,,,,5,30,30,25,25,,,
36,Tamil Nadu,Perambalur,35.65,,36.95,35.38,42.48,49.11,53.59,47.74,87.55,43,,43.7,,41.53,40.7,38.32,33.25,38.79,39.84,43.06,39.96,38.66,39.35
37,Madhya Pradesh,Khandwa,,32.02,22.67,18.59,,,21.94,64.1,35.43,63.8,44.24,2.96,33.82,40.53,,80,81.03,86.08,85.6,85.6,,,
38,Bihar,Begusarai,24.41,85.56,80.26,77.52,12.82,36.71,,13.07,,,,,,,,,,,,,,,
39,Gujarat,Anand,,,,72.51,52.72,72.56,80.37,73.95,76.16,77.9,76.93,75.57,79.09,84.09,80.68,72.35,83.71,80.95,85.11,84.16,81.96,83.25,83.17
40,Maharashtra,Pune,,,,84.83,,,,,,,,,,,,,,,,,,,
41,Chhattisgarh,Kanker,46.64,46.63,26.7,49.93,46.67,46.56,46.5,49.91,46.55,84.73,46.57,26.63,14,27.31,33.31,20,20,24.2,26.09,26.89,34.56,4.05,
42,Madhya Pradesh,Burhanpur,,,,29.53,,,32.57,64.13,51.49,63.79,54.6,35.83,36.61,83.21,,70,70,70,70,70,,,
43,Gujarat,Kachchh,52.5,82,,71.83,68,72,,,,,,,,,,72.35,81.83,,,,,,
44,Gujarat,Surendranagar,,,,,,,,,,,,,,,,,81.83,,,,,,
45,Gujarat,Surat,45.32,64.69,,73.83,60.94,72.41,79.74,66.61,77.52,72.97,65.73,64.76,79.3,69.18,18.96,72.35,81.83,71.73,77.33,74.9,72.65,71.29,79.37
46,Gujarat,Banas kantha,,,,,,,,,,,,,,,,,81.83,,,,,,
47,Chhattisgarh,Bijapur,,,,,,,,36.67,23.33,81.75,33.33,36.67,20,46.71,33.33,16.67,24,23.25,43,18.33,55.5,,55
48,Chhattisgarh,Narayanpur,,,,,,,,43.33,23.33,81.75,40,33.33,10,38.5,40,24.67,19.56,11.08,34.5,27.5,,27.5,27.5
49,Madhya Pradesh,Dhar,,26.19,22.79,25.57,,,30.05,57.64,46.28,57.33,44.48,37.5,12.58,81.13,,58,70.8,70.8,72.41,71.45,,,
50,Andhra Pradesh,East godavari,11.26,11.97,14.63,7.07,9.36,14,17.63,,18.99,21.91,27.32,22.21,,12.38,17.53,23.04,20.67,76.95,80.92,60,,,
51,Chhattisgarh,Durg,32.4,23.83,31.5,33.38,32.86,35.76,32.43,32.42,33.88,80.37,28.6,30.52,8.78,32.42,33.37,15.11,8.05,9.93,3.83,13.29,12.12,15.66,26.77
52,Bihar,Khagaria,24.41,15.14,80.25,77.52,12.82,36.71,,13.07,,,,,,,,,,,,,,,
53,Gujarat,Bharuch,59.21,59.14,,73.88,63.41,67.04,64.04,57.9,64.87,66.45,63.56,76.82,67.94,63.73,68.77,72.35,80.01,66.79,73.38,67.15,64.41,68.59,71.2
54,Madhya Pradesh,Sidhi,,1.5,18.44,12.2,,,18.67,22,18,22,,7,,80,,55,32.7,33,33,33,,,
55,Tamil Nadu,Vellore,33.42,,36.95,35.37,42.48,49.1,53.58,79.97,27.79,42.77,,48.16,,30.6,30.79,41.84,21.84,32.71,36.81,37.09,49.02,24.17,45.75
56,Gujarat,Gir somnath,,,,,,,,,,,,,,,,,,,,,,75.72,79.89
57,Gujarat,Junagadh,58,48.75,,52.67,64,,24,54,74,39,48,,,,,72.33,,,,,72.65,,79.89
58,Karnataka,Bangalore rural,13.58,,12.26,11.45,17.06,14.14,79.82,29.11,24.84,33.92,35.84,36.47,,,,,,,,,,,
59,Telangana,Warangal,25.6,22.5,24.4,14,14.98,20.9,24.34,,25.47,30.15,32.62,37.17,,31.14,42.17,47.84,46.27,72.69,77.82,68.3,68.26,24.02,76.03
60,Gujarat,Narmada,,,,66.15,70,70.14,70.83,63.67,70.02,72.19,68.96,62.66,64.95,68.61,73.62,72.35,77.34,72.26,68.81,76.83,72.42,70.36,72.35
61,Gujarat,Amreli,,,,,,77,,,,,,,,,,72.38,,,,,72.65,,
62,Tamil Nadu,Thanjavur,25.58,,27.38,38.59,25.51,49.3,42.54,39.21,43.99,36.73,,37.76,,50.9,40.23,46.91,42.49,76.23,8.99,44.94,7.21,46.78,48.67
63,Gujarat,Valsad,50,69.25,,49.5,37,,66,53.5,65,59,62,,,,,,,,,,72.65,75.72,
64,Gujarat,Morbi,,,,,,,,,,,,,,,,,,,,,72.65,75.72,
65,Maharashtra,Dharashiv,,,,75.1,,,,,,,,,,,,,,,,,,,
66,Madhya Pradesh,Barwani,,19.2,20.53,20.04,,,12.73,30.42,25.32,33.01,25.52,20.47,34.25,55.53,,72,75,75,75,75,,,
67,Madhya Pradesh,Khargone,,27.5,21.02,24.7,,,21.25,49.87,38.19,45.78,37.19,26.69,24.71,19.5,,65,74,74,74,74,,,
68,Gujarat,Patan,,,,,,,,,,,,,,,73.74,,,,,,,,
69,Gujarat,Dang,,,,,,,12,24,,,,,47,72.77,73.73,,,,,,,,
70,Chhattisgarh,Bilaspur,35.75,35.67,29,34,34,40,34,34,34.14,73.14,,,,,,,,,,,22.23,6.13,1.82
71,Gujarat,Ahmadabad,40,,,,,,13,40,61,,,,,72.76,,,,,,,72.67,,
72,Gujarat,Rajkot,,,,,,,,,,,,,,,,,,71.75,,,,,
73,Tamil Nadu,Thoothukudi,40.32,,59.37,46.77,55.75,71.12,66.89,59.5,49.04,57.91,,64.85,,44.18,40.41,25.82,27.58,40.63,42.91,49.6,42.9,48.14,49.44
74,Maharashtra,Nandurbar,,,,70.38,,,,,,,,,,,,,,,,,,,
75,Maharashtra,Amravati,,,,69.98,,,,,,,,,,,,,,,,,,,
76,Chhattisgarh,Dhamtari,55,54.71,54.69,54.76,54.73,43.78,43.78,43.79,43.79,69.96,46.07,46.09,33.04,46.09,46.08,21.34,25.33,39.48,2.56,33.71,10.94,34.36,38.08
77,Chhattisgarh,Jashpur,32,31.68,31,32.21,31.59,31.18,31.62,31.14,29.57,68.94,31.13,31.13,12.9,31.15,31.14,14.46,17.41,15.56,13.11,20.8,,21.8,4
78,Karnataka,Koppal,18.38,,17.12,0.75,3.4,10.95,41.41,42.92,18.41,42.61,58.77,68.42,,,,,,,,,,,
79,Tamil Nadu,Erode,36.53,,31.38,27.28,38.71,48.9,68.42,54.49,56.78,33.92,,30.38,,30.13,24.49,42.31,36.16,43.57,49.73,37.8,36.72,27,35.4
80,Chhattisgarh,Raipur,45.24,45.26,44.55,44.52,44.54,45.26,46,43.8,43.82,68.12,40.15,40.14,12.33,51.1,43.8,23.07,25.03,18.78,33.09,2.77,18.13,27.38,21.33
81,Puducherry,Pondicherry,33,34.5,30.25,38.14,35,35,34.8,34.85,39.75,39.25,25.63,12.54,42.64,33.78,29.87,27.9,12,12,37.9,68,,,37.98
82,Madhya Pradesh,Chhatarpur,,28.17,27.67,,,,,,,,27,,,,,67,67,62,63.56,62.44,,,
83,Tamil Nadu,Karur,35.65,,20.28,21.17,33.16,45.52,44.37,36.07,44.35,44.47,,44.1,,60.35,66.88,37.82,22.37,33.11,27.58,43.11,36.45,48.89,47.14
84,Maharashtra,Jalgaon,,,,66.6,,,,,,,,,,,,,,,,,,,
85,Telangana,Sangareddy,,,,,,,,,,,,,,,,,36.88,57.34,45.98,62.75,66.31,34.1,66.05
86,Tamil Nadu,Pudukkottai,30.01,,49.45,50.46,46.99,50.52,63.74,55.78,45.87,64.1,,66.22,,41.12,48.26,48,40.67,49.4,39.82,53.91,60.83,61.13,65.33
87,Maharashtra,Beed,,,,65.65,,,,,,,,,,,,,,,,,,,
88,Uttar Pradesh,Shahjahanpur,,,,,36.5,,39,,,41.11,,,44.67,,45,44,55,62.33,63.33,65.5,54.67,54.33,54.33
89,Telangana,Bhadradri,,,,,,,,,,,,,,,,,57.04,65.32,58.23,47.18,27.77,34.1,26.75
90,Telangana,Mahbubnagar,25.6,,,,,,,,,,,,,,,48,,64.5,,,,,
91,Telangana,Mahabubabad,,,,,,,,,,,,,,,,,,64.5,61.5,59.13,47,34,42.33
92,Telangana,Yadadri,,,,,,,,,,,,,,,,,46.25,64.5,61.67,59,46.67,34,42
93,Telangana,Warangal urban,,,,,,,,,,,,,,,,,,64.44,61.56,59.13,47,34.1,42.19
94,Telangana,Nirmal,,,,,,,,,,,,,,,,,46.27,64.44,61.56,59.1,46.69,34.09,42.18
95,Telangana,Karimnagar,,,24.44,,24.75,20.91,24.31,,,,,,,31.14,42.16,47.84,46.25,64.44,61.63,59.09,46.68,34.12,42.19
96,Telangana,Rangareddi,24.56,14.19,24.4,14,24.74,20.9,24.34,,25.47,30.25,32.62,37.16,,31.14,42.18,47.84,46.3,64.44,61.5,59,46.69,34.13,42.19
97,Telangana,Suryapet,,,,,,,,,,,,,,,,,,64.43,61.5,59.2,46.71,34.17,42.17
98,Telangana,Jogulamba,,,,,,,,,,,,,,,,,46.25,64.43,61.55,,,34,42.33
99,Telangana,Kamareddy,,,,,,,,,,,,,,,,,46.29,64.43,61.57,59.13,46.64,34.13,42.13
100,Telangana,Khammam,24.07,20.33,24.4,14,24.74,,24.34,,25.47,30.15,32.62,37.17,,31.14,43.35,59.83,57.03,64.42,61.56,59.11,46.67,34.1,42.18
101,Telangana,Jayashankar,,,,,,,,,,,,,,,,,46.27,64.42,61.56,59.11,46.67,34.1,42.19
102,Telangana,Jagitial,,,,,,,,,,,,,,,,,,64.42,61.58,59.11,46.68,34.09,42.17
103,Telangana,Adilabad,0.32,22.5,24.38,14,24.75,,24.34,,,30.15,32.67,,,,42.18,47.85,46.25,64.42,61.55,59.12,46.65,34.12,42.18
104,Telangana,Peddapalli,,,,,,,,,,,,,,,,,46.25,64.42,61.58,59.08,46.65,34.1,42.19
105,Telangana,Vikarabad,,,,,,,,,,,,,,,,,46.27,64.41,61.57,59.11,46.67,44.07,42.19
106,Telangana,Nizamabad,10.23,5.2,24.4,14,24.74,20.9,24.34,,25.46,30.15,32.62,37.17,,31.15,42.18,47.84,46.27,64.41,61.57,59.11,46.67,34.09,42.19
107,Telangana,Siddipet,,,,,,,,,,,,,,,,,36.83,64.4,61.6,59,,34.2,42.2
108,Telangana,Komaram bheem asifabad,,,,,,,,,,,,,,,,,46.25,64.38,61.55,59.11,46.67,34.08,42.17
109,Telangana,Medak,18.22,4.1,24.4,14,24.75,21,24.34,,25.47,30.15,32.62,37.17,,31.14,41.71,40.83,36.8,64.33,61.5,59,46.67,34.11,42.16
110,Telangana,Medchal,,,,,,,,,,,,,,,,,46.33,64.33,61.67,59.13,46.7,34.13,42.2
111,Maharashtra,Latur,,,,64.3,,,,,,,,,,,,,,,,,,,
112,Telangana,Nagarkurnool,,,,,,,,,,,,,,,,,,,61.67,59.13,46.67,34.11,42.17
113,Telangana,Narayanapet,,,,,,,,,,,,,,,,,,,61.63,59,46.67,34.11,42.22
114,Telangana,Mulugu,,,,,,,,,,,,,,,,,,,61.58,59.1,46.67,36.77,34.85
115,Telangana,Jangoan,,,,,,,,,,,,,,,,,,,61.5,,46.5,34.2,42.2
116,Madhya Pradesh,Harda,,,42.67,,,,20.6,49,,,46.5,,27.15,6.14,,60.17,60.18,60.18,60.2,60.5,,,
117,Maharashtra,Jalna,,,,59.87,,,,,,,,,,,,,,,,,,,
118,Madhya Pradesh,Hoshangabad,,27.55,25.84,26.88,,,24.8,59.4,47.67,59,42,,,,,40,40,40,39.62,39.62,,,
119,Karnataka,Haveri,18.38,,25.52,40.87,38.8,34.9,32.25,59.39,38.58,25.91,27.81,28.89,,,,,,,,,,,
120,Telangana,Wanaparthy,,,,,,,,,,,,,,,,,,,,59,46.5,34.2,42.2
121,Tamil Nadu,Cuddalore,24.77,,27.97,24.9,26.71,31.1,37.65,36.86,38.08,38.57,,23.57,,40.4,50.88,58.58,54.19,54.63,46.83,52.35,50.85,56.26,57.77
122,Madhya Pradesh,Sagar,,13.33,19.25,37.33,,,,33,26,,,21.25,22,57.5,,,,,,,,,
123,Tamil Nadu,Thenkasi,,,,,,,,,,,,,,,,,,,,,39.89,33.67,57.15
124,Tamil Nadu,Madurai,30.95,,35.95,35.37,42.48,49.1,53.58,47.74,50.15,43,,43.69,,41.53,40.71,50.29,57.13,40.3,39.17,51.06,52.95,46.56,36.66
125,Maharashtra,Yavatmal,,,,56.3,,,,,,,,,,,,,,,,,,,
126,Maharashtra,Wardha,,,,55.7,,,,,,,,,,,,,,,,,,,
127,Uttar Pradesh,Auraiya,,,,,,38,,,38,41.08,,,44.67,43.5,45.17,44.5,55.33,21.73,33.67,34.83,54.67,54.25,54.25
128,Uttar Pradesh,Siddharth nagar,,,,,36.33,38,38.78,,38,41.13,,,,,45.14,44.5,55.33,48.96,49.04,49.39,54.75,54.25,54.2
129,Uttar Pradesh,Bulandshahr,,,,,,,,,,,,,,43.5,45.17,44.33,55.33,47.18,47.91,49.55,54.67,54.33,54.5
130,Uttar Pradesh,Hardoi,,,,,,,,,,,,43.67,44.5,,,44.33,55.33,46.45,45.86,46.16,54.5,54.5,54
131,Uttar Pradesh,Muzaffarnagar,,,,,36.33,38,38.67,,38,41.11,,43.6,44.67,43.56,45.11,44.38,55.29,48.37,49.11,48.25,54.75,54.33,54.29
132,Uttar Pradesh,Budaun,,,,,36.5,,38.75,,,,,43.67,44.6,,45.17,44.5,55.25,42.18,42.29,42.66,54.75,54.25,54.25
133,Uttar Pradesh,Rae bareli,,,,,36,38,,,38,41.11,,43.7,44.67,,,44.41,55.23,44.26,44.27,44.42,54.73,54.23,54.25
134,Uttar Pradesh,Pilibhit,,,,,,,,,,41.17,,43.69,44.67,44,45.09,44.4,55.23,46.23,46.22,46.41,54.71,54.23,54.27
135,Uttar Pradesh,Lucknow,,,,,36.38,38.09,38.86,,38.09,41.13,,,44.67,43.55,45.11,44.39,55.22,45.91,45.91,46.09,54.73,54.22,54.28
136,Uttar Pradesh,Faizabad,,,,,36,38,39,,38,41.13,,,,43.54,45.13,44.39,55.22,44.2,44.18,44.38,54.71,54.21,54.31
137,Uttar Pradesh,Bahraich,,,,,36.38,38.11,38.81,,38.11,41.13,,43.69,44.65,43.54,45.11,44.39,55.22,44.98,44.99,45.16,54.73,54.22,54.28
138,Uttar Pradesh,Sitapur,,,,,36.4,38.14,38.8,,38.14,41.13,,43.69,44.66,43.54,45.11,44.39,55.22,46.56,46.54,46.69,54.73,54.22,54.28
139,Uttar Pradesh,Maharajganj,,,,,36.37,38.1,38.82,,38.1,41.12,,43.69,44.65,43.54,45.11,44.39,55.22,44.54,44.54,44.71,54.73,54.22,54.28
140,Uttar Pradesh,Kheri,,,,,36.39,38.1,38.82,,38.1,41.11,,43.69,44.65,43.54,45.12,44.39,55.22,46.13,46.13,46.3,54.73,54.23,54.28
141,Uttar Pradesh,Gonda,,,,,,,,,,41.13,,43.7,44.67,43.54,45.1,44.38,55.22,47.63,47.03,47.33,54.73,54.22,54.28
142,Uttar Pradesh,Gorakhpur,,,,,36.37,38.1,38.82,,38.1,41.12,,43.69,44.65,43.54,45.11,44.39,55.22,45.14,45.14,45.32,54.73,54.22,54.28
143,Uttar Pradesh,Kushi nagar,,,,,36.37,38.11,38.81,,38.11,41.12,,43.69,44.65,43.54,45.11,44.39,55.22,45.27,45.27,45.45,54.73,54.22,54.28
144,Uttar Pradesh,Fatehpur,,,,,36.37,38.11,38.82,,38.11,41.12,,,44.65,43.54,45.11,44.39,55.22,47.24,47.25,47.43,54.73,54.22,54.28
145,Uttar Pradesh,Barabanki,,,,,36.33,,38.75,,,,,43.7,44.66,43.54,45.11,44.39,55.22,44.6,44.59,44.74,54.73,54.23,54.28
146,Uttar Pradesh,Kaushambi,,,,,36.37,38.11,38.82,,38.11,41.12,,43.69,44.65,43.55,45.11,44.39,55.22,47.48,47.48,47.66,54.73,54.22,54.28
147,Uttar Pradesh,Sant kabeer nagar,,,,,36.39,38.1,38.83,,38.1,41.11,,43.69,44.66,43.55,45.1,44.39,55.21,47.17,47.15,47.35,54.72,54.23,54.28
148,Uttar Pradesh,Allahabad,,,,,36.43,38.11,38.8,,38.11,41.14,,43.5,,43.5,45.2,44.5,55.2,47.77,47.72,47.81,54.67,54.2,54.4
149,Uttar Pradesh,Unnao,,,,,36,,39,,,,,,,43.53,45,44.5,55.2,45.99,46,46.19,54.67,54.17,54.33
150,Uttar Pradesh,Mainpuri,,,,,,38,,,38,,,,44.64,43.54,45.11,44.38,55.19,46.66,46.68,46.87,54.69,54.24,54.29
151,Uttar Pradesh,Farrukhabad,,,,,36.37,,38.81,,,41.14,,,44.63,43.55,45.09,44.39,55.19,46.91,46.91,47.1,54.71,54.21,54.29
152,Uttar Pradesh,Ambedkar nagar,,,,,,,,,,41,,,,,45.12,44.42,55.17,43.47,43.33,43.63,54.78,54.25,54.25
153,Uttar Pradesh,Etah,,,,,36.44,38.1,38.75,,38.1,41.11,,43.5,44.5,43.43,45.14,44.4,55.17,51.36,52.13,53.93,54.75,54.25,54.25
154,Uttar Pradesh,Shravasti,,,,,36.33,38.25,38.8,,38.25,41.13,,43.7,,43.5,45.14,44.43,55.17,47.87,47.94,48.05,54.71,54.27,54.27
155,Uttar Pradesh,Sultanpur,,,,,36.4,38.1,38.78,,38.1,41.14,,43.7,,,45.09,44.38,55.17,44.35,44.34,44.5,54.75,54.22,54.25
156,Tamil Nadu,Tiruchirappalli,35.65,,42.59,46.07,49.04,45.58,49.79,42.93,36.49,43.55,,55.15,,52.61,46.66,39.19,45.42,47.6,36.24,49.74,36.65,48.8,43.85
157,Uttar Pradesh,Sambhal,,,,,,,,,,,,,,,45,,55,,,,55,54,54
158,Uttar Pradesh,Aligarh,,,,,,38.5,,,38.5,41,,,45,44,45,45,55,49.86,50.59,50.57,55,54,54
159,Uttar Pradesh,Moradabad,,,,,36.5,38.14,39,,38.14,41,,43.5,44.67,,,44.5,55,46.63,46.59,46.69,55,54,54
160,Uttar Pradesh,Kanpur dehat,,,,,36,38,,,38,41,,,44.67,,,44,55,48.07,48.16,48.53,55,54,54
161,Uttar Pradesh,Balrampur,,,,,,,39,,,,,,,,,44.33,55,44.92,44.93,45.12,55,,
162,Uttar Pradesh,Basti,,,,,36.38,38.14,38.88,,38.14,41.14,,43.67,,,,44.33,55,47.26,47.39,47.53,54.67,54.17,54.2
163,Uttar Pradesh,Ballia,,,,,,,,,,41.25,,43.67,44.67,43.6,45.14,44.41,,45.51,45.51,45.69,54.78,54.23,54.25
164,Madhya Pradesh,Seoni,,,,,,,,,,,46,53,,,,53,54.3,54,54.5,54.4,,,
165,Uttar Pradesh,Ghazipur,,,,,,,,,,,,,,,,,,45.43,46,47.58,,,54.3
166,Uttar Pradesh,Amethi,,,,,,,,,,,,43,,,,,,,,,,54,
167,Uttar Pradesh,Bareilly,,,,,,,,,,,,44,,,,,,40.48,41.08,40.85,,54,
168,Tamil Nadu,Thiruvallur,20.72,,36.95,35.38,42.48,49.1,53.58,47.74,44.45,43,,43.69,,41.53,40.71,38.32,33.31,38.79,39.86,43.16,39.91,38.6,39.35
169,Tamil Nadu,Villupuram,29.42,,18.65,22.83,42.48,49.1,53.58,47.74,44.45,43,,43.69,,41.53,40.7,38.32,33.28,38.79,39.81,43.13,44.48,41.41,19.82
170,Tamil Nadu,Namakkal,21.8,,36.95,35.37,42.48,49.1,53.58,47.74,44.45,43,,43.69,,30.44,32.15,33.64,36.85,37.21,36.91,38.85,38.82,44.56,39.17
171,Tamil Nadu,The nilgiris,30.83,,14.35,35.38,42.48,49.1,53.58,47.74,44.45,43,,43.69,,41.53,40.71,38.32,33.3,38.79,39.83,43.13,39.94,38.62,39.29
172,Tamil Nadu,Krishnagiri,,,,35.38,42.48,49.1,53.58,47.74,44.45,43,,43.69,,41.53,40.71,38.32,33.29,38.79,39.78,43.18,39.88,38.6,39.35
173,Tamil Nadu,Nagapattinam,25.42,,36.95,35.37,42.48,49.1,53.58,47.74,44.45,43,,43.69,,41.53,40.7,38.32,33.3,38.79,39.84,43.13,39.91,38.65,39.35
174,Tamil Nadu,Salem,21.8,,36.95,35.37,42.48,49.1,53.58,47.74,44.45,43,,43.79,,41.53,40.7,27.5,24.33,27.14,48.42,31.08,30.62,36.97,33.98
175,Tamil Nadu,Virudhunagar,34.34,,36.95,35.38,42.48,49.1,53.58,47.74,44.45,43,,43.69,,41.53,40.7,38.32,33.3,38.79,39.81,43.12,40.53,38.6,38.39
176,Tamil Nadu,Kanchipuram,20.73,,36.95,35.37,42.48,49.11,53.58,47.74,44.45,43,,43.69,,41.53,40.7,38.32,33.24,38.79,39.77,43.18,39.74,38.15,39.35
177,Tamil Nadu,Dharmapuri,39.23,,36.95,35.37,42.48,49.11,53.58,47.74,44.7,43,,43.69,,41.53,40.7,38.32,33.3,38.79,39.87,43.09,39.91,38.62,39.35
178,Tamil Nadu,Sivaganga,35,,36.95,35.37,42.48,49.1,53.58,47.74,44.45,43,,43.69,,41.53,40.7,38.32,33.29,38.79,39.8,43.15,44.59,38.6,28.06
179,Tamil Nadu,Thiruvarur,25.58,,36.95,35.38,42.48,49.1,53.58,47.74,44.45,43,,43.69,,41.53,40.7,38.32,33.31,38.79,39.84,43.13,39.9,38.61,39.35
180,Tamil Nadu,Ramanathapuram,35.7,,36.95,35.37,42.47,49.1,53.58,47.74,44.45,43,,43.7,,41.54,40.7,38.32,33.33,38.79,39.82,43.09,39.93,38.69,39.36
181,Maharashtra,Nanded,,,,53.3,,,,,,,,,,,,,,,,,,,
182,Gujarat,Gandhinagar,,53.19,,,,,,,,,,,,,,,,,,,,,
183,Maharashtra,Parbhani,,,,53.15,,,,,,,,,,,,,,,,,,,
184,Maharashtra,Hingoli,,,,53.05,,,,,,,,,,,,,,,,,,,
185,Maharashtra,Akola,,,,52.5,,,,,,,,,,,,,,,,,,,
186,Tamil Nadu,Ranipet,,,,,,,,,,,,,,,,,,,,,39.9,38.6,51.41
187,Chhattisgarh,Mahasamund,,,45,45,,,,43.75,37,,44,51.14,,51.07,43.79,19.19,43.83,43.82,,18.19,26.45,30.3,47.76
188,Chhattisgarh,Baloda bazar,,,,,,,,,,,,40.14,11.5,51.09,43.78,29.2,12.75,,,,26.64,23.08,19.77
189,Uttar Pradesh,Mathura,,,,,,38,39,,38,41,,,,,,,,48.57,49.27,50.91,,,
190,Maharashtra,Sangli,,,,50.6,,,,,,,,,,,,,,,,,,,
191,Uttar Pradesh,Hathras,,,,,,,,,,,,44,45,,,,,49.85,50.59,50.43,,,
192,Uttar Pradesh,Firozabad,,,,,,,,,,,,,,,,,,48,48.8,50.5,,,
193,Uttar Pradesh,Pratapgarh,,,,,,38,,,38,41,,,45,,,,,49.33,50.11,49.96,,,
194,Madhya Pradesh,Panna,,32.27,,25.5,,,,,24,,,,,,,1.72,2,50,50,50,,,
195,Madhya Pradesh,Ujjain,,,,,,,,,,,50,,47,,,,,,,,,,
196,Tamil Nadu,Coimbatore,32.7,,32.7,29.28,46.82,49.1,39.85,36.47,49.74,40.77,,39.37,,43.78,38.5,42.49,20.8,30.14,35.54,44.14,40.65,38.54,44.49
197,Uttar Pradesh,Ghaziabad,,,,,,,,,,41.13,,,,,,,,48.29,49,48.93,,,
198,Tamil Nadu,Tiruppur,,,,,,,,,,39.58,,36.77,,47.88,40.7,30.57,19.81,18.34,32.81,39.54,48.78,38.39,40.84
199,Bihar,Katihar,46.96,48.59,26.45,19.68,6.83,13.54,,9.72,,,,,,,,,,,,,,,
200,Uttar Pradesh,Jaunpur,,,,,36.33,38,38.78,,38,41,,44,44.75,,,44,,48.51,48.03,48.44,,,
201,Uttar Pradesh,Baghpat,,,,,,,,,,,,,45,,,45,,47.59,48.33,48.18,,,
202,Uttar Pradesh,Banda,,,,,,,,,,,,,,,,,,47.6,48.32,48.04,,,
203,Maharashtra,Buldhana,,,,48.28,,,,,,,,,,,,,,,,,,,
204,Uttar Pradesh,Hamirpur,,,,,,,,,,,,,,,,,,46,46.75,48.25,,,
205,Karnataka,Belgaum,20.56,,14.5,21.6,23.13,35.95,44.98,48.21,39.25,42.52,43.85,47.79,,,,,,,,,,,
206,Tamil Nadu,Tirunelveli,31,,46.41,33.35,48.01,35.82,46.24,38.44,31.42,24.94,,23.94,,29.44,21.46,31.26,23.23,20.26,25.68,30.71,28.8,23.03,22.25
207,Uttar Pradesh,Meerut,,,,,,,,,,,,,,,,,,47.49,47.56,47.9,,,
208,Uttar Pradesh,Amroha,,,,,,,,,,,,,,,,,,45.67,46.29,47.86,,,
209,Telangana,Nalgonda,25.62,,24.33,,25,21,24,,,30,,37.2,,31.18,42.18,47.85,46.25,,,,,34.09,42.18
210,Uttar Pradesh,Kasganj,,,,,,,,,,,,,,,,,,46.89,46.93,47.22,,,
211,Tamil Nadu,Kanniyakumari,22.8,,25.36,23.91,32.63,47.18,45.75,31.31,44.45,32.27,,27.25,,30.29,24.58,18.08,21.04,4.82,35.43,23.83,25.19,29.83,27.44
212,Maharashtra,Kolhapur,,,,47.06,,,,,,,,,,,,,,,,,,,
213,Madhya Pradesh,Ratlam,,42.5,38.71,,,,46.83,45,36,45,,,,,,,,,,,,,
214,Uttar Pradesh,Agra,,,,,,,,,,,,,,,,,,44.5,45.25,46.75,,,
215,Uttar Pradesh,Azamgarh,,,,,36.38,38,,,38,41,,,,,,,,44.5,45.09,46.64,,,
216,Chhattisgarh,Sukma,,,,,,,,,,,,33.3,28.35,46.61,33.29,18.16,18.26,16.07,33.31,9.91,8.04,32.96,15.78
217,Uttar Pradesh,Chitrakoot,,,,,,,,,,,,,,,,,,44.25,45,46.6,,,
218,Uttar Pradesh,Rampur,,,,,36,,,,,,,,,,,,,44.4,45,46.5,,,
219,Madhya Pradesh,Damoh,,,,,,,,32,,46.33,18,26,32,,,,20,35,35,35,,,
220,Uttar Pradesh,Mau,,,,,,38,,,38,41,,,,,,,,44,44.69,46.23,,,
221,Uttar Pradesh,Shamli,,,,,,,,,,,,,,,,,,45.87,45.85,46,,,
222,Madhya Pradesh,Mandla,,,,,,,,,,,,,,,,44.56,43.39,43.45,43.71,45.94,,,
223,Uttar Pradesh,Mirzapur,,,,,36,38,,,38,41,,,,44,,44,,45.85,44.81,44.68,,,
224,Chhattisgarh,Kabirdham,36.5,43.2,45.5,,,30,,,,,,30.5,,42.69,45.72,22.31,,29.28,19.51,26.39,22.82,12.25,21.61
225,Uttar Pradesh,Sonbhadra,,,,,,,,,,,,,,,,,,43.5,44,45.5,,,
226,Uttar Pradesh,Varanasi,,,,,,,,,,,,,,,,,,44.17,44.83,34.88,,,
227,Karnataka,Bengaluru urban,18.38,,22.12,19.49,43.78,11.7,5.28,37.05,44.34,32.17,33.52,24.99,,,,,,,,,,,
228,Madhya Pradesh,Narsinghpur,,,,,,,,,,,,,,,,25,25,25,40.04,43.87,,,
229,Chhattisgarh,Gariyaband,,,,,,,,,,,,40.15,12.88,43.75,43.75,29.25,,,,,,11.76,41.47
230,Bihar,Saharsa,43.74,28.05,30.75,27.95,37.09,34.73,,35.91,,,,,,,,,,,,,,,
231,Tamil Nadu,Ariyalur,,,,,,,,,,42.99,,43.69,,41.53,40.71,38.32,33.23,38.79,39.91,43.2,39.78,38.43,39.35
232,Karnataka,Bellary,19,,24.73,19.09,27.38,43.36,11.08,18.35,32.4,36.92,38.57,40.75,,,,,,,,,,,
233,Uttar Pradesh,Kannauj,,,,,,,,,,41.5,,,,,,,,43.29,30.38,31.38,,,
234,Tamil Nadu,Chennai,,,,,,,,,,,,,,,,,,,,43.19,40.32,38.31,39.38
235,Uttar Pradesh,Etawah,,,,,,,,,,,,,,,,,,43,31.73,32.82,,,
236,Maharashtra,Chhatrapati Sambhajinagar,,,,42.95,,,,,,,,,,,,,,,,,,,
237,Maharashtra,Satara,,,,42.93,,,,,,,,,,,,,,,,,,,
238,Bihar,Madhepura,42.37,13.23,6.45,15.74,37.12,34.74,,35.93,,,,,,,,,,,,,,,
239,Uttar Pradesh,Deoria,,,,,,,,,,41.2,,,,,,,,42.24,41.62,41.8,,,
240,Bihar,Supaul,42.22,33.87,39.66,35.86,37.12,34.74,,35.93,,,,,,,,,,,,,,,
241,Chhattisgarh,Surguja,30,32.29,31.36,31.33,28.1,29.48,35.14,30.42,23.36,42.2,28.08,28.08,8.92,28.53,23.4,12.43,25.71,,23.5,11.09,16.54,16.64,13.64
242,Telangana,Rajanna,,,,,,,,,,,,,,,,,,,,,,34,42
243,Madhya Pradesh,Jabalpur,,,,,,,,,,,,,,,,41.41,41.41,41.42,36,41.42,,,
244,Tamil Nadu,Tirupathur,,,,,,,,,,,,,,,,,,,,,41.35,21.88,20.73
245,Uttar Pradesh,Jalaun,,,,,,,,,,41,,,,,,,,,,,,,
246,Karnataka,Bidar,18.38,,11.43,18.52,40.84,11.87,19.96,17.68,38.41,22.18,23.49,24.99,,,,,,,,,,,
247,Chhattisgarh,Bemetara,,,,,,,,,,,,30.51,0.91,32.5,35.76,40.66,28.08,22.8,21.39,23.55,23.03,4.29,14.59
248,Puducherry,Karaikal,28,30,25,25.54,40,20,19.73,20,26.53,26.13,16.07,7.47,17.75,7.53,18.62,10.38,16.08,12,24.6,20.3,,,20.44
249,Madhya Pradesh,Jhabua,,40,,,,,,,,,,,,,,,,,,,,,
250,Tamil Nadu,Chengalpattu,,,,,,,,,,,,,,,,,,,,,39.97,38.56,39.35
251,Chhattisgarh,Kondagaon,,,,,,,,,,,,36.63,17.96,39.96,39.96,12.47,22.54,19.97,22.38,21.12,16.84,20,21.12
252,Tamil Nadu,Kallakurichi,,,,,,,,,,,,,,,,,,,,,39.93,38.61,39.35
253,Tamil Nadu,Mayiladuthurai,,,,,,,,,,,,,,,,,,,,,39.87,38.63,39.35
254,Chhattisgarh,Janjgir-champa,36,34,34,34,34,34.1,37,34.1,,,39.77,34,12.66,34.06,35.2,34,37,,,,,,
255,Maharashtra,Solapur,,,,39.55,,,,,,,,,,,,,,,,,,,
256,Madhya Pradesh,Sehore,,39.33,,,,,,,,,,,,,,,,,,,,,
257,Chhattisgarh,Manendragarh chirimiri bharatpur,,,,,,,,,,,,,,,,,,,,,,,38.8
258,Karnataka,Dharwad,18.38,,17.12,12.98,12.55,11.87,19.97,17.68,38.23,22.18,23.49,24.99,,,,,,,,,,,
259,Karnataka,Ramanagara,,,,,,,,24.99,37.39,29.88,30.11,32.86,,,,,,,,,,,
260,Chhattisgarh,Korba,35.8,34,29,34,34,31,,,28,,,34,,34,35.33,34,34,34,37,,,,
261,Chhattisgarh,Mungeli,,,,,,,,,,,,34.08,27.58,34.08,36.93,15.65,7.4,,,29.29,17,8.1,
262,Karnataka,Bagalkot,16.8,,15.27,17.1,36.82,29.49,19.97,16.23,23.07,10.82,11.17,13.01,,,,,,,,,,,
263,Karnataka,Chamarajanagar,21.73,,20.5,12.16,14.46,14.98,11.49,17.69,23.58,33.49,35.98,36.36,,,,,,,,,,,
264,Karnataka,Chitradurga,11.29,,15.54,36.32,9.48,14.49,10.6,11.68,7.78,8.31,12.06,13.17,,,,,,,,,,,
265,Chhattisgarh,Raigarh,29.56,28.53,28.5,28.5,28,33.27,31.67,31.14,29.54,36.03,31.67,31.69,5.96,32.74,32.72,10.41,20.99,25.61,17.29,28,14.88,7,15.81
266,Gujarat,Sabar kantha,,,,,,,,,,,,36,36,,,,,,,,,,
267,Madhya Pradesh,Tikamgarh,,6.33,36,29,,,31.33,30.33,27,,17,,14,,,,,,,,,,
268,Madhya Pradesh,Rewa,,29,28,13.5,,,30,,,28,19,9.5,12,,,32.21,35.3,35.3,35.3,35.3,,,
269,Madhya Pradesh,Umaria,,22,,,,,,,,,,,,,,5.75,35,35,35,35,,,
270,Karnataka,Bijapur,19.38,,18.73,16.47,20.22,11.27,27.52,22.52,24.37,33.58,33.58,34.8,,,,,,,,,,,
271,Madhya Pradesh,Dindori,,,,,,,,,,,,,,,,,,,,33,,,
272,Madhya Pradesh,Dewas,,,,,,,30.5,,,,,,,,,30,32.53,32.5,32.5,32.6,,,
273,Karnataka,Kolar,18.38,,13.41,30.84,6.81,16.76,30.48,10.25,32.6,14.34,12.79,13.65,,,,,,,,,,,
274,Chhattisgarh,Korea,30,32.33,,31,,,,,,,,,,,,,,,,,,11,
275,Madhya Pradesh,Singrauli,,,,,,,,,17.75,30.5,17.67,11.75,7.25,29,,30,30.15,30.5,31,32,,,
276,Bihar,Kishanganj,31.97,28.43,19.19,8.16,8.16,17.81,,12.3,,,,,,,,,,,,,,,
277,Karnataka,Mandya,19.3,,16.16,12.72,12.18,20.14,20.1,31.87,14.95,24.93,28.86,29.43,,,,,,,,,,,
278,Chhattisgarh,Balod,,,,,,,,,,,,30.5,17.22,23.8,28.6,13.05,25.46,6.89,,11.09,9.57,17.13,10.93
279,Madhya Pradesh,Anuppur,,,,17.5,,,,20,,22.5,,,,,,,,,,30,,,
280,Karnataka,Mysore,21.59,,20.29,13.4,21.96,19.11,21.99,23.53,16.27,29.42,26.06,27.57,,,,,,,,,,,
281,Bihar,Araria,4.05,28.43,8.68,9.56,8.19,14.29,,11.71,,,,,,,,,,,,,,,
282,Chhattisgarh,Balrampur,,,,,,,,,,,,28.07,13.55,25.79,25.79,22.92,12.9,1.92,,,19.5,13,
283,Karnataka,Davangere,18.38,,15.77,24.91,11.44,15.68,27.85,14.16,12.07,14.3,17.79,19.66,,,,,,,,,,,
284,Karnataka,Gulbarga,19.88,,23.83,10.61,19.49,23.81,22.65,20.01,17.22,23.72,25.85,27.13,,,,,,,,,,,
285,Assam,Lakhimpur,13,13,13,13,,13,13,13,13.8,13.27,13.35,14.44,16.45,16.44,16.44,16.45,16.65,17.79,18.41,18.73,26.99,25.91,25.96
286,Chhattisgarh,Surajpur,,,,,,,,,,,,,,,,,,,,19.5,2.79,26.46,15.25
287,Andaman and Nicobar Islands,Nicobars,3.64,,6,6.63,6.08,26.45,4.93,,,,5.78,6,8.44,7.65,9.21,3.71,2.2,0.06,0.1,0.65,1.84,2.8,2.33
288,Bihar,Purnia,2.82,2.08,7.78,10.54,10.62,26.11,,18.37,,,,,,,,,,,,,,,
289,Bihar,Samastipur,9.59,8.15,19.74,10.01,25.93,9.59,,23.45,,,,,,,,,,,,,,,
290,Andaman and Nicobar Islands,South andamans,,,7.14,7.55,9.09,6.19,8.59,,,,15.33,15.14,15.13,11.44,11.31,14.22,14.9,19.6,21.45,21.89,20.14,25.87,24.81
291,Maharashtra,Sindhudurg,,,,25.2,,,,,,,,,,,,,,,,,,,
292,Dadra and Nagar Haveli,Dadra and Nagar Haveli,14.67,20,20,3.2,3.2,3.33,25,,,,,,,,,,,,,,,,
293,Madhya Pradesh,Satna,,11,25,,,,,,,,,,,,,,,,,,,,
294,Karnataka,Gadag,18.38,,17.12,12.99,12.55,11.88,19.97,17.69,17.37,22.18,23.49,24.99,,,,,,,,,,,
295,Karnataka,Raichur,18.39,,17.11,13,12.55,11.88,20,17.69,17.37,22.18,23.48,24.99,,,,,,,,,,,
296,Assam,Golaghat,13.86,13.86,13.86,13.86,,13.85,13.85,13.86,13.85,13.86,13.86,13.22,18.86,23.04,23.04,19.52,19.7,19.76,20.1,20.15,22.15,22.72,24.76
297,Maharashtra,Bhandara,,,,24.2,,,,,,,,,,,,,,,,,,,
298,Puducherry,Yanam,24,15,13,,,,,,,,,,,,,,,,,,,,
299,Bihar,Darbhanga,9.59,8.15,18.55,9.82,23.72,9.59,,21.43,,,,,,,,,,,,,,,
300,Chhattisgarh,Gaurella-pendra-marwahi,,,,,,,,,,,,,,,,,,,,,23.5,,
301,Maharashtra,Thane,,,,23.34,,,,,,,,,,,,,,,,,,,
302,Maharashtra,Ratnagiri,,,,23.3,,,,,,,,,,,,,,,,,,,
303,Karnataka,Chikballapur,,,,,,,,12.69,18.26,18.16,20.96,23.27,,,,,,,,,,,
304,Assam,Sonitpur,12.8,13.29,13.23,13.72,,13.46,13.92,13.82,12.53,13.38,12.77,17.4,17.98,17.98,17.98,21.97,22.1,20.38,20.64,22.87,18.64,19.03,19.04
305,Rajasthan,Pratapgarh,,,,,,,,,,,,,,,,,22.5,,,,,,
306,Bihar,Gopalganj,21,22.45,19.67,16.54,12.85,15.32,,13.09,,,,,,,,,,,,,,,
307,Bihar,Gaya,21,22.45,19.67,16.5,,,,,,,,,,,,,,,,,,,
308,Bihar,Saran,21,22.45,19.66,16.54,12.82,15.33,,13.07,,,,,,,,,,,,,,,
309,Karnataka,Dakshin kannad,22.3,,20.58,8.63,12.44,1.91,3.38,1.01,1.22,2.52,2.6,2.92,,,,,,,,,,,
310,Assam,Goalpara,15.6,15.52,15.53,15.55,,15.54,15.54,15.54,14,15.03,14.88,19.41,16.11,19.49,19.49,21.67,21.79,21.79,22.06,14.92,16.32,18.46,18.56
311,Assam,Nagaon,14.93,14.93,14.94,14.93,,14.83,14.83,14.85,13.75,14.48,14.37,13.26,17.87,17.87,17.87,17.88,18.05,15.65,16.01,16.06,22.05,21.93,21.97
312,Assam,Hojai,,,,,,,,,,,,,,,,,,,,,22.05,21.5,12.63
313,Puducherry,Mahe,20,22,18,16,12.53,12,12.18,12.5,13.39,12.91,12.5,12.7,,,,9.68,11,10,11,10,,,11
314,Assam,Sivasagar,13.62,14.03,13.62,13.59,,13.27,13.25,13.38,14.08,13.55,13.79,15.38,16.38,16.38,16.38,16.39,16.78,15.94,17.02,17.16,21.49,21.31,21.6
315,Assam,Charaideo,,,,,,,,,,,,,,,,,,,,,21.49,21.25,21.5
316,Karnataka,Hassan,17.42,,16.84,5.7,5.37,17.29,21.04,15.74,12.4,13.58,15.58,17.32,,,,,,,,,,,
317,Assam,Kamrup,12.92,12.92,12.92,12.92,,12.91,12.92,12.92,13.45,13.08,13.16,14.43,14.54,14.54,14.54,14.54,14.75,14.76,15.45,21.04,13.84,14.45,14.47
318,Karnataka,Udupi,18.61,,16.5,2.5,0.9,0.58,1.11,4.95,8.39,18.26,19.46,21.02,,,,,,,,,,,
319,Bihar,Siwan,21,14.9,19.66,16.55,12.82,15.34,,13.08,,,,,,,,,,,,,,,
320,Bihar,Kaimur (bhabua),21,,,,,,,,,,,,,,,,,,,,,,
321,Assam,Marigaon,12,12,12.1,12.1,,12.1,12.1,12.1,13.3,12.5,12.64,15.32,16.32,19.83,19.83,19.83,20.12,20.13,20.7,19.58,19.38,19.58,19.58
322,Assam,Tinsukia,13.72,13.71,13.72,13.69,,13.72,13.71,13.7,13.7,13.71,13.72,13.74,14.47,14.47,14.47,14.48,14.75,14.76,15.54,20.5,20.26,20.32,20.42
323,Karnataka,Tumkur,18.19,,12.63,13.34,6.79,8.78,7.93,11.61,8.42,19.19,19.88,20.48,,,,,,,,,,,
324,Assam,Barpeta,15.05,15.05,15.05,15.05,,15.05,15.05,15.05,14.95,15.02,15.01,15.42,15.64,15.64,15.64,15.64,15.89,15.9,16.66,17.49,17.32,18.17,20.48
325,Assam,West karbi anglong,,,,,,,,,,,,,,,,,,,,,19.75,20.15,20.35
326,Assam,Dima hasao,14.5,14.5,14.5,14.5,,14.5,14.5,14.5,14.5,14.5,14.5,15,16.21,16.21,16.21,18.46,18.76,18.77,19.34,20.34,20.12,20.06,20.26
327,Assam,Karbi anglong,13.42,13.43,13.91,13.98,,13.92,14.2,14,14.04,14.11,14.09,15.72,16.31,16.31,16.31,18.54,18.83,17.5,18.2,20.03,19.75,19.92,19.97
328,Assam,Majuli,,,,,,,,,,,,,,,,,,,,,19.26,19.94,19.98
329,Assam,Hailakandi,12.41,12.41,12.41,12.42,,12.41,12.41,12.41,12.6,12.47,12.5,19.85,11.42,11.42,11.42,11.44,11.87,11.87,13.22,13.4,13.2,14.47,14.48
330,Assam,Dhemaji,14.97,15.17,15.11,15.24,,15.36,15.67,15.59,14.04,15.39,15.11,8.16,16.47,16.47,16.47,16.47,10.52,12.74,14.17,18.7,19.36,19.63,19.72
331,Assam,Chirang,,,,,,12.11,12.09,12.11,13.15,12.45,12.58,13.5,16.46,16.46,16.46,16.47,17.15,17.16,19.57,19.61,19.5,14.34,14.36
332,Assam,Jorhat,13.46,13.46,13.46,13.46,,13.46,13.46,13.46,14.29,13.73,13.81,14.5,15.49,15.49,15.49,15.58,15.85,15.88,16.53,16.62,19.26,19.45,19.45
333,Karnataka,Shimoga,15.25,,13.07,3.72,6.07,5.92,6.3,12.37,10.85,17.79,18.12,19.43,,,,,,,,,,,
334,Assam,Dibrugarh,13.14,13.15,13.14,13.15,,13.15,13.15,13.14,15.99,14.09,14.4,16.24,17.33,17.33,17.33,16.47,17.26,17.27,18.92,19.11,18.67,19.21,19.31
335,Assam,Kamrup metro,,,,,,12.91,12.92,12.92,13.92,13.26,13.37,14.36,15.63,15.63,15.63,15.64,16.48,16.49,15.5,18.73,18.25,19.27,19.28
336,Assam,Udalguri,,,,,,12.9,12.9,12.9,13.99,13.26,13.41,14.54,15.35,15.35,15.35,15.36,16.23,16.23,17.62,17.8,18.71,19.17,19.18
337,Assam,Kokrajhar,16.44,16.49,16.41,16.14,,17.07,16.17,15.87,14.81,15.45,14.96,16.98,17.98,17.98,17.98,17.79,18.18,18.19,19.13,18.13,17.88,18.38,18.39
338,Manipur,Tamenglong,12.84,12.85,8.78,7.85,12.86,12.86,12.86,12.86,12.89,7.42,13,12.9,13.4,13.5,13.6,13.46,13.46,13.43,15.91,19.1,,,
339,Assam,South salmara mancachar,,,,,,,,,,,,,,,,,,,,,17.13,19.07,19.09
340,Assam,Darrang,12.97,12.97,12.97,12.97,,13,13,13,14.2,13.4,13.51,14.52,14.63,14.63,14.63,14.63,15,19.07,19.07,14.22,18.02,18.54,18.55
341,Madhya Pradesh,Betul,,13,18.5,19,,,,,,,,,,,,12,12,12,12,11.43,,,
342,Assam,Biswanath,,,,,,,,,,,,,,,,,,,,,18.64,18.92,18.93
343,Karnataka,Chikmagalur,18.67,,11.31,4.51,2.77,4.85,4.85,1.64,4.42,7.3,8.1,8.15,,,,,,,,,,,
344,Meghalaya,Ri bhoi,17.45,,17.46,16.92,16.48,16.36,16.36,,16.4,16.94,16.89,16.94,17.24,17.5,17.64,17.77,18.56,18.56,18.56,18.56,18.57,18.57,18.57
345,Assam,Cachar,12.21,12.21,12.21,12,,12.14,12.14,12.14,13.5,12.59,12.73,17.65,17.79,17.79,17.79,17.8,17.98,17.99,18.44,17.05,16.95,17.31,18.02
346,Assam,Baksa,,,,,,14.64,14.64,14.64,14.64,14.64,14.64,15.54,16.54,16.54,16.54,16.55,17.02,17.03,18.04,18.17,17.91,18.38,18.39
347,Karnataka,Kodagu,18.38,,13.36,3.11,17.86,13.21,4.76,5.72,6.47,3.11,5.13,7.09,,,,,,,,,,,
348,Karnataka,Uttar kannad,18.37,,15.24,1,3.75,1.2,2.13,2.75,4.83,10.21,11.25,12.2,,,,,,,,,,,
349,Meghalaya,East garo hills,12.55,,13.58,13.2,10.23,11.66,11.66,,11.69,13.58,14.32,14.34,14.58,17.59,17.63,17.79,18.29,18.29,18.29,18.29,18.3,18.3,18.3
350,Assam,Dhubri,15.33,15.28,15.29,15.3,,15.32,15.29,15.29,14.32,14.99,14.88,14.54,15.45,15.45,15.45,15.46,15.99,15.99,17.25,17.41,17.13,18.03,18.05
351,Assam,Bongaigaon,12.17,12.16,12.16,12.16,,12.11,12.09,12.11,13,12.45,12.57,13.46,14.46,14.46,14.46,14.47,15.17,15.18,16.89,17.13,16.73,17.79,17.81
352,Assam,Nalbari,14.64,14.64,14.64,14.64,,14.64,14.64,14.64,13.85,14.38,14.29,14.98,15.98,15.98,15.97,15.88,16.29,16.3,17.37,17.4,17.16,17.77,17.78
353,Maharashtra,Raigad,,,,17.3,,,,,,,,,,,,,,,,,,,
354,Bihar,Purbi champaran,3.19,14.08,12.06,12.3,2.6,14.86,,16.9,,,,,,,,,,,,,,,
355,Bihar,Arwal,,,,16.57,,,,,,,,,,,,,,,,,,,
356,Assam,Karimganj,12.68,12.68,12.68,12.68,,12.68,12.68,12.68,12.8,12.72,12.74,12.96,13.63,13.63,13.64,13.73,14.2,14.21,15.52,15.69,15.46,16.38,16.48
357,Bihar,Vaishali,4.22,13.75,16.2,14.4,10.22,7.32,,7.52,,,,,,,,,,,,,,,
358,Rajasthan,Chittorgarh,,,,,,,,,,,,,,,,,15.78,15.44,,,,,
359,Goa,North goa,,,,,,,,,,,,,,11.36,11.31,11.32,11.33,11.13,11.15,15.68,12.3,12.14,12.08
360,Chhattisgarh,Khairgarh chhuikhadan gandai,,,,,,,,,,,,,,,,,,,,,,,14.63
361,Bihar,Pashchim champaran,4.21,14.08,14.51,12.3,9.1,8.12,,8.44,,,,,,,,,,,,,,,
362,Bihar,Sitamarhi,4.21,14.08,14.51,12.3,9.05,8.12,,8.44,,,,,,,,,,,,,,,
363,Bihar,Sheohar,4.21,14.08,14.51,12.3,9.05,8.12,,8.43,,,,,,,,,,,,,,,
364,Manipur,Thoubal,,,8.32,7.85,13,,,13,12.89,9.33,12.95,12.99,13.4,13.5,13.8,14.29,14.29,14.25,14.25,14.25,,,
365,Manipur,Imphal west,12.67,13,7,7.85,12.75,12.88,12.88,13,12.89,8.56,12.9,12.99,13.4,13.5,13.6,13.5,13.5,13.49,14.23,14.2,,,
366,Manipur,Chandel,12.87,12.86,7.34,7.85,12.86,12.87,12.87,12.82,12.89,13,12.93,13.7,13.4,13.5,13.7,13,12.83,13,13,10.85,,,
367,Manipur,Ukhrul,12.84,12.86,7.86,7.85,12.87,12.86,12.85,12.86,12.98,13,12.93,12.99,13.4,13.5,13.7,13.61,13.55,13.46,12.12,13.7,,,
368,Meghalaya,West garo hills,11.07,,12.16,11.95,11.7,11.94,12.22,,12.79,12.21,12.22,12.29,12.58,12.88,12.91,13.06,13.64,13.64,13.64,13.64,13.65,13.65,13.65
369,Manipur,Senapati,12.86,12.86,8.24,7.85,12.85,12.87,12.87,12.85,12.89,13,12.88,12.96,13.4,13.5,13.6,13.58,13.64,13.64,13.64,13.1,,,
370,Meghalaya,East khasi hills,13.57,,13.14,12.41,11.78,11.37,11.19,,10.64,10.51,10.13,10.36,10.54,10.71,10.8,10.99,11.41,11.41,11.41,11.42,11.42,11.42,11.42
371,Manipur,Churachandpur,12.87,12.85,0.69,7.85,12.86,12.83,12.87,12.86,12.98,13,13.01,13,13.4,13.5,12,13.17,13.08,12.99,12.96,13.06,,,
372,Meghalaya,North garo hills,,,,,,,,,,,,,,12.37,12.41,12.6,13.43,13.43,13.43,13.44,13.44,13.44,13.44
373,Andaman and Nicobar Islands,North and middle andaman,7.89,,,,,,8.96,,,,12.13,13.32,10.03,6.9,7.98,9.49,5.16,8.45,10.76,8.88,7.81,6.29,6.44
374,Meghalaya,South west garo hills,,,,,,,,,,,,,,12.35,12.37,12.5,13.18,13.18,13.18,13.19,13.19,13.19,13.19
375,Bihar,Nawada,,,,,,,,13,,,,,,,,,,,,,,,
376,Kerala,Kozhikode,8.43,7.65,8.48,8.63,8.95,7.21,8.2,7.55,7.46,7.52,7.39,8.14,8.01,7.13,7.93,9.14,9.26,8.39,8.92,7.86,11.44,11.62,12.79
377,Meghalaya,South garo hills,12.41,,12.42,11.42,10.63,10.63,10.63,,10.58,9.81,9.88,9.99,10.15,10.31,10.38,10.55,10.98,10.99,10.99,10.99,10.99,10.99,10.99
378,Goa,South goa,,,,,,,,,,,,,,11.27,11.27,11.31,10.87,11.1,11.21,10.51,11.82,11.68,11.62
379,Kerala,Kasaragod,8.64,8.59,10.07,10.14,8.34,9.04,9.62,11.25,8.06,7.82,11.39,6.26,8.83,7.02,7.35,10.87,10.54,9.87,8.7,11.05,9.6,10.86,10.1
380,Kerala,Palakkad,6.81,8.91,7.97,7.39,8.04,7.35,7.29,7.2,8.97,7.56,8.64,8.86,9.19,8.45,9.4,9.67,9.16,11.16,8.57,8.97,11.2,9.84,10.63
381,Kerala,Thrissur,7.17,6.14,7.02,7.37,7.35,8.66,8.87,6.39,9.05,7.9,7.87,9.23,9.64,9.03,8.26,9.15,8.62,8.91,4.82,8.1,9.99,10.05,11.05
382,Rajasthan,Udaipur,,,,,,,,,,,,,,,,,8,11,,,,,
383,Kerala,Idukki,9.47,8.46,8.49,8.78,6.55,7.59,7.43,7.32,8.75,7.68,8.73,8.74,9.36,9.24,9.19,8.64,8.4,9.7,8.92,9.92,9.39,10.73,10.9
384,Kerala,Kannur,8.08,7.15,8.29,8.73,8.86,10.78,9.21,6.58,7.77,7.26,8.13,8.69,8.6,8.89,8.53,9.66,9.07,8.46,9.18,10.33,9.91,10.03,9.78
385,Kerala,Ernakulam,6.73,7.1,7.3,9.43,8.49,7.59,8.74,8.1,9.52,9.04,9.49,9.6,9.08,9.59,9.17,9.36,9.26,9.38,7.05,8.67,9.64,9.43,10.03
386,Kerala,Kottayam,8.78,7.92,9.54,9.76,9.33,8.62,9.09,9.31,9.44,9.05,8.86,8.78,8.37,9.05,8.47,8.01,7.91,8.4,8.97,9.8,9.33,9.98,9.47
387,Chhattisgarh,Mohla manpur ambagarh chouki,,,,,,,,,,,,,,,,,,,,,,,9.97
388,Kerala,Wayanad,7.56,7.4,6.8,6.78,8.8,8.97,7.41,7.46,6.01,8.61,8.4,8.68,7.86,8.51,9.36,9.48,8.34,8.35,8.41,9.73,9.91,9.49,9.85
389,Bihar,Muzaffarpur,4.67,,9.87,5.96,9.07,6.41,,6.72,,,,,,,,,,,,,,,
390,Bihar,Madhubani,9.59,8.15,9.81,8.36,8.02,9.59,,8.02,,,,,,,,,,,,,,,
391,Kerala,Alappuzha,6.95,6.1,8.12,6.72,6.6,6.79,7.17,6.41,6.73,8.03,7.88,7.92,7.93,9.49,8.3,8.69,7.21,7.6,6.09,6.22,7.08,6.9,8.23
392,Bihar,Bhagalpur,9.34,8.26,2.24,2.43,2.22,2.35,,2.29,,,,,,,,,,,,,,,
393,Kerala,Malappuram,6.79,6.63,6.93,7.94,7.55,7.07,7.71,7.1,7.48,7,7.29,9.03,8.3,8.68,8.33,8.37,8.23,8.04,7.13,8.75,6.02,9.03,9.29
394,Kerala,Thiruvananthapuram,6.36,5.85,6.71,8.02,6.34,6.91,6.71,6.33,7.01,7.34,5.62,6.05,6.81,8,6.87,6.85,7.14,7.28,8.93,9.13,8.86,7.46,8.3
395,Kerala,Pathanamthitta,6.76,7.28,8.95,7.71,7.11,9.02,8.25,8.07,7.88,8.3,7.92,7.95,7.53,7.28,7.83,7.95,7.96,7.5,7.82,8.05,8.57,7.69,7.91
396,Rajasthan,Banswara,,,,,,,,,,,,,,,,,9,9,,,,,
397,Kerala,Kollam,5.88,7.69,8.11,7.61,6.94,7.25,6.14,6.41,6.89,6.59,7.74,7.28,6.98,6.93,6.97,7.07,7.1,6.95,7.52,6.83,6.42,6.96,7.29
398,Rajasthan,Baran,,,,,,,,,,,,,,,,,8,8,,,,,
399,Meghalaya,West khasi hills,7.82,,6.88,6.52,5.8,5.81,6.35,,6.18,5.29,5.41,5.45,5.54,5.79,5.82,5.9,6.13,6.13,6.13,6.13,6.14,6.14,6.14
400,Rajasthan,Karauli,,,,,,,,,,,,,,,,,7,3,,,,,
401,Meghalaya,South west khasi hills,,,,,,,,,,,,,,5.3,5.31,5.35,5.61,5.62,5.62,5.62,5.62,5.62,5.62
402,Meghalaya,East jaintia hills,4.67,,4.35,4.07,3.84,3.8,3.81,,4.34,4.46,3.2,3.22,3.26,3.28,3.29,3.33,3.41,3.41,3.41,3.41,3.42,3.42,3.42
403,Rajasthan,Sirohi,,,,,,,,,,,,,,,,,4,1,,,,,
404,Meghalaya,West jaintia hills,,,,,,,,,,,,,,3.28,3.28,3.34,3.34,3.34,3.34,3.35,3.35,3.35,3.35
405,Rajasthan,Rajsamand,,,,,,,,,,,,,,,,,,3,,,,,
406,Rajasthan,Dungarpur,,,,,,,,,,,,,,,,,2.25,2.25,,,,,
407,Rajasthan,Bhilwara,,,,,,,,,,,,,,,,,1,,,,,,
408,Rajasthan,Kota,,,,,,,,,,,,,,,,,,1,,,,,
