Crop: Barley,,,,,,,,,,,,,,,,,,,,,,,,,
S.No.,State,District,2000 - 2001,2001 - 2002,2002 - 2003,2003 - 2004,2004 - 2005,2005 - 2006,2006 - 2007,2007 - 2008,2008 - 2009,2009 - 2010,2010 - 2011,2011 - 2012,2012 - 2013,2013 - 2014,2014 - 2015,2015 - 2016,2016 - 2017,2017 - 2018,2018 - 2019,2019 - 2020,2020 - 2021,2021 - 2022,2022 - 2023
,,,Yield (Ton./Ha.),Yield (Ton./Ha.),Yield (Ton./Ha.),Yield (Ton./Ha.),Yield (Ton./Ha.),Yield (Ton./Ha.),Yield (Ton./Ha.),Yield (Ton./Ha.),Yield (Ton./Ha.),Yield (Ton./Ha.),Yield (Ton./Ha.),Yield (Ton./Ha.),Yield (Ton./Ha.),Yield (Ton./Ha.),Yield (Ton./Ha.),Yield (Ton./Ha.),Yield (Ton./Ha.),Yield (Ton./Ha.),Yield (Ton./Ha.),Yield (Ton./Ha.),Yield (Ton./Ha.),Yield (Ton./Ha.),Yield (Ton./Ha.)
1,Haryana,Faridabad,3.14,3.29,3.58,2.72,2.86,2.52,4.12,2.65,8.24,,,,,,,,4,3.5,4,,2.85,2.06,3.71
2,Bihar,Jehanabad,1.09,1.15,0.92,1.03,0.59,0.86,1.19,1.03,0.73,8.05,0.91,0.91,1.34,1.13,1.11,1.26,1.35,1.74,1.38,1.29,1.34,1.56,1.12
3,Haryana,Jind,3.08,3.41,3.42,3.62,3.54,3.75,1.84,3.13,2.88,3.44,4.9,6.55,7.09,3,2,3,2,4.33,4,4.38,4.42,4.56,4.67
4,Haryana,Mahendragarh,2.18,2.19,3.01,4.34,,5.45,4.48,4.59,3.86,3.13,3.54,2.29,5.89,3,,,3.2,3,3.4,3.39,3.45,3.47,3.31
5,Punjab,Patiala,3.5,4.5,3.5,3,4,4,3,4,4,4,4,5,,4,4.1,4,5.2,5.4,4.5,3.67,4,3,3.67
6,Madhya Pradesh,Ratlam,1.86,1.88,2.23,2.73,2.45,2.97,,3.08,3.06,2.89,3.85,5.32,4.39,4.17,,,3.33,3.21,4.22,3.29,2.85,3,
7,Haryana,Sonipat,,,,,5.24,4.45,,,,,,,,,,,4,,,,2,3.13,3
8,Haryana,Rewari,3.38,2.12,3.19,2.4,,3.9,3.34,2.39,3.32,4.16,3.05,4.29,3.88,4,2.5,3.5,4.7,4.5,4.5,5.04,4.13,5,4.24
9,Madhya Pradesh,Datia,1.99,2.12,1.95,2.03,1.74,2.29,,1.46,1.8,2.22,2.24,2.98,2.54,3.62,2,5,3.08,2.4,3.16,3.38,1.63,2.48,1.85
10,Madhya Pradesh,Indore,2,1.5,1.75,2,,,,2,,,,,,,,,5,0.65,,2,1,3,
11,Punjab,Rupnagar,,,,,,,,,,,,,,,,,3,4,4,4,5,3,4
12,Haryana,Gurgaon,2.52,3.04,2.62,2.27,2.12,3.29,2.63,2.35,2.96,4.77,3.13,4.95,4.28,4.5,4,4,4.7,4.63,4.86,4.76,3.43,3.72,4.65
13,Madhya Pradesh,Mandsaur,1.75,2.32,1.8,2.3,2.3,2.03,,2.53,2.5,2.37,2.47,3.26,3.85,4.89,,,,,2.92,4.2,3.72,3.24,2.49
14,Madhya Pradesh,Jhabua,0.45,0.69,1,0.93,0.85,0.83,,0.93,0.92,0.81,0.94,1.16,0.91,2.58,,4.5,4.67,2.3,,2.27,1.33,,
15,Rajasthan,Ganganagar,1.77,1.63,1.6,1.77,2.12,2.47,2.95,2.91,3.6,2.55,4.11,3.51,3.94,3.73,3.06,3.4,3.86,4.08,4.66,4.59,4.22,4.45,4.53
16,Madhya Pradesh,Dhar,0.36,1.11,1.26,1.38,1.33,1.31,,1.52,1.36,1.5,1.92,2.18,1.6,2,,2,3.2,4.57,2,2,1.5,,
17,Punjab,Sangrur,3.86,4.17,3.5,3.8,3.8,3.6,3.5,4,4,3.5,4,4.5,4,4,3.85,3.9,4.13,4.06,3.67,4.29,4.36,3.33,4.29
18,Uttar Pradesh,Mainpuri,2.75,2.77,3.09,2.75,2.69,3.01,2.41,2.65,2.95,3,3.33,3.31,3.25,3.38,1.84,2.72,3.42,4.48,3.48,3.45,3.71,3.27,3.48
19,Haryana,Fatehabad,3.35,3.22,2.76,3.29,2.39,2.89,3.25,4.13,4.44,3.81,4.14,3.92,4.17,4,4,3,3.73,3.78,4.2,3.97,3.24,2.87,3.68
20,Haryana,Jhajjar,2.83,3.12,2.09,2.12,2.66,2.54,3.45,3.07,4.02,3.06,4.32,3.23,3.61,4,2.33,3.5,4.06,3.72,4.23,4.42,3.84,3.83,4.12
21,Punjab,Ludhiana,4,3.5,3.33,3,3.5,3.5,3,3.5,2.5,3.5,4,4,3.5,4,3.5,3.3,3.92,4.36,3.5,3.82,3.55,3.22,3.92
22,Haryana,Charki dadri,,,,,,,,,,,,,,,,,,3.48,4.36,3.93,3.53,3.24,3.27
23,Punjab,Moga,3,3,2,3,3,3,3,,3,,,,,,,,3.67,3.33,4,4,4.33,2.5,3.5
24,Haryana,Palwal,,,,,,,,,2.92,3.17,3.02,4.31,2.9,3,3,3,3,3.29,3.57,3.87,3.4,3.37,3.31
25,Madhya Pradesh,Satna,0.7,0.88,0.83,1.12,0.92,0.98,,0.64,0.9,1.03,0.88,1.23,1.01,0.91,1.5,4.29,4.29,3.91,0.86,1.55,2.03,2.01,1.46
26,Uttar Pradesh,Aligarh,3.49,3.66,3.54,3.46,3.07,2.62,2.79,3.17,3.47,3.03,3,3.37,3.23,3.37,2.5,2.77,3.34,3.39,3.29,4.28,3.47,3.78,3.5
27,Uttar Pradesh,Ghaziabad,3.24,3.2,2.92,2.53,2.78,2.83,3.68,3.01,3.59,3.48,3.39,3.84,2.67,3.6,3,,3.48,3.96,4.22,4,3.93,4.01,3.26
28,Rajasthan,Alwar,2.48,2.72,3.17,2.07,3.2,2.89,3.25,2.91,3.69,3.71,3.64,3.58,3.79,3.27,3.18,3.59,4.16,4.17,4.06,3.85,4.03,4.22,3.91
29,Uttar Pradesh,Hapur,,,,,,,,,,,,,2.66,3.6,3.01,3.49,3.48,3.96,4.21,4.01,3.93,4.01,3.26
30,Uttar Pradesh,Bulandshahr,3.22,4,4.14,3.2,2.78,2.83,3.6,3.01,3.59,3.48,3.39,3.81,2.67,3.59,3,3.49,3.48,3.96,4.21,4.01,3.93,4.01,3.26
31,Uttar Pradesh,Gautam buddha nagar,3.24,3.2,2.92,2.53,2.78,2.83,3.68,3.01,3.59,3.48,3.39,3.84,2.67,3.6,3,3.49,3.48,3.96,4.21,4.01,3.93,4.01,3.26
32,Uttar Pradesh,Meerut,3.24,3.2,2.92,2.53,2.78,2.82,3.68,3.01,3.59,3.48,3.39,3.85,2.66,3.6,3,3.49,3.48,3.96,4.21,4,3.93,4.01,3.25
33,Uttar Pradesh,Baghpat,3.24,3.2,2.92,2.53,2.78,2.82,3.68,3.01,3.59,3.48,3.4,3.84,2.66,3.58,3,3.49,3.48,3.97,4.21,4.01,3.92,4.01,3.26
34,Haryana,Mewat,,,,,,3.2,3.24,1.99,3.72,2.19,3.27,4.06,2.28,4,2,3,3.5,3.5,3.8,4.21,3.12,1.17,3.45
35,Haryana,Sirsa,2.01,2.89,2.62,2.63,3.08,2.38,2.82,3.62,3.91,3.25,3.61,3.71,3.96,4.17,4.2,3.6,3.7,3.77,4,3.93,3.3,3.67,3.86
36,Uttar Pradesh,Saharanpur,2.28,2.47,2.45,2.37,2.11,2.04,2.16,2.21,2.33,2.29,2.62,2.72,2.66,2.88,1.71,2.18,2.8,2.85,3.06,4.18,3.14,3.04,3.06
37,Uttar Pradesh,Etah,2.64,2.87,2.62,2.82,2.57,3.01,2.41,2.73,3.11,2.66,3.08,3.37,3.28,3.36,2.61,2.77,3.92,3.38,3.29,4.18,3.47,3.73,3.44
38,Uttar Pradesh,Kasganj,,,,,,,,,,2.67,3.08,3.37,3.23,3.37,2.5,2.77,2.74,3.4,3.29,4.18,3.47,3.73,3.44
39,Punjab,Fazilka,,,,,,,,,,,,,4,4,3.7,4.05,3.73,3.62,4,3.64,3.67,3.13,3.75
40,Punjab,Muktsar,3.25,3,3.33,3.33,3.33,3,4,4,4,4,4,3,4,4,3.4,3.5,3.2,3.33,3.67,4,3.5,3,3
41,Haryana,Ambala,,,,,,,,,,,,,,,,,,,,4,3,3.08,3.5
42,Punjab,Barnala,,,,,,,,3,3,3,3,4,3,4,3.6,,3.75,3.67,2.67,3.67,3.33,2.67,3.33
43,Haryana,Kurukshetra,,,,,,,,,,,,,,,,,,,,4,3.5,3.33,
44,Haryana,Panchkula,,,,,,,,,,,,,,,,,,4,,,3,4,
45,Punjab,Jalandhar,,,,,,,,,,,,,,,,,,,4,,,,
46,Haryana,Rohtak,2.56,3.13,1.48,3.07,1.78,2.15,1.93,3.65,1.52,2.1,2,3.78,3.2,4,2.33,2.5,2.85,2.94,2.75,2.88,2.53,2.2,2.59
47,Madhya Pradesh,Raisen,2.03,2.1,2.37,2.44,2.21,2.52,,2.65,2.8,2.5,3,,,3.55,1,,3.11,2.3,2,4,,,
48,Haryana,Yamunanagar,,,,,,,,,,,,,,,,,,,,,3.33,4,4
49,Punjab,Faridkot,3,,4,3,,,,,,,,,,,,,,3,4,,4,3,4
50,Punjab,S.a.s nagar,,,,,,,,,,,,,,,,,4,4,,3,3,3,2
51,Punjab,Bathinda,2.8,2.67,3.33,3.33,3,2.5,3.5,3,3.5,3,3.5,3.5,3.5,3.5,3.4,3.2,3.17,3.56,4,3.33,3.33,3.33,4
52,Punjab,Mansa,3.33,2.5,3,3.5,3,2.5,3,3,3,3,3,3,3,3,3.1,3.4,3.6,3.4,3.67,3.67,3.67,3.5,4
53,Punjab,Fatehgarh sahib,3,3,3,,3,,,,,,,,,,3.2,,3.67,2.67,3.33,2.67,3.33,3,4
54,Punjab,Firozepur,3.4,3,3,3.25,3.25,3.75,3.4,3.5,3.6,3.25,3.67,4,,,,,,,,,,,
55,Haryana,Karnal,,,,,,,,,,,,,,,,,3.5,,,4,3,3.22,
56,Haryana,Panipat,,,,,,,,,,,,,,,,,,,,4,3,3.57,4
57,Punjab,Malerkotla,,,,,,,,,,,,,,,,,,,,,,3.25,4
58,Haryana,Kaithal,,,,,,,,,,,,,,,,,,,,,3.33,3.33,4
59,Madhya Pradesh,Guna,1.74,1.82,1.4,1.85,1.65,2.15,,2.19,1.54,1.89,2.62,3.4,2.31,2.38,2,,3.16,2.17,2.75,4,3.17,3.57,
60,Madhya Pradesh,Bhind,1.03,1.67,1.51,2.13,1.92,2,,1.35,2.01,1.82,2.12,2.7,1.51,3.83,1,2.67,3.12,3.95,3.55,2.87,1.64,2.69,2.06
61,Rajasthan,Sikar,2.02,2.47,2.53,2.55,2.44,1.87,2.75,1.79,2.59,2.84,2.64,2.67,3.14,3.24,3.41,3.45,3.71,3.24,3.95,3.52,3.4,3.82,2.83
62,Rajasthan,Hanumangarh,1.52,2.37,2.3,2.03,2.32,2.32,2.54,2.81,3.88,2.98,3.12,3.28,3.42,3.66,3.88,3.32,3.43,3.18,3.61,3.7,3.43,3.62,3.9
63,Haryana,Bhiwani,2.36,2.96,2.63,2.45,2.12,2.45,3.08,2.61,3.12,3.27,3.25,3.36,3.19,3.9,3.18,3.63,3.61,3.45,3.72,3.43,3.16,3.27,2.95
64,Rajasthan,Jaipur,1.82,3.05,2.71,2.25,2.67,2.62,2.62,1.76,2.97,3.04,3.7,2.76,2.94,2.85,3.09,3.22,3.37,3.53,3.66,3.49,3.79,3.9,3.55
65,Madhya Pradesh,Harda,1.2,1.33,1.51,1.49,1.34,1.88,,1.9,1.98,1.81,3.07,3.34,1.77,2.16,,,3.89,2.81,2,3,2,,
66,Haryana,Hisar,3.24,2.71,3,3.22,2.92,2.8,3.3,2.74,3.42,3.16,3.88,3.45,3.02,3.4,3.2,3.5,3.57,3.78,3.84,3.59,3.54,3.39,3.75
67,Rajasthan,Pratapgarh,,,,,,,,,1.76,2.05,1.95,2.46,2.42,2.6,3.79,2.37,3.55,3.81,2.42,3.75,3.57,3.86,3.63
68,Madhya Pradesh,Singrauli,,,,,,,,,0.9,0.95,1.02,1.17,1.3,2.64,1.33,3.82,3.85,3.55,2.73,2.78,1.39,1.74,2.03
69,Uttar Pradesh,Hathras,2.75,2.77,3.09,2.75,2.69,3.01,2.41,2.65,2.95,2.66,3.08,3.37,3.23,3.37,2.5,2.77,3.47,3.38,3.29,3.84,3.46,3.57,3.26
70,Madhya Pradesh,Neemuch,2.28,2.55,2.31,2.79,2.74,2.78,,2.74,2.93,2.74,3.38,3.81,2.83,3.43,,,2.44,,2.21,3.24,2.46,3.25,2.1
71,Madhya Pradesh,Chhatarpur,1.14,1.31,1.43,1.36,1.23,1.18,,0.88,1.13,1.08,0.97,1.13,0.98,1.05,1.33,2.89,3.11,3.79,2.03,1.92,1.9,2.11,1.42
72,Rajasthan,Dausa,2.17,2.84,2.3,2.75,1.92,2.26,1.86,2.33,2.82,2.52,2.81,2.83,3.24,2.88,2.96,3.12,3.33,3.68,3.79,3.39,3.5,3.55,3.4
73,Madhya Pradesh,Sheopur,1.28,1.6,1.08,1.85,1.32,1.57,,1.65,1.64,1.55,1.71,1.87,2.21,3.34,1,,3.33,3.46,3.63,3.41,3.78,3.75,
74,Uttar Pradesh,Firozabad,2.61,3.15,3.34,3.26,2.69,2.9,2.82,2.65,2.95,3,3.33,3.31,3.25,3.38,1.84,2.72,3.42,3.17,3.58,3.67,3.75,3.09,3.48
75,Uttar Pradesh,Agra,2.75,2.99,3.09,2.75,2.51,3.01,2.41,2.65,2.95,3,3.33,3.31,3.25,3.38,1.84,2.72,3.42,3.51,3.48,3.47,3.72,3.27,3.48
76,Rajasthan,Chittorgarh,1.95,2.64,2.25,2.16,2.33,1.8,2.63,1.74,2.99,2.89,2.54,3.08,3.33,3.38,2.21,2.72,3.6,3.28,3.43,3.38,3.71,3.59,3.59
77,Rajasthan,Bharatpur,2.12,2.98,2.66,3.24,2.53,2.7,2.98,2.63,3.51,3.18,3.01,3.57,3.69,3.05,2.8,2.99,3.3,3.32,3.6,3.53,3.5,3.55,3.4
78,Uttar Pradesh,Etawah,2.2,2.37,3,2.48,1.93,2.37,2.47,2.33,2.36,2.01,2.93,3.21,3.12,2.82,1.43,2.62,2.79,3.67,3.22,3.44,3.34,2.91,3.22
79,Madhya Pradesh,Morena,1.55,1.71,1.47,1.73,1.56,1.8,,1.61,1.62,1.78,1.73,1.94,2.42,2.62,1,2,3.67,2.9,2.68,3.42,3.28,3,2.09
80,Madhya Pradesh,Gwalior,2.68,3.24,3.37,3.4,2.74,2.77,,2.03,2.44,2.57,2.96,3.65,2.34,2.51,1,1.33,3.16,2.3,2.47,2.41,1.66,2.93,1.73
81,Uttar Pradesh,Mathura,3.24,3,2.96,2.51,2.69,3.09,2.5,2.65,2.95,3,3.33,3.31,3.25,3.38,1.84,2.72,3.42,3.23,3.48,3.27,3.65,3.62,3.5
82,Madhya Pradesh,Sehore,1,1.31,1.49,1.37,1.27,1.3,,1.62,1.74,2.03,1.59,3.38,1.83,2.06,1,,,2.2,2.5,2.5,3.6,2.25,
83,Rajasthan,Jodhpur,1.82,2.57,2.33,2.25,2.38,2.27,2.55,2.16,3.06,2.77,2.85,2.84,2.61,3.05,2.8,2.99,3.3,3.32,3.6,3.53,3.5,3.55,3.4
84,Rajasthan,Jhalawar,1.81,2.57,2.33,2.25,2.38,2.27,2.55,2.16,3.06,2.77,2.85,2.84,3.11,3.05,2.8,3,3.3,3.32,3.6,3.52,3.5,3.55,3.4
85,Rajasthan,Karauli,1.82,2.57,2.33,2.25,2.38,2.27,2.55,2.16,3.06,2.77,2.85,2.41,3.27,3.05,2.8,2.99,3.3,3.32,3.6,3.53,3.5,3.54,3.41
86,Rajasthan,Sawai madhopur,1.09,2.16,1.71,2.04,1.18,1.64,1.37,1.43,1.97,1.97,2.85,2.84,3.11,3.05,2.8,2.99,3.3,3.32,3.6,3.53,3.5,3.55,3.4
87,Rajasthan,Banswara,0.99,2.68,1.72,1.65,1.57,1.49,1.84,1.64,0.93,1.43,2.85,1.59,2.09,1.88,1.93,1.82,3.3,3.32,3.6,3.53,3.5,3.55,3.4
88,Rajasthan,Dungarpur,1.82,2.57,2.33,2.25,2.38,2.27,2.55,2.16,3.06,2.69,2.85,2.84,3.11,3.05,2.8,2.99,3.3,3.32,3.6,3.53,3.5,3.55,3.4
89,Rajasthan,Bundi,1.58,1.86,1.66,2.46,2.4,2.27,2.55,2.16,3.06,2.77,2.85,2.84,3.11,3.05,2.8,2.99,3.3,3.32,3.6,3.53,3.5,3.55,3.4
90,Rajasthan,Jalore,1.82,2.57,2.33,2.25,2.38,2.27,2.55,2.16,3.06,2.77,2.85,2.84,1.38,3.05,2.81,2.99,3.3,3.32,3.6,3.53,3.5,3.55,3.4
91,Rajasthan,Kota,1.81,2.57,2.33,2.25,2.38,2.27,2.55,2.16,3.06,2.77,2.85,2.84,3.11,3.05,2.8,2.99,3.3,3.32,3.6,3.53,3.5,3.55,3.4
92,Rajasthan,Dholpur,1.82,2.57,2.33,2.25,2.38,2.27,2.53,2.39,3.33,2.77,2.85,2.84,3.11,3.05,2.8,2.99,3.3,3.32,3.6,3.53,3.5,3.55,3.41
93,Rajasthan,Sirohi,1.82,2.57,2.33,2.25,2.38,2.27,2.55,2.16,3.06,2.77,2.85,2.84,3.11,3.05,2.8,2.99,3.3,3.32,3.6,3.53,3.5,3.55,3.4
94,Rajasthan,Baran,1.82,2.57,2.33,2.25,2.38,2.27,2.55,2.16,3.06,2.78,2.85,2.84,3.11,3.04,2.8,2.99,3.3,3.33,3.59,3.53,3.5,3.56,3.4
95,Rajasthan,Barmer,1.81,2.6,2.33,2.23,2.39,2.27,2.55,2.17,3.05,2.78,2.86,2.85,3.1,3,2.8,3,3.3,3.33,3.59,3.52,3.5,3.55,3.39
96,Rajasthan,Rajsamand,1.75,2.19,1.87,2.42,0.88,2.6,2.21,2,1.85,1.98,1.79,2.72,2.78,2.67,1.74,2.39,2.43,2.7,2.58,2.89,3.58,3.32,2.77
97,Uttar Pradesh,Kanpur dehat,,,,2.48,1.93,1.95,2.47,2.33,2.36,2.01,2.93,3.21,3.12,2.82,1.43,2.63,2.79,3.26,3.58,3.29,3.27,2.91,3.21
98,Rajasthan,Jaisalmer,1.81,2.57,2.32,2.25,2.38,2.27,2.55,2.16,3.06,2.78,2.85,2.83,1.42,3.04,2.8,3,3.2,3.33,3.57,3.5,3.46,3.5,3.5
99,Madhya Pradesh,Katni,0.86,1.02,0.89,1.23,0.92,1.11,,0.89,1.15,1.13,0.87,1.35,1.69,2.53,2,,3.53,1.6,2.14,2.54,2.31,2.29,1.51
100,Madhya Pradesh,Vidisha,1.57,1.75,1.65,1.86,1.65,1.88,,1.94,1.95,1.91,2.47,2.69,1.99,1.71,1,,3.33,3.5,2.16,2.08,1.75,3.21,
101,Madhya Pradesh,Rewa,0.54,0.64,0.6,0.57,0.54,0.51,,0.47,0.64,0.61,0.57,0.68,0.66,1.1,1.5,3.5,3.5,1.34,1.37,1.65,1.48,1.81,1.38
102,Rajasthan,Bhilwara,1.95,2.48,1.49,1.79,2.34,2.38,2.5,2.05,2.14,2.19,2.45,2.66,2.9,2.85,1.77,2.28,3.02,2.95,3.14,3.36,3.48,3.14,3.05
103,Rajasthan,Jhunjhunu,1.83,2.22,2.39,2.54,1.76,1.77,2.71,2.33,3.16,3.05,2.4,2.83,3.37,3.12,3.17,2.82,3.11,3.26,3.37,3.34,3.07,3.46,2.63
104,Uttar Pradesh,Mau,1.79,1.57,1.35,1.66,1.5,1.67,1.76,2.13,2.35,2.25,2.61,2.38,2.61,2.51,1.34,2.46,2.04,2.54,2.83,3.2,3.46,2.44,2.83
105,Uttar Pradesh,Kushi nagar,1.28,2.2,1.54,1.87,1.93,1.03,1.94,2.36,2.38,2.3,2.64,2.75,2.76,3.04,1.82,2.2,3.45,,3.18,3.25,3.13,3.04,3.07
106,Uttar Pradesh,Deoria,1.28,2.2,1.54,1.86,1.93,1.03,1.95,2.37,2.34,2.3,2.65,2.74,2.75,3.04,1.82,2.2,3.45,3.26,3.17,3.28,3.14,3.03,3.07
107,Uttar Pradesh,Gorakhpur,1.28,2.2,1.54,1.86,1.93,1.03,1.95,2.37,2.34,2.3,2.65,2.74,2.75,3.04,1.82,2.2,3.45,3.26,3.18,3.32,3.23,3.03,3.07
108,Uttar Pradesh,Maharajganj,1.28,2.2,1.53,1.86,1.93,1.04,1.95,2.38,2.34,2.31,2.65,2.75,2.74,3.04,1.82,2.2,3.45,3.29,3.19,,3.13,3.03,3.06
109,Uttar Pradesh,Azamgarh,1.79,1.57,1.35,1.66,1.5,1.67,1.76,2.13,2.35,2.25,2.61,2.38,2.61,2.51,1.34,2.46,2.04,2.53,2.83,3.15,3.43,2.44,2.83
110,Uttar Pradesh,Farrukhabad,2.2,2.37,3,2.48,1.93,2.37,2.47,2.33,2.36,2.01,2.93,3.21,3.12,2.82,1.43,2.63,2.79,2.96,3.22,3.42,3.37,2.91,3.21
111,Uttar Pradesh,Auraiya,2.2,2.37,3,2.48,1.93,2.37,2.47,2.33,2.36,2.01,2.93,3.21,3.12,2.82,1.43,2.63,2.79,3.32,3.22,3.41,3.36,2.91,3.21
112,Rajasthan,Tonk,1.6,2.2,1.46,2.22,1.84,2.23,1.96,1.8,2.27,1.98,2.69,2.66,2.74,2.64,1.74,2.62,2.92,2.61,2.64,3.29,2.55,2.7,3.41
113,Uttar Pradesh,Fatehpur,0.91,1.63,1.32,1.04,1.22,1.42,0.93,0.98,0.85,0.77,1.2,0.98,2.76,3.35,1.46,2.66,2.63,2.92,3.28,3.31,3.32,3.36,2.59
114,Uttar Pradesh,Ballia,1.79,1.57,1.35,1.66,1.5,1.67,1.76,2.13,2.35,2.25,2.61,2.38,2.61,2.51,1.34,2.46,2.04,2.58,2.83,3,3.35,2.44,2.83
115,Uttar Pradesh,Pratapgarh,1.33,1.63,1.76,1.71,1.22,1.12,1.49,0.98,0.83,1.34,1.84,1.92,2.76,3.35,1.46,2.07,2.53,2.77,3.04,2.42,3.04,2.82,2.06
116,Uttar Pradesh,Kaushambi,1.33,1.63,1.14,1.71,1.22,1.12,1.49,0.98,0.83,1.34,1.84,1.92,2.76,3.35,1.01,2.07,2.53,2.95,3.04,2.85,3.01,2.84,2.06
117,Uttar Pradesh,Allahabad,1.41,1.53,1.29,1.32,1.22,1.12,1.49,0.94,0.83,1.34,1.84,1.86,2.76,3.35,1.35,1.64,3,2.52,3.16,2.04,3.1,2.36,1.62
118,Uttar Pradesh,Siddharth nagar,2.34,2.67,2.48,2.28,2.03,2,2.33,2.29,2.14,2.33,2.5,2.6,2.6,2.86,1.67,2.17,2.8,2.86,3,3.33,3.17,3,3
119,Uttar Pradesh,Kannauj,2.2,2.37,3,2.48,1.93,2.37,2.47,2.33,2.36,2.01,2.93,3.2,3.12,2.82,1.43,2.63,2.79,2.96,3.22,3.29,3.33,2.91,3.22
120,Madhya Pradesh,Rajgarh,1.06,0.95,0.93,1.39,1.24,1.11,,1.5,1.39,1.56,1.44,2.25,1.63,2.21,1,,3.33,2.7,1.86,2.85,3.08,3,
121,Madhya Pradesh,Ashoknagar,,,,1.62,1.58,2.04,,2.02,2.14,2.03,2.82,3.2,2.22,2.57,1,,3.33,2.22,2.64,2.97,3.2,2.16,1.61
122,Madhya Pradesh,Dewas,1.59,1.56,1.8,1.74,1.58,1.44,,2.21,2.04,2.08,2.54,2.92,3,2,1,,3.33,,,,,,
123,Uttar Pradesh,Lalitpur,1.17,1.62,1.49,1.61,1.31,2.01,1.92,1.45,2.12,2.03,2.34,2.34,2.26,2.52,1.6,2.14,2.44,1.94,3.32,2.8,2.14,3.09,2.53
124,Uttar Pradesh,Chitrakoot,0.71,0.92,1.06,1.15,1.6,1.14,0.84,0.48,1.17,1.13,2.31,2.18,2.7,2.97,1.72,0.77,2.63,3.29,3.16,2.36,3.12,2.71,2.7
125,Rajasthan,Pali,1.38,1.47,1.28,1.29,1.72,1.67,2.23,2.53,2.08,2.2,2.07,2.7,2.61,2.86,2.41,2.58,2.7,2.79,2.57,2.89,3.22,3.29,2.82
126,Uttar Pradesh,Basti,2.35,2.66,2.47,2.29,2.03,2,2.11,2.2,2.19,2.29,2.6,2.69,2.67,2.89,1.73,,2.79,2.84,3.07,3.29,3.13,3.03,3.07
127,Uttar Pradesh,Bareilly,2.28,2.47,1.81,2.6,2.12,2.03,2.16,2.21,2.73,2.3,2.62,2.91,2.66,2.87,1.71,2.48,2.52,2.85,3.08,3.28,3.13,3.04,3.07
128,Uttar Pradesh,Amroha,2.28,2.47,2.46,2.37,2.12,2.04,2.16,2.21,2.34,2.29,2.61,2.7,2.66,2.88,1.71,2.19,2.8,2.84,3.08,3.28,3.14,3.03,3.07
129,Uttar Pradesh,Shahjahanpur,2.28,2.47,1.8,2.59,2.11,2.04,2.16,2.21,2.73,2.29,2.62,2.9,2.66,2.76,1.71,2.46,2.52,2.84,3.06,3.28,3.14,3.03,3.07
130,Uttar Pradesh,Ambedkar nagar,2.14,2.38,2.45,2.28,2.04,1.86,2.09,1.84,2.25,2.15,2.24,2.62,2.68,2.9,1.72,2.18,2.77,2.85,3.06,3.28,3.14,3.03,3.07
131,Uttar Pradesh,Budaun,2.28,2.47,1.8,2.59,2.11,2.04,2.16,2.21,2.73,2.29,2.62,2.9,2.66,2.87,1.72,2.47,2.51,2.85,3.07,3.28,3.14,3.03,3.07
132,Uttar Pradesh,Gonda,2.14,2.48,2.46,2.24,2.01,1.77,2.01,2.21,2.31,2.24,2.55,2.69,2.66,2.86,1.71,2.18,2.79,2.85,3.06,3.28,3.14,3.03,3.07
133,Uttar Pradesh,Sambhal,,,,,,,,,,,,,2.67,2.87,1.71,2.18,2.8,2.85,3.07,3.28,3.14,3.03,3.07
134,Uttar Pradesh,Muzaffarnagar,2.28,2.47,2.45,2.37,2.11,2.04,2.16,2.21,2.33,2.29,2.62,2.72,2.67,2.87,1.72,2.18,2.8,2.84,3.07,3.28,3.14,3.03,3.07
135,Uttar Pradesh,Balrampur,2.14,2.48,2.46,2.24,2.01,1.77,2,2.21,2.31,2.24,2.55,2.69,2.66,2.87,1.71,,2.8,2.85,3.06,3.27,3.13,3.04,3.07
136,Uttar Pradesh,Shamli,,,,,,,,,,,,,2.66,2.87,1.72,2.18,2.79,2.85,3.07,3.27,3.13,3.04,3.07
137,Uttar Pradesh,Shravasti,2.14,2.48,2.46,2.24,2.02,1.77,2,2.22,2.31,2.24,2.55,2.68,2.66,2.87,1.72,2.18,2.79,2.85,3.06,3.27,3.14,3.03,3.06
138,Uttar Pradesh,Bahraich,2.14,2.48,2.46,2.24,2.01,1.77,2,2.21,2.31,2.24,2.55,2.68,2.66,2.87,1.71,2.18,2.79,2.85,3.06,3.27,3.14,3.03,3.07
139,Uttar Pradesh,Bijnor,2.27,2.48,2.44,2.35,2.13,2.03,2.17,2.21,2.33,2.28,2.6,2.71,3,2.75,1.72,2.14,3,3,3,3.25,3.25,3,3
140,Madhya Pradesh,Sidhi,0.74,0.74,0.78,0.95,0.83,0.78,,0.76,0.9,0.82,0.83,1.36,1.03,1.18,1,3,3.25,1.34,1.11,1.46,2.32,1.44,1.1
141,Madhya Pradesh,Barwani,,,,,,,,,,,,,,,,3.25,3.2,1.56,,3.21,,,
142,Uttar Pradesh,Sant kabeer nagar,2.34,2.67,2.48,2.29,2.03,2,2.12,2.2,2.2,2.29,2.6,2.69,2.67,2.88,1.72,2.19,2.8,2.85,3.07,3.25,3.14,3.03,3.07
143,Rajasthan,Ajmer,1.45,2.51,1.62,2.43,2.36,1.75,2.16,2.05,2.34,2.2,2.26,2.72,3.24,2.7,1.97,2.47,3.21,2.63,3.07,3.23,3.04,3.04,2.99
144,Uttar Pradesh,Sant ravidas nagar,1.24,1.35,0.96,1.12,0.7,0.68,1.05,0.71,1.07,0.84,1.37,2.08,1.5,2.12,1.56,0.95,1.6,1.16,2.03,3.23,3.1,2.46,3.07
145,Uttar Pradesh,Faizabad,2.15,2.38,2.44,2.28,2.04,1.86,2.08,1.84,2.25,2.16,2.24,2.62,2.67,2.9,1.72,2.18,2.77,2.85,3.06,3.22,3.13,3.04,3.07
146,Uttar Pradesh,Amethi,,,,,,,,,,,2.24,2.62,2.68,2.9,1.72,2.18,2.77,2.85,3.06,3.22,3.15,3.03,3.07
147,Uttar Pradesh,Kanpur nagar,2.18,2.25,2.44,2.49,1.61,2.78,2.23,1.62,1.82,2.08,2.32,2.72,3.12,2.95,1.29,1.24,1.16,2.37,1.53,2.07,3.08,2.91,3.22
148,Madhya Pradesh,Khargone,,,,,,,,,,,,,,,1,2.75,3.2,2.19,,,,,
149,Uttar Pradesh,Sultanpur,2.14,2.38,2.45,2.28,2.04,1.86,2.09,1.84,2.25,2.15,2.24,2.62,2.68,2.9,1.72,2.18,2.77,2.85,3.06,3.19,3.14,3.03,3.07
150,Madhya Pradesh,Tikamgarh,2.07,2.21,1.92,2.16,1.63,1.6,,1.47,2,1.73,1.52,2.62,1.72,1.26,1.67,2.67,3,3.18,1.65,2.49,2.34,2.35,1.74
151,Madhya Pradesh,Panna,0.82,1.06,1.17,1.16,1.01,0.79,,0.89,0.88,1.31,1.16,1.44,1.17,1.74,1.5,2.6,3.17,2.09,1.86,1.62,1.98,2.16,1.56
152,Uttar Pradesh,Moradabad,2.28,2.47,2.45,2.37,2.11,2.03,2.16,2.21,2.32,2.3,2.63,2.72,2.67,2.88,1.71,2.18,2.71,2.8,3,3,3.17,3,3
153,Uttar Pradesh,Kheri,1.7,1.64,1.74,1.86,1.59,1.57,1.66,1.87,1.89,1.39,1.96,2.31,2.02,2.51,1.36,0.88,2.74,2.62,2.8,3.15,2.85,2.71,3.05
154,Uttar Pradesh,Barabanki,2.14,2.38,2.44,2.28,2.04,1.83,2.09,1.84,2.25,2.15,2.24,2.63,2.68,2.89,1.71,2.18,2.77,2.85,3.05,3.08,3.14,3.03,3.07
155,Uttar Pradesh,Sitapur,1.7,1.64,1.74,1.86,1.59,1.57,1.66,1.87,1.89,1.39,1.96,2.31,2.02,2.51,1.36,0.88,2.74,2.62,2.8,3.14,2.84,2.71,3.05
156,Rajasthan,Nagaur,1.29,2.48,1.68,2.29,2.2,2.05,2.51,1.35,2.45,2.64,2.62,2.46,2.42,2.57,2.26,2.44,2.51,2.64,2.62,3.14,2.73,2.87,2.45
157,Madhya Pradesh,Hoshangabad,1.38,1.39,1.57,1.53,1.39,1.69,,1.63,1.6,2.25,2.2,3,2.25,1.86,,,,,1,2.75,3.11,2.5,
158,Madhya Pradesh,Mandla,0.43,0.92,1,1,0.93,1,,1,1.25,0.9,1.22,1.2,0.91,1.45,2,,3.11,,1.33,1.67,,0.5,
159,Uttar Pradesh,Jalaun,1.68,2.58,2.25,2.02,2.16,2.01,1.1,1.13,2.12,2.03,2.79,1.73,2.16,2.79,1.12,2.12,2.58,2.41,2.88,2.31,3.08,2.93,2.96
160,Uttar Pradesh,Chandauli,1.27,1.68,1.62,1.37,1.33,1.69,1.59,1.88,1.81,1.72,1.85,1.91,1.75,1.85,1.75,1.71,2.29,2.22,2.46,2.76,2.35,2.94,3.07
161,Uttar Pradesh,Varanasi,1.28,1.68,1.62,1.37,1.33,1.69,1.59,1.88,1.81,1.72,1.85,1.92,1.75,1.85,1.75,1.71,2.29,2.22,2.47,2.47,2.22,2.94,3.07
162,Uttar Pradesh,Mirzapur,1.25,1.35,1.02,1.16,0.7,0.68,1.05,0.71,1.07,0.85,1.37,2.08,1.5,2.12,1.56,0.95,1.6,1.14,2.03,2.75,2.7,2.57,3.07
163,Uttar Pradesh,Ghazipur,1.27,1.68,1.62,1.47,1.33,1.91,1.59,1.92,1.81,1.82,1.84,2.06,1.79,2.12,1.67,1.75,2.17,2.22,2.51,2.81,2.32,2.94,3.07
164,Uttar Pradesh,Sonbhadra,0.88,1.04,0.99,1.05,0.66,0.42,0.86,0.71,0.86,0.85,0.9,1.09,1.5,2.12,1.5,0.95,1.77,1.17,1.94,2.86,2.83,2.38,3.07
165,Uttar Pradesh,Jaunpur,1.27,1.68,1.62,1.37,1.33,1.69,1.59,1.88,1.81,1.72,1.85,1.91,1.75,1.86,1.75,1.71,2.29,2.22,2.46,3.06,2.36,2.94,3.07
166,Himachal Pradesh,Kinnaur,1.36,1.34,1.59,2.48,2.06,1.08,1.61,2.61,1.48,1.31,2.09,1.7,2.94,1.55,3.05,1.84,1.55,1.88,1.88,1.88,1.75,1.48,0.6
167,Uttar Pradesh,Lucknow,1.7,1.64,1.74,1.86,1.59,1.57,1.66,1.87,1.89,1.39,1.96,2.31,2.01,2.51,1.36,0.88,2.74,2.62,2.81,2.6,2.85,2.72,3.05
168,Uttar Pradesh,Hardoi,1.7,1.64,1.74,1.86,1.59,1.57,1.66,1.87,1.89,1.39,1.96,2.31,2.02,2.51,1.36,0.88,2.74,3.01,2.8,2.9,2.54,2.71,3.05
169,Uttar Pradesh,Unnao,1.7,1.64,1.74,1.86,1.59,1.57,1.66,1.87,1.89,1.39,1.96,2.31,2.02,2.51,1.36,0.88,2.74,2.62,2.8,2.95,2.7,2.72,3.05
170,Uttar Pradesh,Rae bareli,1.46,1.5,1.74,1.86,1.59,1.57,1.66,1.87,1.89,1.39,1.96,2.31,2.02,2.51,1.36,0.88,2.74,2.28,2.8,2.67,2.68,2.72,3.05
171,Madhya Pradesh,Shivpuri,1.27,1.57,0.86,1.76,1.53,1.52,,1.05,1.58,1.48,1.57,1.92,1.18,1.53,1,2,3.04,2.25,1.78,1.52,2.49,2.18,1.68
172,Uttar Pradesh,Mahoba,0.69,0.92,0.86,1.1,1.6,1,0.87,0.48,0.94,1.02,2.31,2.18,2.7,2.97,1.72,0.77,2.63,2.46,2.91,2.58,1.84,2.23,3.04
173,Uttar Pradesh,Banda,0.69,0.92,0.86,1.1,1.6,1,0.87,0.48,0.94,1.02,2.31,2.18,2.7,2.98,1.72,0.77,2.63,2.84,2.91,2.38,1.52,2.42,3.01
174,Punjab,Pathankot,,,,,,,,,,,,,3,,,,,,,,,,
175,Madhya Pradesh,Alirajpur,,,,,,,,,1,,1,1.2,1,1.24,1,2.5,3,1.6,,,,,
176,Uttar Pradesh,Pilibhit,2.27,2.48,1.79,2.58,2.14,2.03,2.15,2.19,2.71,2.2,2.6,3,2.8,3,1.72,2.33,2.5,3,3,,3,3,3
177,Uttar Pradesh,Rampur,2.28,2.46,2.46,2.35,2.11,2.04,2.15,2.21,2.29,2.28,3,2.72,,,,,3,2.89,,,,,
178,Jammu and Kashmir,Rajauri,,,0.1,3,0.3,,0.3,0.3,,,,,,,,0.6,0.35,0.93,0.35,,,,
179,Delhi,Delhi_total,,,,,,,,,2.81,2.82,2.81,2.95,2.82,2.82,2.91,2.92,2.71,2.59,2.92,3,,,
180,Madhya Pradesh,Khandwa,,1.5,1.33,2,1.5,2,,,,,,,,,,2.38,3,1.7,,,,,
181,Madhya Pradesh,Burhanpur,,,,,,,,,,,,,,,,2.5,3,1.46,,,,,
182,Uttar Pradesh,Hamirpur,0.69,0.92,0.86,1.1,1.6,1,0.87,0.48,0.94,1.02,2.31,2.18,2.7,2.97,1.72,0.77,2.63,2.6,2.91,2.65,2.63,2.77,2.77
183,Uttar Pradesh,Jhansi,1.17,1.62,1.49,1.61,1.31,2.01,1.92,1.45,2.12,2.03,2.34,1.73,2.03,1.7,1.12,2.29,2.47,2.41,2.78,2.92,2.33,2.5,2.97
184,Madhya Pradesh,Shahdol,0.48,0.5,0.53,0.66,0.49,0.74,,0.8,0.71,0.68,0.74,0.85,0.78,1.06,1,,2.9,1.1,0.77,1.11,0.98,1.3,0.84
185,Madhya Pradesh,Damoh,0.87,1.22,1.13,1.42,1.31,1.37,,1.18,1.74,1.67,2.19,2.5,1.8,2.44,,,2.9,1,2,1.53,1.5,,
186,Bihar,Bhojpur,1.32,1.69,1.43,0.83,1.37,1.32,1.18,1.46,1.28,1.61,1.51,1.58,1.52,1.05,0.94,1.32,1.45,2.01,2.86,1.69,2.15,2.36,2.08
187,Rajasthan,Bikaner,1.82,2.57,2.33,2.25,2.38,2.27,1.66,0.98,1.91,1.02,1.94,2.55,2.42,2.43,2.16,2.34,1.86,2.21,2.53,2.8,2.21,2.73,2.64
188,Rajasthan,Udaipur,1.78,1.73,1.61,2.65,2.09,2.18,1.92,1.96,1.72,1.81,1.7,2.51,2.06,2.39,2.21,2.55,2.54,2.38,2.42,2.77,2.28,2.27,2.3
189,Chhattisgarh,Rajnandgaon,0.6,1,,0.8,0.75,1,1,1,1,,0.91,1.27,0.89,1.5,2.22,1,1.33,1,1.25,1,1.5,2.75,1.75
190,Madhya Pradesh,Ujjain,0.94,0.95,0.95,1.8,1.58,1.65,,1.64,1.59,1.56,1.89,2.37,1.74,1.39,,,,2,1.75,2.71,,,
191,Chhattisgarh,Durg,0.5,0.58,0.57,1,1,1,0.51,1.14,1,0.25,0.61,0.85,0.55,2.69,1.4,,,,,0.44,0.66,1.57,1
192,Rajasthan,Churu,1.15,0.65,1.01,0.99,1.24,1,1.66,0.98,2.03,2.66,1.58,1.43,2.27,2.32,1.84,2.54,2.39,2.3,2.54,2.16,2.02,2.59,2.3
193,Bihar,Purbi champaran,1.14,1.23,0.92,1.07,1.28,0.66,1.13,0.97,1.09,1.25,2.64,2.05,,,1.71,,,,,,,,
194,Madhya Pradesh,Dindori,0.62,0.78,0.83,0.78,0.88,0.65,,0.71,0.82,0.82,0.86,1,0.57,1.07,,,2.63,,,1,,,
195,West Bengal,Kalimpong,,,,,,,,,,,,,,,,,,1.4,1.4,2.6,2.6,2.5,
196,Nagaland,Phek,1.5,2.05,1.9,2.57,1.44,,,,,1.5,1.6,1.6,1.17,1,1,1,1,1.17,1.17,1.17,1.17,,
197,Himachal Pradesh,Shimla,0.61,1.07,0.84,1.19,1.22,1.27,1.18,1.47,0.59,0.49,0.78,1.07,1.09,0.58,1.13,1.76,0.57,1.76,1.7,1.76,1.17,2.55,1.47
198,Madhya Pradesh,Bhopal,1,1.5,,1.5,,,,,,,2,,,,,,,,1,2.5,1,1,
199,Madhya Pradesh,Jabalpur,1.2,1.5,1.73,1.9,1.67,2.29,,1.87,2.16,1.78,2.43,2.5,1.5,,,,,,,,,,
200,Himachal Pradesh,Sirmaur,0.54,1.19,1.59,0.85,1.56,0.96,0.94,0.94,0.7,0.59,0.94,1.31,1.33,0.7,1.38,1.44,0.7,1.44,1.71,1.71,1.38,1.9,2.49
201,Bihar,Buxar,1.63,1.86,1.42,1.42,1.26,0.96,1.13,1.91,1.8,1.19,1.64,1.81,1.33,1.47,0.9,1.27,2.08,1.86,2.22,1.43,2.29,2.43,2.45
202,Bihar,Banka,1.26,0.99,0.52,1.03,0.58,0.73,1.11,0.82,0.95,0.88,1.12,1.45,0.95,2.13,0.31,1.15,2.42,1.02,2.42,1.16,1.86,0.86,1.04
203,Madhya Pradesh,Sagar,1.03,1.18,1.33,1.55,1.4,1.3,,1.34,1.45,1.6,1.55,1.78,1.35,1.4,2,1.5,2.33,1,2.1,2.41,2.1,1.67,1.51
204,Bihar,Rohtas,0.98,1.1,2.02,1.05,0.99,1.32,1.18,1.79,1.73,0.71,1.47,1.81,2.33,1.8,1.08,1.73,2.18,1.79,2.39,1.63,1.43,1.34,2.03
205,Madhya Pradesh,Agar malwa,,,,,,,,,,,,,,1.63,1,,,,0.94,2.35,2.25,1.67,
206,Madhya Pradesh,Niwari,,,,,,,,,,,,,,,,,,,,2.32,2.11,2.35,1.59
207,Madhya Pradesh,Umaria,0.5,0.56,0.53,0.66,0.61,0.58,,0.65,0.72,0.63,0.66,0.84,0.58,0.73,1,,2.33,0.75,0.88,1.27,1.02,1.31,1.01
208,Uttarakhand,Dehradun,0.22,1.53,1.58,0.96,1.72,0.7,1.56,1.63,0.43,1.7,2,1.91,2.04,2.27,1.13,1.46,1.58,1.55,1.63,2.04,1.92,1.89,2.31
209,Nagaland,Zunheboto,1.5,2.29,2.08,1.5,1.51,,,,,1.33,1.8,1.5,0.75,1,1,1,1,1,1,1,1,,
210,Bihar,Kishanganj,1.17,,1.15,1.13,1.05,1,1,,,,,,,,,,,,2,1.36,2.28,1.77,2.17
211,Bihar,Katihar,1.17,1.25,1.16,1.12,1.05,1.03,1.53,1.21,1.1,1.07,1.32,1.54,1.47,1.4,1.1,1.31,1.51,,1.99,,2.27,1.78,2.16
212,Bihar,Nalanda,1.28,1.42,1.61,1.13,1.19,1.33,1.18,1.57,1.4,1.35,1.48,1.69,1.64,1.43,0.98,1.41,1.65,1.74,2.25,1.55,2.07,2.26,2.21
213,Bihar,Patna,1.67,1.8,1.65,1.01,1.67,1.96,0.71,1.02,1.4,1.44,1.22,1.69,1.64,1.43,0.97,1.41,1.66,1.74,2.24,1.55,2.07,2.26,2.21
214,Bihar,Gaya,1.14,1.34,0.74,1.03,0.77,0.85,1.37,0.96,0.84,0.98,1.15,1.14,1.87,0.93,1.04,1.32,1.52,1.36,1.24,2.22,1.15,1.28,1.27
215,Himachal Pradesh,Chamba,0.85,1.55,0.95,0.09,1.34,0.76,1.39,1.03,1.08,0.93,1.48,1.34,2.08,1.1,2.16,1.88,1.1,1.93,1.91,1.63,1.28,1.41,1.84
216,Himachal Pradesh,Kangra,0.42,1.22,1.17,1.38,0.94,1.61,1.44,1.29,1.07,0.92,1.47,1.44,2.07,1.09,2.14,1.92,1.09,1.93,1.93,1.83,1.49,1.83,1.7
217,Bihar,Aurangabad,1.05,1.01,1.1,0.93,1.03,0.51,0.8,1.09,0.66,0.68,0.77,0.77,1.04,1.32,1.14,1.24,1.18,2.14,1.59,0.98,1.4,1.71,1.02
218,Himachal Pradesh,Mandi,0.95,1.86,2.1,1.18,1.82,1.63,1.49,1.34,0.91,0.77,1.23,1.59,1.74,0.91,1.8,1.79,0.91,1.8,1.61,1.78,1.46,1.93,1.34
219,Bihar,Pashchim champaran,0.86,2.1,1.63,1.54,1.28,0.73,1,1.04,1.09,1.25,1.31,2.05,1.53,1.45,1.9,1.3,1,,,,,,
220,Madhya Pradesh,Shajapur,1.45,1.51,1.37,2.03,1.89,1.24,,1.62,1.43,1.57,1.66,2.07,1.77,2,1,,,,2,2,,,
221,Bihar,Sitamarhi,1.13,1.8,1.2,1.35,1.28,0.74,1.01,1.04,1.09,1.25,1.51,2.07,1.53,1.45,1.67,1.33,1.44,1.56,0.89,0.44,1.88,1.75,1.71
222,Bihar,Vaishali,1.13,1.8,1.2,1.35,1.28,0.74,1,1.04,1.09,1.23,1.5,2.06,1.54,1.47,1.7,1.31,1.48,1.58,0.92,0.46,1.9,1.77,1.71
223,Bihar,Muzaffarpur,1.66,1.8,1.62,1.53,1.28,0.9,0.83,1.35,1.1,1.2,1.51,2.06,1.53,1.5,0.98,1.31,1.48,1.59,0.93,0.46,1.9,1.78,1.73
224,Bihar,Sheohar,1.09,,,,,0.5,1,1,1.14,1.33,,2.05,1.67,1.5,,,,1.5,,,,,
225,Nagaland,Mon,1.53,2.05,1.96,1.82,1.57,,,,,1.33,1.67,1.5,1,1,1,1,1,1,1,1,1,,
226,Uttarakhand,Uttar kashi,0.98,1.29,1.42,1.16,1.37,0.89,1.48,1.42,0.92,1.1,1.38,1.41,1.57,1.5,1.23,1.39,1.49,2.05,1.49,1.52,1.38,1.43,1.44
227,West Bengal,Maldah,0.54,1.04,1.01,1.23,2.04,1.41,1.43,1.61,1.97,1.13,1.38,1.47,1.42,1.42,1.39,1.4,1.41,1.42,,,,,
228,Madhya Pradesh,Anuppur,,,,0.61,0.55,0.69,,0.69,0.68,0.61,0.56,0.9,0.83,0.81,2,,2,0.8,0.62,1.15,0.79,0.88,0.82
229,Uttarakhand,Haridwar,1.18,1.15,1.06,1,1.39,0.7,1.1,1.06,1.69,1.31,2,1.9,1.23,1.83,1.07,1.17,1.5,1.71,1.29,2,1.6,2,2
230,Madhya Pradesh,Balaghat,2,,2,,,,,,,,,,,,1.5,,,1.6,,2,,1.82,1.09
231,West Bengal,Dinajpur uttar,0.5,0.38,1,1.23,1.89,1.41,1.29,1.56,1.94,1.2,1.36,2,2,1.67,1.53,1.59,1.61,,,,,,
232,Uttarakhand,Udam singh nagar,1.18,1.21,1.1,1,1.37,0.88,1.2,0.71,1.21,1.36,1.65,1.16,0.28,1.62,1.14,1.11,1.33,1.57,1.33,2,1.6,2,2
233,West Bengal,Coochbehar,,,,,,,,,2,,,1.9,,,,,,,,,,,
234,Bihar,Samastipur,1.18,1.25,1.16,1.12,1.05,1.04,1.07,1.2,1.09,1.12,1.33,1.55,1.46,1.4,1.1,1.3,1.51,1.6,2,1.37,1.9,1.78,1.73
235,Bihar,Darbhanga,1.17,1.25,0.68,1.12,1.06,1.03,1.07,1.2,1.08,1.13,1.36,1.58,1.46,1.5,1,1.25,1.53,1.6,2,,,,
236,Nagaland,Kiphire,,,,,,,,,,2,1.5,1.5,1,1,1,1,1,1,1,1,1,,
237,Madhya Pradesh,Seoni,2,1,1.14,,,,,,,,,,,,,,,,,,,,
238,Bihar,Begusarai,0.95,0.6,0.91,0.88,1.05,0.86,1.52,1.12,0.64,0.79,0.94,0.68,1.43,1.39,1.11,1.31,1.5,1.58,2,,,,
239,Chhattisgarh,Korba,0.83,0.86,0.7,0.84,0.65,0.82,0.64,1,0.91,0.79,0.53,0.7,0.46,0.85,1.26,0.54,0.92,1.03,0.77,0.49,0.56,2,1
240,Chhattisgarh,Mahasamund,,,,,,,,,,,,,1,1,1,,,,,,,2,1.5
241,Bihar,Madhepura,1.19,1.27,1.17,,1,1.04,1,1.2,,,,,,,,,,1,2,1.5,2,,
242,Jammu and Kashmir,Kargil,,,,0.81,,,,,0.87,0.87,0.87,,,,,,,,,,,,
243,Chhattisgarh,Gariyaband,,,,,,,,,,,,,,,,,,,,,,2,1.5
244,Bihar,Madhubani,1.17,1.25,1.15,1.12,1.05,1.04,1.07,1.21,1.09,1.13,1.32,1.54,1.45,1.39,1.11,1.3,1.5,1.58,2,1.43,1.9,1.75,1.75
245,West Bengal,Birbhum,,1.19,0.99,1.31,1.63,1.25,1.01,,1.62,1.3,1.38,1,1.19,1.29,1.29,1.33,1.37,1.27,2,1.7,1.67,1.6,
246,Chhattisgarh,Raipur,,,,,,,,,,,,,,,,,,,,1,,,2
247,Chhattisgarh,Mungeli,,,,,,,,,,,,,,,,,,,,,,,2
248,Chhattisgarh,Balod,,,,,,,,,,,,1,,,,,,,,,,2,
249,Nagaland,Dimapur,1.53,2,1.81,1.68,1.7,,,,,1.5,1.5,1.57,1.13,1.11,1.11,1.11,1.11,1,1,1,1,,
250,Nagaland,Kohima,1.5,2,1.78,1.1,1.46,,,,,1.25,1.5,1.5,1,1,1,1,1.2,1.2,1.2,1.2,1.2,,
251,Himachal Pradesh,Kullu,1.3,1.42,1.32,1.2,1.36,1.08,1.84,1.43,1.01,0.86,1.37,1.52,1.93,1.01,2,1.88,1.01,1.88,1.88,1.88,1.62,1.65,1.83
252,Bihar,Siwan,1.68,1.07,1.22,1.69,1.5,1.37,1.07,1.47,1.1,1.13,1.33,1.54,1.46,1.4,1.11,1.3,1.5,1.59,1.99,1.37,1.91,1.78,1.73
253,Bihar,Jamui,0.95,0.6,0.87,0.88,1.05,0.86,1.53,1.14,0.66,0.79,0.92,0.69,1.47,1.41,1.11,1.3,1.5,1.59,1.99,1.37,1.18,0.85,1.73
254,Bihar,Saran,1.68,1.07,1.22,1.69,1.49,1.81,1.07,1.47,1.09,1.13,,1.55,1.43,1.38,1.13,1.31,,1.57,1.98,1.37,1.9,1.79,1.73
255,Bihar,Khagaria,0.95,0.6,0.87,0.89,1.06,0.86,0.77,1.14,0.66,0.79,0.93,0.69,1.47,1.4,1.11,1.3,1.5,1.58,1.98,1.36,1.18,0.86,1.73
256,Nagaland,Mokokchung,1.46,1.91,1.97,1.74,1.63,,,,,1.5,1.75,1.75,0.75,1,1,1,1,1,1,1,1,,
257,West Bengal,Murshidabad,0.49,1.17,0.89,1.65,0.87,0.83,0.43,0.85,1.13,1.96,1.38,1.33,1.84,1.5,1.43,1.41,1.42,1.43,1.9,1.92,1.89,1.33,
258,West Bengal,Nadia,0.5,1.72,0.55,1.39,0.78,0.9,0.55,0.88,1.19,1.96,1.38,1.6,1.67,1.51,1.5,1.44,1.47,,,,,,
259,Himachal Pradesh,Bilaspur,0.84,1.39,1.3,1.16,1.44,1.16,1.4,1.19,0.91,0.82,1.3,1.93,1.83,0.97,1.89,1.92,0.97,1.95,1.95,1.65,1.34,1.68,1.58
260,West Bengal,Darjeeling,,,,,1.91,,,,,,,1.5,1.38,1.44,1.4,1.42,1.42,,,,,,
261,Nagaland,Wokha,1.47,1.91,1.9,1.51,1.46,,,,,1.13,1.57,1.67,1,1,1,1,1,1,1,1,1,,
262,West Bengal,Jalpaiguri,,1.04,,1.25,1.9,,1.25,1.5,,1.15,1.33,1.4,1.27,1.38,1.4,1.27,1.3,,,,,,1.86
263,Uttarakhand,Champawat,1.47,1.29,1.44,1.44,1.86,1.02,1.02,1,0.93,1.23,1.19,1.27,1.37,1.31,1.32,0.66,1.36,1.73,1.7,1.88,1.21,1.57,1.64
264,Nagaland,Tuensang,1.5,1.86,1.85,1.04,1.88,,,,,1.33,1.67,1.67,1,1,1,1,1,1,1,1,1,,
265,Jammu and Kashmir,Leh ladakh,0.88,0.87,0.87,0.87,0.87,,0.87,0.87,0.87,0.88,0.91,0.91,0.9,0.9,,0.9,0.9,0.9,0.9,,,,
266,Bihar,Bhagalpur,0.99,0.91,0.78,0.97,0.58,0.66,0.87,0.74,0.95,0.91,1.16,1.6,0.95,1.49,0.31,0.94,0.76,0.68,0.87,1.06,1.86,0.86,1.05
267,Uttarakhand,Nainital,0.43,1.19,1.08,1.04,1.53,0.89,1.26,1.16,1.2,1.42,1.51,1.32,1.83,1.39,1.17,0.97,1.38,1.46,1.41,1.74,1.28,1.71,1.39
268,Himachal Pradesh,Lahul and spiti,0.83,1.39,1.3,1.16,1.44,1.16,1.41,1.19,0.9,0.76,1.21,1.33,1.7,0.89,1.76,0.89,0.89,0.89,1.78,1.78,1.34,1.68,1.58
269,Himachal Pradesh,Solan,0.46,1.14,0.83,0.72,1.14,0.6,1.27,0.86,0.6,0.49,0.2,1.76,1.1,0.58,1.14,1.47,0.58,1.47,1.47,1.57,0.62,0.91,1.34
270,Himachal Pradesh,Hamirpur,0.83,1.39,1.3,1.16,1.44,1.16,1.41,1.18,0.91,0.69,1.08,1.74,1.51,0.82,1.55,1.53,0.81,1.66,1.76,1.76,1.34,1.67,1.58
271,Chhattisgarh,Surguja,0.83,0.82,0.83,1.01,0.93,0.84,0.85,1.19,0.9,0.78,0.53,0.75,0.48,0.91,0.83,0.66,0.98,0.96,0.77,0.7,0.64,1.75,1
272,Madhya Pradesh,Narsinghpur,,,,,,,,,,,,,,1.75,,,,,,,,,
273,Bihar,Arwal,,,,1.03,0.87,0.71,,1.04,0.74,0.81,0.91,0.91,1.34,1.13,1.1,1.27,1.34,1.74,1.38,1.29,1.33,1.55,1.12
274,Bihar,Nawada,1.09,1.15,0.92,0.97,0.87,0.71,1.02,1.03,0.73,0.81,0.88,0.91,1.34,1.12,1.09,,1.29,1.74,1.39,1.3,1.33,,
275,Bihar,Lakhisarai,0.95,,0.87,0.9,1.06,0.86,1.52,,,,,,1.44,,,,,,,,,0.88,1.73
276,Bihar,Gopalganj,1.68,1.07,1.21,1.69,1.49,1.52,1.06,1.47,1.1,1.13,1.32,1.53,,,,,,,,,,,1.73
277,Bihar,Kaimur (bhabua),1.04,1.14,1.54,1.29,1.01,1.17,1.54,1.1,0.91,0.95,1.16,1.24,1.45,1.53,1.01,1.52,1.33,1.17,1.55,1.45,1.33,1.73,1.67
278,Uttarakhand,Tehri garhwal,0.66,1.12,1.19,1,1.47,0.62,1.1,0.99,0.77,0.84,1.2,1.24,1.36,1.38,1.22,1.08,1.5,1.27,1.7,1.55,1.23,1.48,1.49
279,Uttarakhand,Chamoli,1.04,1.47,1.4,1.24,1.41,1.7,1.5,1.39,0.96,1.32,1.5,1.4,1.39,1.39,1.31,1.16,1.28,1.3,1.44,1.45,1.49,1.47,1.6
280,Uttarakhand,Pithoragarh,1.43,1.19,1.57,1.19,1.55,1.19,1.38,1.26,1.04,1.37,1.36,1.32,1.43,1.37,1.31,0.96,1.4,1.37,1.42,1.17,1.63,1.67,1.53
281,Nagaland,Longleng,,,,,,,,,,1.67,1.67,1.67,1,1,1,1,1,1,1,1,1,,
282,Bihar,Sheikhpura,0.95,,,,,1,,1.14,0.66,0.83,1,1,,,,,,1.67,,,,,
283,Madhya Pradesh,Betul,,1,,,,,,,,,,,,,,,,,,,,1.67,
284,Uttarakhand,Bageshwar,1.51,1.26,1.45,1.11,1.37,0.59,1.17,1.17,1.04,1.21,1.29,1.66,1.26,1.29,0.98,1.59,1.46,1.2,1.35,1.49,1.21,1.57,1.34
285,Uttarakhand,Rudra prayag,1.02,1.28,1.52,1.04,1.29,1.1,1.33,1.33,1.18,1.33,1.48,1.63,1.43,1.45,1.18,1.04,1.21,1.24,1.23,1.31,1.19,1.09,1.22
286,Sikkim,Namchi,1,0.76,1,1.5,1.5,1.6,1,0.7,0.93,0.83,0.84,0.8,0.91,0.92,0.9,0.93,0.93,0.92,1,1,,0.99,1
287,Bihar,Araria,1.17,1.25,1.17,1.12,1.05,1.04,1.07,1.19,1.11,,1.29,1.6,1.4,,,,,,,,,,
288,Uttarakhand,Pauri garhwal,0.75,0.95,1.04,0.91,1.15,0.3,0.95,0.84,0.69,0.94,1.08,1.06,1.24,1.23,1.13,0.99,1.15,1.48,1.58,1.46,1.28,1.48,1.34
289,Bihar,Saharsa,1.15,1.26,1.15,1.13,1,1,1,,,,,,,,1.11,1.31,1.51,1.58,,,,,
290,Bihar,Munger,0.95,0.6,0.87,0.88,1.05,0.85,1.54,1.17,0.67,0.8,0.92,0.68,1.46,1,1,,,,,,,,
291,Chhattisgarh,Bemetara,,,,,,,,,,,,0.88,0.55,0.39,0.58,0.64,,,,0.57,0.82,1.5,1
292,Nagaland,Peren,,,,,,,,,,1.4,1.25,1.5,1,1,1,1,1,1,1,1,1,,
293,Sikkim,Geyzing,1.04,1.36,1.49,1.33,1.33,1.36,1.28,0.92,1.11,0.98,0.98,1,0.9,0.9,0.9,0.92,0.92,,,,,0.94,
294,Jammu and Kashmir,Jammu,0.49,0.49,0.5,0.5,0.5,,0.5,0.5,0.5,0.5,1.48,1.48,1.48,1.48,,1.48,1.48,1.48,1.48,1.29,0.59,1.48,1.48
295,Chhattisgarh,Korea,0.87,0.83,0.42,0.96,0.76,0.72,0.67,0.91,0.9,0.69,0.49,0.7,0.4,0.8,1.09,0.47,0.66,0.76,0.61,0.48,0.46,1.46,0.88
296,Chhattisgarh,Bilaspur,0.82,0.86,0.38,0.83,,0.82,1.22,1.22,1,1,0.5,0.67,0.67,1,1,1,1,0.56,1,,1,1.42,
297,Uttarakhand,Almora,0.85,0.87,0.82,0.7,1.26,0.41,0.99,0.67,0.71,0.81,1.04,1.06,1.2,1.36,1.03,0.53,0.92,0.99,1.09,1.25,0.75,1.06,1.02
298,Sikkim,Gangtok,1.15,1.29,1.2,1.14,1.14,1.18,1.07,1.06,0.9,0.9,0.9,0.93,1.04,1.09,1.07,1.08,1.09,1.09,1.15,1.15,1.15,1.01,1.13
299,Chhattisgarh,Surajpur,,,,,,,,,,,,0.75,0.92,1.01,1.03,0.69,0.96,1.12,0.85,0.64,0.72,1.28,1.19
300,Chhattisgarh,Jashpur,0.94,0.94,0.74,0.83,0.8,0.94,0.63,1.05,1,1,0.5,0.89,0.64,1,1.27,0.63,,,,,,,
301,Bihar,Supaul,1.17,1.26,1.15,1.11,1,1.03,1,1.22,1,,,,,,,,,,,,,,
302,Bihar,Purnia,1.14,1.25,1.2,1.1,1.08,1,1.06,,,,1,,,,,,,,,,,,
303,West Bengal,Dinajpur dakshin,1.07,0.81,0.62,1.23,,,,,,,,,,,,,,,,,,,
304,West Bengal,Bankura,,,,,,,,,,,,1.2,,,,,,,,,,,
305,Sikkim,Mangan,1,0.66,0.71,0.79,0.86,1,0.86,1,0.8,1.01,1.18,1.14,1.07,1.08,1.07,1.09,1.1,1.1,1.19,1.19,1.19,0.98,1.2
306,West Bengal,Purba bardhaman,,1.19,,,,,,,,,,,1,1,,,,,0.67,,,,
307,Jharkhand,Godda,,,,1.19,,,,,,,,,,,,,,,,,,,
308,Chhattisgarh,Balrampur,,,,,,,,,,,,0.75,0.26,0.92,1.12,,0.9,1.06,0.8,0.52,0.7,0.55,1.06
309,Chhattisgarh,Baloda bazar,,,,,,,,,,,,,,,,,,,,1,1,,
310,Himachal Pradesh,Una,1,,,,,,,,,,,,,,,,,,,,,,
311,West Bengal,24 paraganas south,,,,,,0.93,,0.88,,,,,,,,,,,,,,,
312,Jammu and Kashmir,Reasi,,,,,,,,0.92,0.92,0.81,0.9,0.92,0.88,0.92,,0.92,0.81,0.86,0.89,0.75,0.75,0.92,
313,Jammu and Kashmir,Udhampur,0.92,0.92,0.92,0.92,0.92,,0.92,0.92,0.92,0.92,0.92,0.92,0.92,0.92,,0.87,0.92,0.92,0.92,0.68,0.9,0.92,0.92
314,Jammu and Kashmir,Bandipora,,,,,,,,,,,,,0.9,0.9,,,,,,,,,
315,Jammu and Kashmir,Kathua,0.89,0.88,0.88,0.88,0.88,,0.88,0.88,0.88,0.88,0.88,0.88,0.88,0.88,,0.88,0.88,0.88,0.88,0.86,0.88,0.88,0.88
316,Jharkhand,Hazaribagh,,,,0.85,,,,,,,,,,,,,,,,,,,
317,Chhattisgarh,Manendragarh chirimiri bharatpur,,,,,,,,,,,,,,,,,,,,,,,0.84
318,Chhattisgarh,Sukma,,,,,,,,,,,,,,,,,,,,0.83,,,
319,Jharkhand,Palamu,,,,0.79,,,,,,,,,,,,,,,,,,,
320,Sikkim,Pakyong,,,,,,,,,,,,,,,,,,,,,,,0.72
321,Chhattisgarh,Raigarh,,,,,,,,,,,,,,,,,,,,,0.67,,
322,Jharkhand,Garhwa,,,,,0.61,,,,,,,,,,,,,,,,,,
323,Jammu and Kashmir,Samba,,,,,,,,0.32,0.5,0.44,0.5,0.5,0.5,0.5,,0.5,0.5,0.5,0.5,0.49,0.5,0.5,0.5
324,Jammu and Kashmir,Ganderbal,,,,,,,,,,,0.41,0.41,0.41,,,0.35,0.35,0.35,,0.35,0.35,,
325,Jammu and Kashmir,Kishtwar,,,,,,,,0.32,0.32,0.32,0.32,0.32,0.32,0.32,0.35,0.32,0.32,0.32,0.32,0.32,0.32,0.32,0.32
326,Jammu and Kashmir,Doda,0.32,0.32,0.32,0.32,0.32,0.26,0.32,0.32,0.32,0.32,0.32,0.32,0.32,0.32,,0.32,0.32,0.32,0.32,0.32,0.32,0.32,0.32
327,Jammu and Kashmir,Ramban,,,,,,,,0.32,0.32,0.32,0.32,0.32,0.32,0.32,,0.32,,0.32,0.32,0.32,0.32,0.32,0.32
328,Jammu and Kashmir,Srinagar,,,,0.25,,,,,,,,,,,,,,,,,,,
329,Madhya Pradesh,Chhindwara,,0.19,,,,,,,,,,,,,,,,,,,,,
