Crop: Ginger,,,,,,,,,,,,,,,,,,,,,,,,,
S.No.,State,District,2000 - 2001,2001 - 2002,2002 - 2003,2003 - 2004,2004 - 2005,2005 - 2006,2006 - 2007,2007 - 2008,2008 - 2009,2009 - 2010,2010 - 2011,2011 - 2012,2012 - 2013,2013 - 2014,2014 - 2015,2015 - 2016,2016 - 2017,2017 - 2018,2018 - 2019,2019 - 2020,2020 - 2021,2021 - 2022,2022 - 2023
,,,Yield (Ton./Ha.),Yield (Ton./Ha.),Yield (Ton./Ha.),Yield (Ton./Ha.),Yield (Ton./Ha.),Yield (Ton./Ha.),Yield (Ton./Ha.),Yield (Ton./Ha.),Yield (Ton./Ha.),Yield (Ton./Ha.),Yield (Ton./Ha.),Yield (Ton./Ha.),Yield (Ton./Ha.),Yield (Ton./Ha.),Yield (Ton./Ha.),Yield (Ton./Ha.),Yield (Ton./Ha.),Yield (Ton./Ha.),Yield (Ton./Ha.),Yield (Ton./Ha.),Yield (Ton./Ha.),Yield (Ton./Ha.),Yield (Ton./Ha.)
1,Tamil Nadu,Kanniyakumari,26.5,,16.06,14.15,19.4,19.27,18.67,19.07,20,16.07,,11,,7,4.29,8.83,24,19.5,18.5,11.33,20.5,23,48
2,Karnataka,Mysore,13.06,13.06,13.06,13.06,13.06,13.06,13.06,20.52,38.42,36.37,3.17,3.15,31.48,32.24,31.9,39.49,38.41,28.69,13.25,10.74,9.76,11.33,11
3,Karnataka,Kodagu,12.94,12.94,12.94,12.94,12.94,12.94,12.94,20.52,29.33,38.02,6.64,2.93,29.26,27.64,39.07,33.2,33.16,29.49,6.96,10.46,10.44,10.98,11.42
4,Karnataka,Hassan,13.03,13.03,13.03,13.03,13.03,13.03,13.03,22.81,33.55,31.49,3.51,3.18,31.86,33.84,32.47,38.36,25.44,28.93,16.83,9.19,13.29,13.56,10.19
5,Karnataka,Shimoga,14.16,14.16,14.16,14.16,14.16,14.16,14.16,15.57,26.02,25.49,3.23,3.28,32.76,19.6,18.89,37.55,18.38,20.12,15.12,9.23,11.35,11.98,9.99
6,Karnataka,Gadag,,13.17,,,13.17,,,,,,,,,,29,37.5,25.5,,15.4,10.46,11.69,12.31,6.86
7,Karnataka,Bengaluru urban,11.75,,,,,,,,,,,,31.8,27.75,29.09,37.36,25.25,25.83,15.39,10.46,11.69,12.6,15.81
8,Karnataka,Tumkur,13.5,13.5,13.5,13.5,13.67,13.5,13.5,20.5,32,31,3.63,3.18,31.87,27.63,29.04,37.36,25.29,25.82,15.39,10.46,11.69,12.57,9.81
9,Karnataka,Chikballapur,,,,,,,,,,,3.61,3.18,31.87,27.62,29,37.35,25.3,25.84,15.39,10.46,11.69,12.58,9.53
10,Karnataka,Ramanagara,,,,,,,,20.5,31.75,31.5,,3.18,31.86,27.5,29,37.35,25.29,25.82,15.39,10.46,11.69,12.59,8.53
11,Karnataka,Mandya,13.2,13.2,13,13,13.2,13.13,13.16,20.52,31.86,31.48,3.62,3.18,31.85,27.63,29.04,37.34,25.29,25.83,15.39,10.46,11.69,11.44,10
12,Karnataka,Davangere,,13.2,13.11,13.25,13,13.11,13.25,20.5,32,31,3.62,3.18,,27.75,29,37.34,25.29,25.83,15.39,10.46,11.69,12.57,12.76
13,Karnataka,Chikmagalur,12.23,12.23,12.23,12.23,12.23,12.23,12.23,20.52,31.86,31.49,3.43,3.03,30.31,31.87,29.05,37.33,25.28,24.95,16.39,10.62,11.69,9.91,10.89
14,Karnataka,Koppal,,,,,,,,,,,,,,,,37.33,,,15.4,10.45,11.69,12.3,9.87
15,Karnataka,Dakshin kannad,11.77,11.77,11.77,11.77,11.77,11.77,11.77,20.52,31.86,31.49,3.62,3.18,31.86,34.07,29.05,37.33,25.28,25.83,15.4,,11.7,12.3,
16,Karnataka,Bagalkot,,,,,,,,,,,,,,,29.04,37.33,25.27,25.88,15.38,10.45,11.69,12.31,8.01
17,Karnataka,Bangalore rural,11.68,11.68,11.67,11.67,11.67,11.67,11.67,20.52,31.86,31.49,3.62,3.18,31.85,27.67,29.09,37.33,25.29,25.83,15.39,10.46,11.69,11.69,7.54
18,Karnataka,Haveri,13.19,13.19,13.19,13.19,13.19,13.19,13.19,12,31.85,31.49,3.62,3.18,31.86,27.64,29.05,37.33,25.28,20.59,18.27,13.17,13.81,15.19,11
19,Karnataka,Uttar kannad,12.73,12.74,12.72,12.74,12.71,12.73,12.73,20.52,31.86,31.49,3.62,3.18,31.86,18.98,29.05,37.33,25.29,25.83,15.39,10.46,11.69,11.69,31.89
20,Karnataka,Chamarajanagar,,,,,,13,13,21,31.86,31.5,3.62,3.18,31.86,27.63,29.06,37.33,25.28,25.83,15.39,10.46,11.69,12.56,10
21,Karnataka,Udupi,11.77,11.77,11.77,11.77,11.77,11.78,11.77,20.52,31.86,31.49,3.62,3.18,31.86,27.64,29.04,37.33,25.28,25.83,15.4,10.5,11.7,12.3,
22,Tamil Nadu,Coimbatore,,,,,19,,,,20,16,,11,,,4.2,8.75,21.5,19.5,19.33,15.4,18.68,37.06,31.55
23,Karnataka,Bellary,,13,,13,13,13,13,21,32,31,3.6,,,,,37,,26,15.4,10.46,11.69,12.31,
24,Karnataka,Dharwad,,,,,,,,,,,,,,,29,37,,,15.38,10.47,11.69,12.6,8.75
25,Karnataka,Gulbarga,13,13.07,13.08,13.07,13,13,13,20.6,31.89,31.5,3.62,3.18,32,,,,,25.83,15.39,10.46,11.69,12.54,11.95
26,Karnataka,Bidar,12.71,12.71,12.71,12.71,12.71,12.71,12.71,20.52,31.86,31.49,3.62,3.18,31.86,16.37,15.83,16.06,18.24,25.83,15.39,13.9,13.95,14,11.5
27,Karnataka,Belgaum,,,,,,,,20.5,31.8,,3.62,,31.83,27.67,29.05,,25.5,25.8,15.4,10.46,11.69,12.31,14.8
28,Tamil Nadu,Chengalpattu,,,,,,,,,,,,,,,,,,,,,,30,
29,Tamil Nadu,Tirunelveli,26.49,,16,14,,19,18.5,,,,,11.05,,7,4,8.83,30,,,18,,30,
30,Madhya Pradesh,Umaria,1.25,1.33,0.91,1.2,1.39,,1.38,,,1.1,1.3,0.88,1.65,2.3,,5.57,29.57,6.4,6.4,11.37,,,
31,Meghalaya,South west garo hills,,,,,,,,,,,,,,29.12,25.84,28.27,27.99,27.99,27.99,27.99,27.99,27.99,18.59
32,Tamil Nadu,Thiruvallur,,,,,,,,,,,,,,,,,,,,,,26.67,
33,Madhya Pradesh,Alirajpur,,,,,,,,,,1.22,1.38,1,1.38,2.3,,25,26.5,26.5,26.5,19.52,,,
34,Tamil Nadu,Erode,26.5,,,,,19.33,18.64,19.07,20,16,,11,,7,4.27,8.82,15.43,19.5,18.95,15.41,18.89,26.14,24.16
35,Tamil Nadu,Dindigul,26.48,,16,14.2,19.33,19.5,18.5,18.67,20,16.06,,11,,,,,26,20,25,,18,23.6,24
36,Tamil Nadu,The nilgiris,26.46,,16.02,14.18,19.3,19.29,18.64,19.04,20,16.05,,11.04,,6.96,4.23,8.84,21.99,19.54,19.27,15.79,19.18,24.13,23.38
37,Tamil Nadu,Thanjavur,,,16,14,19,19.33,18.67,19,20,,,11,,7,4,8.86,26,19.6,,20,19,24.43,23.92
38,Tamil Nadu,Virudhunagar,26,,,,,,,,,,,,,,,,,,,,,,
39,Karnataka,Chitradurga,13.17,,,,,,,,,,,,,,,,25.5,26,15.39,10.46,11.69,12.66,9.08
40,Madhya Pradesh,Sagar,1.19,1.19,0.8,1.19,1.19,,1.04,,,1.39,0.95,1.06,1.5,1.67,,25.01,25.01,25.56,25.34,19.87,,,
41,Madhya Pradesh,Gwalior,,,0.33,,,,,,,,,,,,,25,25,25,25,25,,,
42,Tamil Nadu,Krishnagiri,,,16,,19.5,19.5,19,19,20,,,,,,4,9,,,,,19,25,24
43,Madhya Pradesh,Indore,1.7,1.43,1.5,1.59,1.63,,1.73,,,1.85,1.91,1.44,1.5,2.18,,20,25,20,20,20,,,
44,Tamil Nadu,Tiruvannamalai,,,,,,,,,,,,,,,,,,,,,,25,
45,Tamil Nadu,Mayiladuthurai,,,,,,,,,,,,,,,,,,,,,,25,
46,Madhya Pradesh,Khandwa,0.96,1.14,0.95,1.16,0.94,,1.25,,,1.25,1.35,0.88,1.11,1.06,,25,12.43,12.43,12.4,12.4,,,
47,Madhya Pradesh,Khargone,0.5,0.78,0.74,1,0.99,,0.92,,,1.08,1.05,0.8,0.82,0.82,,24.2,24.3,24.29,24.3,19.52,,,
48,Tamil Nadu,Thenkasi,,,,,,,,,,,,,,,,,,,,,8,10.5,24
49,Tamil Nadu,Theni,,,,,,,,,,,,,,,4,,19.67,20,,,,,24
50,Tamil Nadu,Vellore,,,,,,,,19,,,,,,7,4.2,9,18,20,19,16.67,,,24
51,Tamil Nadu,Tiruppur,,,,,,,,,,,,,,,,9,,,,,,,24
52,Tamil Nadu,Salem,,,16,,,,,,20,,,11,,,,9,22,,19,16,19.13,16.5,23.91
53,Madhya Pradesh,Dhar,0.75,1.07,1.31,1.32,1.26,,1.33,,,1.46,1.46,1.22,1.53,3.69,,12,19.03,23.5,23.3,18.91,,,
54,Madhya Pradesh,Burhanpur,,,,1.14,0.92,,1.29,,,1.3,0.93,1,1.09,1.04,,23.32,23.35,23.35,23.35,19.74,,,
55,Tamil Nadu,Pudukkottai,,,,,,,,,,,,,,,,,,,,,,23.08,
56,Arunachal Pradesh,East siang,8.14,7.96,8.31,8.27,22.01,8.79,8.79,8.37,8.37,9.76,9.76,9.78,9.16,8.96,8.63,7.67,7.57,7.47,7.37,7.24,7.24,7.32,7.32
57,Madhya Pradesh,Dewas,0.83,0.83,0.83,0.97,0.86,,1.03,,,0.95,1.09,0.87,0.91,0.85,,21.1,21.1,21.16,21.18,21.18,,,
58,Madhya Pradesh,Sidhi,0.54,0.71,0.52,0.57,0.7,,0.88,,,0.96,0.88,0.58,1.11,1.36,,20,20.78,20,20,18.98,,,
59,Madhya Pradesh,Ratlam,1.09,1.14,1.11,1.1,1.47,,1.28,,,1.37,1.18,1.18,1.23,1.13,,18.15,18.16,20.46,18.17,18.26,,,
60,Madhya Pradesh,Vidisha,0.77,0.79,0.87,0.84,0.81,,0.85,,,0.85,0.85,0.8,1.17,1.17,,16.2,19.98,20.11,20.42,18.53,,,
61,Arunachal Pradesh,Anjaw,,,,,7,7,7.59,7.37,7.54,8,8,8.05,8.17,8.17,20.16,4.71,5.03,4.73,4.82,4.75,4.82,5.19,5.19
62,Madhya Pradesh,Shivpuri,0.98,1,0.35,1.15,0.88,,0.92,,,0.86,1,0.7,0.71,0.9,,20,20,20,20,13.73,,,
63,Madhya Pradesh,Chhindwara,1.55,1.81,1.71,1.74,1.56,,1.72,,,1.72,1.72,1.77,2.65,2.65,,20,20,20,20,19.74,,,
64,Madhya Pradesh,Bhopal,0.73,1,0.83,0.83,0.89,,0.9,,,1,1.13,1,1.43,1.4,,5.29,5.43,20,20,19.69,,,
65,Uttarakhand,Haridwar,8.5,,,,,,,,,,,9,,6,20,8.67,,,,,,,
66,Madhya Pradesh,Jhabua,0.57,1.16,1.45,1.44,1.21,,1.31,,,1.24,1.26,0.94,1.65,2.34,,20,12,12,12,12,,,
67,Telangana,Rangareddi,3.9,2.27,1.64,3.18,9.42,11.85,5.23,,7.08,9.21,9.33,9.24,,6.62,7.55,2.5,,,,,8.94,19.8,
68,Madhya Pradesh,Agar malwa,,,,,,,,,,,,,,1,,19.76,19.76,19.76,19.76,19.76,,,
69,Haryana,Panchkula,,,,,,,,,,,1.64,1.75,,13.91,15.38,15.33,18.63,7.5,7.99,8.19,,,
70,Tamil Nadu,Namakkal,,,16,14.18,,,18.63,,,,,11.04,,,,9,,,,,,,
71,Uttarakhand,Dehradun,9.38,9.36,9.8,8.22,8.26,9.04,9.83,10.91,13.97,9.82,10.65,14.92,15.86,11.64,18.6,11.55,12.24,14.3,13.53,15.94,12.43,14.17,15.28
72,Madhya Pradesh,Anuppur,,,,1.32,1.36,,1.39,,,0.82,0.66,1.08,1.75,1.75,,16,17,17,17.2,18,,,
73,Uttarakhand,Tehri garhwal,17.33,15.5,14.43,18,16,18,12.5,12.8,8.77,11.6,9.87,9.71,11.56,8.85,12.32,10.8,13.2,13.66,12.55,8.6,16.83,13.21,10.55
74,Madhya Pradesh,Singrauli,,,,,,,,,,1.17,0.9,0.66,1.28,0.89,,13.8,13.9,15,16,18,,,
75,Madhya Pradesh,Balaghat,1.74,2.03,1.73,1.74,1.74,,2.17,,,2.02,2.02,1.76,1.76,1.89,,15.81,15.16,17.14,17.21,17.29,,,
76,Madhya Pradesh,Narsinghpur,1.68,1.73,1.75,1.78,1.78,,1.78,,,1.73,1.73,1.49,1.85,1.99,,16.67,16.67,16.67,16.63,16.63,,,
77,Arunachal Pradesh,Dibang valley,7,9,16.67,8,4.38,7.17,1.6,5.94,6.25,6.25,4,4.13,2.74,2.87,3.1,4.78,4.9,4.78,4.82,4.79,4.82,5.09,5.08
78,Manipur,Chandel,1.6,1.64,1.62,1.64,1.63,1.67,1.67,1.65,11.89,11.97,11.64,11.6,11.8,12,12,12,8.02,16.17,16.17,,,,
79,Uttarakhand,Champawat,11,11,11,7.5,8,7.5,8.5,8,16.07,7.05,7.94,9.03,5.26,7.13,9.91,8.1,9.4,10.77,12.58,15.2,14.4,13.03,15.25
80,Madhya Pradesh,Shahdol,1.32,1.32,0.9,1.24,1,,1.25,,,1.16,1.4,0.82,1.6,2.14,,14.5,16.01,14.75,14.96,14.97,,,
81,Madhya Pradesh,Mandsaur,,,,,,,0.5,,,,,,0.5,,,16,16,16,16,16,,,
82,Madhya Pradesh,Hoshangabad,1.3,1.24,1.23,1.25,1.27,,1.29,,,1.29,1.37,1.11,1.39,1.63,,16,15.5,15.5,14.91,14.91,,,
83,Tamil Nadu,Dharmapuri,,,16,,,,,,,,,,,,,9,,,,,,,
84,Haryana,Yamunanagar,,,,,,,,,,,,,,14.75,15.94,15.52,14.18,7.64,,,,,
85,Madhya Pradesh,Katni,0.97,1.2,0.76,1.12,0.96,,0.85,,,0.92,0.83,0.66,1.33,2.23,,12.83,13.64,15.8,15.8,15.8,,,
86,Odisha,Kalahandi,1.78,1.73,1.8,1.88,1.83,,,,,,,,,,,,,,,15.7,,,
87,Karnataka,Raichur,13.17,13.11,,,,,,,,,,,,,,,,,15.4,10.47,11.7,12.3,
88,Karnataka,Kolar,,,,,,,,,,,,,,,,,,,15.39,10.46,11.69,12.47,14.36
89,Karnataka,Bijapur,,,,,,,,,,,,,,,,,,,15.38,10.46,11.69,12.47,2.46
90,Madhya Pradesh,Mandla,0.8,1.35,1.46,1.25,1.17,,1.4,,,1.35,1.26,0.85,1.22,2.17,,15.29,12.73,12.77,12.79,12.8,,,
91,Madhya Pradesh,Damoh,1.07,1.23,1.23,1.21,1.25,,0.87,,,1.45,1.5,1.17,1.61,1.94,,15,15,15,15.25,15,,,
92,Odisha,Sonepur,,1.88,1,1,1.18,,,,,,,,,,,,,,,15.2,,,
93,Madhya Pradesh,Ashoknagar,,,,0.85,,,1,,,1.05,0.78,0.86,1.67,1.5,,15,15,15,15.1,15.1,,,
94,Madhya Pradesh,Ujjain,1,0.75,0.33,1,0.8,,0.83,,,1,1,0.67,,1,,14.6,14.6,14.9,15,15.1,,,
95,Madhya Pradesh,Jabalpur,1.32,1.55,1.46,1.57,1.66,,1.94,,,1.55,1.6,1.55,1.69,1.69,,15,15,15.01,14,15.01,,,
96,Madhya Pradesh,Datia,0.82,0.88,0.29,1,0.73,,0.75,,,0.73,0.56,0.56,,0.88,,15,15,15,15,15,,,
97,Madhya Pradesh,Neemuch,,1,,,,,,,,,,,,,,11,10,15,10,10,,,
98,Madhya Pradesh,Tikamgarh,2.01,2,0.94,1.57,1.25,,1.57,,,1.25,1.25,0.95,1.01,1.14,,12,12.3,12.3,15,15,,,
99,Madhya Pradesh,Barwani,0.6,0.75,0.73,0.79,0.81,,0.55,,,0.6,0.65,0.48,1.84,1.78,,10,15,15,15,15,,,
100,Madhya Pradesh,Guna,0.97,1,0.51,1,0.92,,1,,,1.06,1,0.82,1.04,1.19,,15,15,15,15,15,,,
101,Odisha,Sambalpur,1.93,1.93,1.9,1.88,1.89,,,,,,,,,,,,,,,15,,,
102,Madhya Pradesh,Shajapur,1,1,,1,1,,,,,1,1,1,1,1,,14.9,14.94,14.95,14.94,14.94,,,
103,Haryana,Ambala,,,,,,,,,,,,,,14.86,10.48,12.5,,,,,,,
104,Madhya Pradesh,Seoni,0.87,1.35,1.16,1.25,1.16,,1.25,,,1.25,1.25,1.03,1.93,2.77,,14,14.6,14.1,14.21,14.21,,,
105,Odisha,Bargarh,2.06,2.05,2.03,2.05,2.04,,,,,,,,,,,,,,,14.58,,,
106,Madhya Pradesh,Sehore,0.71,0.87,0.8,0.88,,,0.88,,,1.14,1,1,1.33,1.5,,14.5,14.15,14.15,14.15,14.15,,,
107,Karnataka,Yadgir,,,,,,,,,,,,,,,,,,,,10.47,11.69,12.31,14.48
108,Andaman and Nicobar Islands,North and middle andaman,3.18,3.27,,,,,9.42,,,,9.2,9.45,9.05,9.07,9.87,13.72,13.15,14.33,2.66,3.04,4.1,,
109,Odisha,Jharsuguda,1.85,1.84,1.85,1.85,1.85,,,,,,,,,,,,,,,14.22,,,
110,Odisha,Rayagada,1.81,1.79,1.9,1.88,1.89,,,,,,,,,,,,,,,14.21,,,
111,Uttarakhand,Chamoli,5.14,,7.33,,8,8,7.6,7,8,8,7.67,7.6,9.65,14,14,14.14,10,,10.33,8.5,8.5,13,
112,Odisha,Bhadrak,1.77,1.81,2,2.1,2.06,,,,,,,,,,,,,,,14,,,
113,Odisha,Deogarh,1.9,1.38,1.43,1.4,1.41,,,,,,,,,,,,,,,14,,,
114,Odisha,Balangir,1.21,1.23,1.23,1.25,1.23,,,,,,,,,,,,,,,14,,,
115,Madhya Pradesh,Chhatarpur,0.68,0.73,0.52,0.62,0.68,,0.64,,,0.61,0.58,0.37,0.68,0.84,,14,14,13.56,13.42,13.41,,,
116,Haryana,Sonipat,,,,,,,,,,,,,,,,14,12.5,8,6.5,12.5,,,
117,Odisha,Puri,4,2,2,1.33,1.73,,,,,,,,,,,,,,,14,,,
118,Odisha,Sundargarh,2,2.02,1.89,1.89,1.89,,,,,,,,,,,,,,,14,,,
119,Uttarakhand,Udam singh nagar,,9,,7,7,6.5,13.5,14,,,,,,11.33,,8.5,,11,,,12,,
120,Odisha,Kandhamal,2.07,2.05,2.06,2.06,2.06,,,,,,,,,,,,,,,13.97,,,
121,Odisha,Nabarangpur,1.9,1.86,1.86,1.86,1.85,,,,,,,,,,,,,,,13.93,,,
122,Madhya Pradesh,Satna,0.69,0.87,0.67,0.77,0.7,,0.87,,,0.8,0.72,0.63,0.6,0.9,,13.92,13.22,13.3,12.65,13.54,,,
123,Uttarakhand,Nainital,8,8.57,8.76,7.9,8.98,7.87,9,9.5,8.42,8.44,10.01,11.08,11.16,11.02,10.88,8.6,11.33,11.01,13.08,9.51,11.99,13.84,12
124,Odisha,Gajapati,2.05,2.05,2.02,2.02,2.01,,,,,,,,,,,,,,,13.63,,,
125,Odisha,Dhenkanal,1.75,1.81,1.81,1.79,1.8,,,,,,,,,,,,,,,13.56,,,
126,Odisha,Nuapada,1.75,1.63,1.75,1.81,1.8,,,,,,,,,,,,,,,13.54,,,
127,Manipur,Imphal east,1.5,,,1.5,2,,2,,11.5,11.5,11.42,11.6,11.8,12,13.43,13,13.02,,,,,,
128,Odisha,Baleshwar,2.07,2.07,2.06,2.06,2.06,,,,,,,,,,,,,,,13.41,,,
129,Odisha,Anugul,2.09,2,1.26,1.29,1.28,,,,,,,,,,,,,,,13.39,,,
130,Odisha,Nayagarh,1.77,1.8,1.83,1.83,1.83,,,,,,,,,,,,,,,13.38,,,
131,Odisha,Kendrapara,1.79,1.75,1.87,1.85,1.86,,,,,,,,,,,,,,,13.33,,,
132,Manipur,Tamenglong,1.67,1.56,1.64,1.64,1.64,1.67,1.67,1.65,11.8,11.82,10.54,11.6,11.8,12,12,13.06,13.08,12.95,13.32,,,,
133,Odisha,Boudh,,0.13,2.05,2,2.04,,,,,,,,,,,,,,,13.21,,,
134,Uttarakhand,Uttar kashi,11,11.17,10.83,11,12,11,11,10.56,11.33,11.4,9.67,10,9.92,9,9,9.2,10.3,10.32,10.43,8.67,9.5,13.14,10.54
135,Odisha,Jagatsinghapur,1.76,1.79,1.85,1.87,1.86,,,,,,,,,,,,,,,13.04,,,
136,Odisha,Koraput,2.07,2.06,2.02,2.01,2.01,,,,,,,,,,,,,,,12.99,,,
137,Himachal Pradesh,Sirmaur,,11.28,6.96,7.73,7.09,7.56,1.79,12.81,,4.94,,1.84,6.54,,6.54,6.54,,,4.93,4.94,5.44,5.22,
138,Madhya Pradesh,Raisen,0.68,0.71,0.71,0.76,0.75,,0.74,,,0.75,0.76,0.55,0.65,0.82,,12.73,12.4,12.4,12.4,12.4,,,
139,Manipur,Bishnupur,,,,,2,2,1.5,2,11.65,11.78,11.71,11.6,11.8,12,12.7,9.97,10,10.15,9.99,,,,
140,Odisha,Ganjam,2.05,2.05,2.11,2.08,2.06,,,,,,,,,,,,,,,12.5,,,
141,Manipur,Senapati,1.63,1.71,1.7,1.66,1.64,1.67,1.65,1.64,11.89,12,11.11,11.6,11.8,12,12,12.35,12.43,12.41,12.35,,,,
142,Assam,South salmara mancachar,,,,,,,,,,,,,,,,,,,,,11,11.68,12.38
143,Odisha,Mayurbhanj,2.06,2.07,1.78,1.78,1.78,,,,,,,,,,,,,,,12.26,,,
144,Manipur,Imphal west,,,,,,,,,11.77,11.8,11.47,11.6,11.8,12,12.2,11.14,11.14,11.16,11.12,,,,
145,Assam,Kamrup metro,,,,,,,,5.83,5.83,5.83,5.82,9.86,9.97,9.97,9.97,9.99,10.33,10.34,11.85,12.18,12.17,10.17,10.75
146,Manipur,Ukhrul,2,1.64,1.67,1.67,1.64,1.63,1.56,1.64,11.89,12.08,11.31,11.6,11.8,12,12,12.09,11.58,10.85,11.22,,,,
147,Odisha,Kendujhar,2.04,2.04,2.04,2.04,2.04,,,,,,,,,,,,,,,12.08,,,
148,Manipur,Thoubal,1.64,1.67,1.7,1.65,1.67,1.5,,2,11.88,11.98,11.41,11.6,11.8,12,12.01,12.06,12.06,11.94,11.93,,,,
149,Telangana,Medak,3.91,2.28,1.64,3.19,9.42,11.86,5.24,,7.07,8.97,11.88,12.04,,7.21,7.57,6.52,7,,,,9,9.5,
150,Madhya Pradesh,Dindori,,,,,,,,,,,,,,,,0.1,12,12,12,12,,,
151,Manipur,Churachandpur,1.67,1.65,1.65,1.65,1.65,1.65,1.65,1.65,11.89,11.9,11.87,11.6,11.8,12,11.9,11.88,12,11.97,11.94,,,,
152,Odisha,Cuttack,1.85,1.85,1.86,1.85,1.85,,,,,,,,,,,,,,,11.9,,,
153,Andaman and Nicobar Islands,South andamans,,,3.25,3.2,3.57,9,8.92,,,,8.81,8.64,8.91,6.02,8.96,8.5,7.33,7.82,11.85,10.74,5.46,,
154,Telangana,Nizamabad,3.9,2.28,1.63,3.18,9.42,11.83,5.25,,7.06,9,9.5,9,,,,6.5,,,,,,9,
155,Madhya Pradesh,Harda,1.33,1.2,1.22,1.24,1.09,,1.1,,,1.44,1.06,1.1,1.37,1.64,,11.7,11.8,11.81,11.81,11.81,,,
156,Uttarakhand,Bageshwar,11,11,11.2,11,11,11,11,11.73,8,2.86,8.6,8.6,8.63,8.6,8.6,8.5,4.85,4.84,4.95,6.71,9.24,8.11,6.61
157,Arunachal Pradesh,Upper subansiri,,5,5.05,4.74,6.86,4.01,9.13,11.6,5.69,5.69,9.46,9.27,9,9.22,7.11,7.96,7.48,7.11,7.15,7.11,7.1,7.28,7.28
158,Uttarakhand,Pithoragarh,4.17,5.33,4.85,4,4.5,4,7.51,3.03,7,3.66,6.5,9.25,7.89,6.65,10.07,7.81,6,11.55,7.37,10.2,11.24,9.04,8.98
159,Himachal Pradesh,Una,,11,7,7,,7.33,2.15,11.33,,4,,,7.01,,7.01,7.01,,,4,4,8.33,8.44,
160,Himachal Pradesh,Hamirpur,,11.14,7,,,7.5,1.6,11.33,,4,,1.24,7.01,,7.01,7.01,,,4,3.75,8.6,8.67,
161,Assam,Dhubri,,,,,,,,8.45,8.48,8.46,8.45,8.57,8.69,8.68,8.69,8.72,9.1,9.1,10.62,10.98,10.98,10.98,11.31
162,Himachal Pradesh,Kangra,,11.11,6.96,7.17,7.14,7.43,1.8,11.25,,4.25,,2.11,7.01,,7.01,7.01,,,4.24,4.1,8.47,8.44,
163,Himachal Pradesh,Mandi,,11.12,6.94,7.17,7.13,7.44,0.66,11.24,,4.05,,0.23,7.01,,7.01,7.01,,,,,7.06,7.06,
164,Meghalaya,West jaintia hills,,,,,,,,,,,,,,10.84,10.84,11.15,11.15,11.15,11.15,11.15,11.15,11.15,11.15
165,Himachal Pradesh,Shimla,,11.15,4.69,4.72,7.33,6,2.51,8.08,,2.89,,2.51,9.9,,9.9,9.9,,,2.89,2.89,7.67,7.68,
166,Himachal Pradesh,Solan,,11.15,8.23,6.95,6.78,7.24,1.12,7.48,,4.09,,1.25,7.01,,7.01,7.01,,,4.08,4.08,6.89,6.69,
167,Madhya Pradesh,Rewa,1.03,1.23,1,1,1.2,,1.14,,,1.18,1.12,0.71,0.85,2.27,,10.25,11,11,11.01,11.01,,,
168,Madhya Pradesh,Rajgarh,0.67,1,1,,1,,,,,1,,1,1,,,11,11,11,11,10.98,,,
169,Himachal Pradesh,Chamba,,11,7,7,7,7,1.67,8,,3.4,,2.29,7.01,,7.01,7.01,,,3.25,3.75,,,
170,Assam,Hojai,,,,,,,,,,,,,,,,,,,,,10.7,10.7,10.98
171,Assam,Nagaon,,,,,,,,9.64,9.64,9.64,9.64,9.86,9.98,9.98,9.98,9.99,10.09,9.65,10.58,10.7,10.7,10.7,10.94
172,Assam,Karbi anglong,,,,,,,,7.03,7.03,7.03,7.03,7.26,7.38,8.13,10.69,10.76,10.69,10.79,10.71,10.74,10.85,10.86,10.86
173,Odisha,Khordha,2,2,1.82,1.83,1.82,,,,,,,,,,,,,,,10.86,,,
174,Himachal Pradesh,Bilaspur,,9.59,5.79,6.26,8.38,8.9,3.28,9.83,,3.71,,3.13,7.61,,7.61,7.61,,,3.7,4.01,10.83,10.83,
175,Meghalaya,East jaintia hills,5.5,9.78,9.78,9.79,8.6,9.76,10.04,,9,10.74,10.14,10.27,10.47,10.45,10.33,10.71,10.71,10.71,10.71,10.71,10.71,10.71,10.75
176,Nagaland,Nuiland,,,,,,,,,,,,,,,,,,,,,,,10.7
177,Assam,Charaideo,,,,,,,,,,,,,,,,,,,,,9.8,9.8,10.7
178,Nagaland,Tuensang,,,,,,,8.79,6.1,9.45,,,9.12,9.1,9.13,9.13,9.13,9.12,9.15,9.15,9.15,9.44,9,10.7
179,Meghalaya,Ri bhoi,7.82,7.72,7.75,7.75,7.65,7.47,7.8,,7.86,7.86,9.84,9.91,10.14,10.5,10.56,10.67,10.66,10.66,10.66,10.66,10.66,10.66,10.66
180,Nagaland,Dimapur,,,,,,,8.78,6.67,9.89,,,9.15,9.14,9.12,9.11,9.12,9.08,9.08,9.1,9.12,9.42,8,10.67
181,Nagaland,Shamator,,,,,,,,,,,,,,,,,,,,,,,10.66
182,Nagaland,Chumoukedima,,,,,,,,,,,,,,,,,,,,,,,10.65
183,Uttarakhand,Pauri garhwal,9.2,8.66,8.19,9,9.52,9,7.51,8,9.5,9.51,6.53,7,8.6,8.78,8.72,8.6,10.3,10.31,10.31,8.6,8.6,8.6,10.55
184,Nagaland,Wokha,,,,,,,9.12,8.78,9.42,,,9.11,9.1,9.13,9.13,9.12,9.09,9.17,9.16,9.18,9.46,7.59,10.52
185,Assam,Marigaon,,,,,,,,8.76,8.76,8.76,8.76,8.87,8.98,8.98,8.98,8.99,9.19,9.21,10.09,10.31,10.31,10.31,10.5
186,Nagaland,Zunheboto,,,,,,,8.46,7.06,9.31,,,9.11,9.13,9.12,9.15,9.11,9.17,9.13,9.13,9.12,9.43,9.21,10.5
187,Assam,Udalguri,,,,,,,,6.43,6.43,6.43,6.43,8.87,9.87,9.87,9.88,9.88,9.96,9.96,10.3,10.39,10.39,10.39,10.47
188,Nagaland,Phek,,,,,,,8.93,7.29,9.06,,,9.12,9.11,9.11,9.11,9.11,9.13,9.18,9.15,9.15,9.44,8,10.45
189,Nagaland,Kohima,,,,,,,8.89,7.34,9.39,,,9.12,9.12,9.12,9.11,9.11,9.15,9.15,9.15,9.15,9.44,8,10.43
190,Assam,Biswanath,,,,,,,,,,,,,,,,,,,,,10.1,10.11,10.42
191,Uttarakhand,Rudra prayag,,3,,10,,,9,10,9.8,9,,8,6,,9,8,,10,10.4,,,,
192,Madhya Pradesh,Panna,0.68,0.79,0.75,0.74,0.76,,0.84,,,0.79,0.76,0.64,1.26,1.29,,6.59,6.57,6.56,7,10.33,,,
193,Arunachal Pradesh,Papum pare,7,7,6.08,7.93,8.8,7.26,7.14,6.96,7.18,10.3,10.25,5.88,9.9,9.6,7.25,8.14,7.64,7.5,7.53,7.16,7.15,7.31,7.31
194,Odisha,Malkangiri,1.77,1.8,1.88,1.89,1.89,,,,,,,,,,,,,,,10.24,,,
195,Nagaland,Tseminyu,,,,,,,,,,,,,,,,,,,,,,,10.22
196,Assam,Dibrugarh,,,,,,,,5.55,5.56,5.56,5.56,7.73,7.84,7.84,7.86,7.86,8.23,8.25,9.62,9.96,9.96,9.95,10.22
197,Assam,Karimganj,,,,,,,,7.43,7.43,7.43,7.43,7.58,7.68,7.68,7.69,7.69,8.06,8.07,9.51,9.87,9.87,9.86,10.2
198,Assam,Sivasagar,,,,,,,,5.66,5.66,5.66,5.66,6.67,7.69,7.69,7.69,7.74,8.09,8.71,9.49,9.73,9.72,9.39,10.2
199,Assam,Jorhat,,,,,,,,6.8,6.81,6.81,6.81,7.85,7.87,7.86,7.89,7.89,8.21,8.22,9.49,9.81,9.81,9.81,10.17
200,Assam,Sonitpur,,,,,,,,6.47,6.49,6.48,6.48,7.48,7.59,7.59,9.7,9.71,9.77,9.74,10.04,10.11,10.11,10.11,9.99
201,Nagaland,Mokokchung,,,,,,,8.8,7.18,9.61,,,9.13,9.12,9.15,9.11,9.1,9.06,9.19,9.19,9.15,9.44,7,10.1
202,Assam,Majuli,,,,,,,,,,,,,,,,,,,,,9.81,9.81,10.07
203,Nagaland,Peren,,,,,,,,,9.64,,,9.09,9.12,9.12,9.11,9.14,9.14,9.14,9.17,9.15,9.43,9.44,10.05
204,Assam,West karbi anglong,,,,,,,,,,,,,,,,,,,,,10,10,10.04
205,Nagaland,Noklak,,,,,,,,,,,,,,,,,,,,,,5.51,10.02
206,Arunachal Pradesh,Lohit,9.8,10,10,9,7,8.2,8.15,8.23,8.38,8.2,8.96,8.98,9.05,9.07,8.8,8.67,7.88,7.31,7.35,7.31,7.34,7.57,7.57
207,Chhattisgarh,Mahasamund,,0.75,1.17,1,1,1,1,1,1.38,,,,1.43,1.4,10,,1.18,1.33,1.36,1.4,2.88,2.08,2.08
208,Nagaland,Kiphire,,,,,,,,,9.25,,,9.12,9.11,9.11,9.11,9.11,9.15,9.14,9.14,9.15,9.46,5.21,9.9
209,Arunachal Pradesh,West siang,6.67,8.06,6.73,6.67,3,6.8,9.24,9.61,9.57,9.6,9.62,9.64,9.88,6.36,6.16,8.02,7.44,7,7.07,7.07,7.19,7.64,7.63
210,Assam,Dhemaji,,,,,,,,8.69,8.69,8.69,8.69,8.75,8.77,8.77,8.78,8.78,8.92,8.94,9.55,9.71,9.71,9.71,9.8
211,Nagaland,Longleng,,,,,,,,,9.77,,,9.11,9.1,9.1,9.14,9.14,9.14,9.17,9.17,9.19,9.46,6.53,9.76
212,Meghalaya,West khasi hills,4.22,5.02,5.62,6.86,5.2,6.55,8.79,,6.09,6.08,8.29,8.83,8.99,9.27,9.27,9.72,9.71,9.73,9.73,9.73,9.73,9.74,9.74
213,Telangana,Vikarabad,,,,,,,,,,,,,,,,,,,7,6.61,3.5,9.7,9.51
214,Meghalaya,South west khasi hills,,,,,,,,,,,,,,9.36,9.36,9.66,9.66,9.66,9.66,9.67,9.67,9.68,9.68
215,Assam,Nalbari,,,,,,,,6.95,6.95,6.95,6.95,7.97,7.98,7.98,7.98,7.99,8.24,8.26,9.28,9.54,9.54,9.54,9.67
216,Nagaland,Mon,,,,,,,8.86,6.02,9.61,,,9.1,9.13,9.12,9.14,9.14,9.16,9.16,9.16,9.15,9.43,5.35,9.18
217,Uttarakhand,Almora,9.17,9,8.5,9,9.51,9,8.5,8,9.51,9.5,8,8.2,8.1,8.13,9.07,5.8,4.85,3.53,5.9,6.7,9.25,8.1,6.61
218,Madhya Pradesh,Betul,1.71,1.67,,,,,,,,,1.6,1.07,1.34,1.93,,9.5,9.5,9.51,9.48,9.36,,,
219,Andhra Pradesh,West godavari,,,,,,3,2.75,,,,9.5,9.25,,,,,,1,1.8,2.16,,3,
220,Telangana,Jagitial,,,,,,,,,,,,,,,,,,,,,,9.5,
221,Telangana,Khammam,,,,,,,,,,,,,,,,,7,,,,8.9,9.5,9
222,Telangana,Sangareddy,,,,,,,,,,,,,,,,,6.99,7.06,6.91,6.6,9.47,9.44,8.9
223,Assam,Golaghat,,,,,,,,6.52,6.53,6.52,6.53,8.94,8.97,8.97,8.97,8.97,9.03,9.05,9.3,9.4,9.4,9.4,9.44
224,Telangana,Siddipet,,,,,,,,,,,,,,,,,6.98,7.08,6.85,,9,9.4,9
225,Telangana,Kamareddy,,,,,,,,,,,,,,,,,,,,,9,9.4,9
226,Telangana,Medchal,,,,,,,,,,,,,,,,,,,,,,9.4,
227,Telangana,Karimnagar,3.91,2.5,,,,,,,7.07,9,9.33,9,,6.5,,6.5,,,,,9,9,
228,Telangana,Peddapalli,,,,,,,,,,,,,,,,,,,,,9,9.33,
229,Andhra Pradesh,Srikakulam,1.9,2.63,1.64,2.84,2.73,2.76,2.81,,2.1,1.95,9.33,9.24,7.82,6.62,0.62,0.77,0.8,1.19,1.2,1.17,1.16,1.02,3
230,Andhra Pradesh,Krishna,1.87,2.64,1.67,2.85,2.75,2.76,2.81,,2.38,1.95,9.33,9.24,7.81,6.62,6.23,5,,1,1.83,,2,2.7,
231,Andhra Pradesh,Vizianagaram,,,1.63,2.88,2.75,2.79,2.82,,2.39,1.94,9.32,9.2,,,2.88,2.75,2.67,1,9,2,2,2.67,
232,Assam,Dima hasao,,,,,,,,6.56,6.55,6.56,6.56,6.78,7.78,7.06,9,9,9.02,9.02,9.11,9.13,9.13,9.13,9.14
233,Assam,Bongaigaon,,,,,,,,6.16,6.16,6.16,6.15,6.28,6.49,6.49,6.5,6.54,6.88,6.9,7.78,8.56,8.56,8.56,9.08
234,Assam,Baksa,,,,,,,,6.92,6.92,6.92,6.92,6.99,8,8,8.02,8.04,8.18,8.2,8.82,8.99,8.98,8.99,9.06
235,Telangana,Yadadri,,,,,,,,,,,,,,,,,,,,,9,9,9
236,Telangana,Nirmal,,,,,,,,,,,,,,,,,,,,,9,9,9
237,Telangana,Warangal urban,,,,,,,,,,,,,,,,,,,,,,9,
238,Telangana,Rajanna,,,,,,,,,,,,,,,,,,,,,9,9,
239,Telangana,Suryapet,,,,,,,,,,,,,,,,,,,,,9,9,
240,Telangana,Adilabad,,,,,,,,,,,,,,,8,,7,7,7,6.67,9,9,9
241,Telangana,Mahabubabad,,,,,,,,,,,,,,,,,,,,,9,9,
242,Telangana,Warangal,3.91,2.27,1.6,3,,,,,,,,,,,,,,7,7,7,8.9,9,
243,Telangana,Mulugu,,,,,,,,,,,,,,,,,,,,,,9,
244,Telangana,Bhadradri,,,,,,,,,,,,,,,,,,,,,,,9
245,Assam,Kamrup,,,,,,,,7.42,7.42,7.42,7.42,7.56,7.67,7.67,7.68,7.68,7.88,7.89,8.7,8.92,8.92,8.92,8.99
246,Assam,Darrang,,,,,,,,6.63,6.62,6.62,6.63,6.74,7.75,7.75,7.76,7.77,7.94,7.96,8.64,8.83,8.83,8.83,8.96
247,Assam,Cachar,,,,,,,,6.94,6.94,6.94,6.94,6.98,7,7,7.13,7.14,7.4,7.41,8.43,8.71,8.71,8.71,8.94
248,Telangana,Jangoan,,,,,,,,,,,,,,,,,,,,6.6,8.93,5.55,
249,Assam,Lakhimpur,,,,,,,,7.64,7.65,7.65,7.64,7.69,7.8,7.8,7.81,7.83,7.98,7.99,8.62,8.79,8.78,8.78,8.87
250,Meghalaya,East khasi hills,8.33,8.4,8.29,8.13,7.53,7.46,7.62,,7.61,7.59,7.58,8.17,8.37,8.67,8.67,8.81,8.8,8.8,8.8,8.8,8.8,8.81,8.81
251,Assam,Kokrajhar,,,,,,,,6.41,6.41,6.41,6.41,6.55,7.57,7.56,7.57,7.58,7.75,7.76,8.48,8.68,8.68,8.68,8.79
252,Assam,Tinsukia,,,,,,,,6.84,6.84,6.84,6.84,6.98,7.88,7.88,7.89,7.89,7.98,7.99,8.38,8.49,8.5,8.49,8.55
253,Karnataka,Vijayanagar,,,,,,,,,,,,,,,,,,,,,,,8.54
254,Assam,Goalpara,,,,,,,,7.12,7.12,7.12,7.12,7.25,7.38,7.38,7.39,7.39,7.54,7.56,8.18,8.35,8.35,8.35,8.51
255,Arunachal Pradesh,Lower dibang valley,,,7,8.5,5.65,7,7.5,7.5,7.5,7.5,7.5,7.52,8,8,7.87,7.89,7.85,7.73,7.73,7.67,7.68,7.72,7.72
256,Arunachal Pradesh,Namsai,,,,,,,,,,,,,,,,8.39,8.24,7.74,7.74,7.63,7.64,7.69,7.69
257,Assam,Barpeta,,,,,,,,6.52,6.52,6.52,6.52,6.64,7.66,7.66,7.67,7.68,7.78,7.78,8.2,8.31,8.31,8.31,8.39
258,Arunachal Pradesh,Tirap,2.79,4.55,4.55,4.61,7.11,,4.38,3.5,3.45,2.63,2.65,2.66,8,8.18,6.43,8,5.33,4.87,5,4.89,5,5.46,5.46
259,Assam,Hailakandi,,,,,,,,5.05,5.05,5.05,5.05,5.16,6.12,6.12,6.14,6.14,6.46,6.46,7.64,7.97,7.97,7.97,8.18
260,Arunachal Pradesh,Longding,,,,,,,,,,,,,,8.18,5.9,7.03,7.03,6.37,6.51,6.51,6.63,6.86,6.86
261,Telangana,Mahbubnagar,,,,,,,,,,,,,,,8,,,,,,,,
262,Andhra Pradesh,Kadapa,,,,,3,,,,,,,,8,,,,2.5,,,2,1.75,2.5,
263,Arunachal Pradesh,Siang,,,,,,,,,,,,,,,,7.99,7.75,7.17,7.05,7.05,7.06,7.24,7.34
264,Andaman and Nicobar Islands,Nicobars,2.78,2.17,2.81,3.2,3.1,,3.5,,,,1.38,1.56,5.92,3.02,3.09,0.35,5.76,0.02,1.69,7.9,1.33,,
265,Andhra Pradesh,Prakasam,,,,,,,,,,,,,7.75,,,3,,,,,1.88,3,
266,Arunachal Pradesh,Changlang,5.28,4.7,5.5,5.65,7.25,5.7,5.44,6.3,7.15,7.2,7.2,7.21,7.73,7.73,7.08,7.41,7.41,7.25,7.26,7.25,7.26,7.32,7.32
267,Arunachal Pradesh,Leparada,,,,,,,,,,,,,,,,,,,,7.11,7.19,7.58,7.59
268,Kerala,Wayanad,4,4.31,4.4,4.84,5.65,5.34,3.96,3.7,4.73,7.54,7.26,6.78,6.26,5.53,5.71,4.69,4.34,4.64,5.77,4.32,4.56,4.66,4.58
269,Arunachal Pradesh,Lower siang,,,,,,,,,,,,,,,,,,,7.36,7.15,7.16,7.26,7.26
270,Arunachal Pradesh,Kra daadi,,,,,,,,,,,,,,,,6.18,7.35,5.95,6.24,5.95,6.09,6.26,6.23
271,Arunachal Pradesh,Kurung kumey,,,7.25,7.1,6.91,7,0.8,0.68,6,6,6.95,7.15,6.9,6.8,4.88,5.64,7.07,5.5,5.83,5.53,5.68,6.4,5.91
272,Arunachal Pradesh,Shi yomi,,,,,,,,,,,,,,,,,,,,6.89,7.05,7.1,5.23
273,Arunachal Pradesh,Lower subansiri,5.49,7.07,6.89,6.92,4.68,6.37,6.33,6,6,6.02,5.65,5.65,5.65,5.65,4.92,5.47,5.54,5.46,5.5,5.47,5.47,5.67,5.67
274,Telangana,Nalgonda,,,,,,,,,,,,,,,,6.56,7,,,,,,
275,Assam,Chirang,,,,,,,,6.96,6.96,6.96,6.96,5,5.02,5.03,5.03,5.04,5.29,5.31,6.24,6.51,6.5,6.5,6.61
276,Meghalaya,East garo hills,5.86,4.57,4.57,4.47,4.39,5.17,5.38,,4.83,4.83,4.83,4.89,4.99,6.79,6.8,6.87,6.86,6.87,6.87,6.87,6.87,6.87,6.87
277,Arunachal Pradesh,Upper siang,,,,6.67,0.8,5,5,5,5,6,6,6.05,6.5,6.6,5.69,4.01,4.08,4.83,4.85,4.83,4.85,5.24,5.35
278,Arunachal Pradesh,Kamle,,,,,,,,,,,,,,,,,,,5.98,5.94,5.93,6.23,6.22
279,Meghalaya,West garo hills,4.67,0.5,4.68,5.62,4.68,4.68,5.16,,4.69,5.92,5.73,5.93,6.06,4.49,4.56,4.7,4.71,4.71,4.71,4.71,4.71,4.71,4.71
280,Rajasthan,Dungarpur,0.64,6,6,6,6,,6,,5.04,5.04,6,4.67,6,5.54,6,6,6,6,6,4.29,6,5.17,1.8
281,Kerala,Idukki,4.04,3.56,3.49,4.02,3.63,3.45,3.19,3.18,3.39,3.35,3.87,5.07,5.83,5.74,5.9,5.46,4.88,5.34,4.84,5.63,5.95,5.22,5.16
282,Uttar Pradesh,Sonbhadra,,,,,,,,,,,,,,,,,4.17,,4.5,5.5,4.5,4.6,4.6
283,Uttar Pradesh,Kanpur nagar,,,,,,,,,,,,,4.91,,,0.33,4,,5,5.5,4.5,4.5,4.5
284,Kerala,Palakkad,3.9,4.46,3.7,2.14,3.42,4.66,4.91,4.63,4.3,4.65,5.48,5.19,4.49,4.88,4.52,5,4.25,4.39,3.84,4.43,4.69,4.88,3.92
285,Kerala,Kannur,3.58,3.44,3.54,3.12,3.55,3.67,4.36,4.14,4.93,4.05,5.05,4.71,4.38,4.23,4.51,3.91,3.47,4.79,3.93,4.37,5.4,4.95,4.34
286,Uttar Pradesh,Lalitpur,,,,,,,3.07,2.26,,3,2.84,2.84,4.89,5.13,4.61,0.45,4.1,4.75,4.75,5.25,4.71,4.49,4.56
287,Uttar Pradesh,Jhansi,,,,,,,3.08,2.26,,3,2.84,2.85,4.9,5.13,4.6,0.44,4.1,4.75,4.75,5.25,4.71,4.49,4.55
288,Uttar Pradesh,Bahraich,,,,,,,3.07,2.27,,3,2.85,2.84,4.89,5.13,4.61,0.45,4.1,4.76,4.75,5.25,4.71,4.49,4.55
289,Uttar Pradesh,Kheri,,,,,,,3.13,2.38,,3,2.78,2.8,4.88,5.17,4.64,0.47,4.13,4.75,4.73,5.23,4.73,4.47,4.56
290,Kerala,Kozhikode,2.99,3.46,2.76,3.04,2.97,3.05,3.35,2.95,3,3.86,3.26,3.14,2.92,3.35,3.56,3.24,2.31,3.74,3.26,3.24,5.19,3.87,3.09
291,Uttar Pradesh,Saharanpur,,,,,,,3.11,,,,2.5,3,5,5,,,4,5,5,5,5,4.5,4.5
292,Uttar Pradesh,Kushi nagar,,,,,,,,2.25,,,2.5,2.5,4.83,5,4.67,0.33,,,4.5,5,5,4.5,5
293,Arunachal Pradesh,West kameng,1.51,1.51,1.51,1.51,1.51,1.51,1.53,1.56,2.41,1.6,3.63,3.58,3.63,3.72,3.47,4.62,4.79,4.63,4.68,4.64,4.64,4.96,4.96
294,Arunachal Pradesh,East kameng,4.05,4.5,4.44,4.45,4.44,4.13,4.05,4.09,4.13,4.12,4.07,4.06,4.1,4.12,3.68,4.55,4.7,4.56,4.6,4.57,4.58,4.94,4.95
295,Kerala,Pathanamthitta,3.02,2.8,2.48,2.45,2.58,3.02,2.98,3.26,2.79,2.82,3.05,3.22,2.77,3.02,3.61,3.14,3.13,4.54,4.11,4.92,4.51,4.66,4.16
296,Arunachal Pradesh,Pakke kessang,,,,,,,,,,,,,,,,,,,,4.57,4.58,4.91,4.92
297,Meghalaya,South garo hills,4.88,4.87,4.73,4.86,4.81,4.82,4.83,,4.82,4.82,3.73,3.78,3.8,3.85,3.9,4,4,4,4.01,4.01,4.01,4.01,4.01
298,West Bengal,Dinajpur uttar,2.86,2.42,4.83,2.59,2.54,2.36,2.38,2.44,2.2,,,,,,,,,,,,,,
299,Uttar Pradesh,Sant ravidas nagar,,,,,,,,,,,2.5,3,4.8,,4.5,,,,,,,,
300,Kerala,Kottayam,2.34,2.91,2.93,3.05,3.01,3.43,2.8,2.88,2.74,3.05,2.74,2.61,2.91,2.97,3.34,3.25,3.13,3.26,3.28,3.25,4.1,4.45,4.24
301,Kerala,Kasaragod,3.19,3.74,3.71,3.65,3.27,3.48,4.43,3.62,3.53,3.5,3,3.31,2.8,2.17,4.13,3.76,2.77,4.06,3.8,4,4.4,4.41,4.12
302,Rajasthan,Udaipur,2.81,4.31,3.55,4.42,1.77,1.86,0.88,2,1.82,2.38,1.77,,1.7,1.6,1.5,1.59,1.85,2,2.02,3.49,1.55,1.97,1.39
303,Kerala,Malappuram,2.14,2.01,2.34,2.5,2.12,1.92,1.91,1.99,2.09,2.27,2.04,2.04,1.83,2.18,2.23,2.2,2.3,2.8,2.29,2.54,2.61,4.36,2.97
304,Kerala,Alappuzha,2.19,1.71,1.76,1.69,1.98,2.15,2.47,1.83,2.51,2.75,3.02,3.19,2.93,3.44,3.39,3.58,3.28,3.8,2.39,3.77,3.16,3.17,4.17
305,Rajasthan,Baran,1,1,0.5,2,4,3.3,2.63,2.18,2.78,3.33,1.22,1.67,0.8,1.33,,,,,,,,2,
306,Himachal Pradesh,Kullu,,,,,,,,,,3.5,,,,,,2.29,,,4,4,,,
307,Arunachal Pradesh,Tawang,,,2.5,2.5,2.5,2.5,2.5,2.5,2.5,2.53,2.5,2.48,2.5,2.5,3.27,3.37,3.56,3.44,3.49,3.46,3.48,3.79,3.79
308,Kerala,Thiruvananthapuram,3.03,3.64,2.66,3.12,2.97,2.35,2.78,2.64,3.06,2.49,2.58,2.42,2.3,2.12,2.71,3.64,2.93,3.07,2.97,2.87,3.75,3.21,3.54
309,Kerala,Ernakulam,3.01,3.03,2.76,2.58,2.71,3.17,3.34,2.76,2.83,2.95,3.26,3.44,2.96,3.01,3.15,2.89,2.75,2.82,2.63,2.57,3.04,2.72,2.66
310,Uttar Pradesh,Gonda,,,,,,,3.25,,,3,3,3,,,,,,,,,,,
311,West Bengal,Darjeeling,2.93,3.05,3.05,3.05,3.05,2.85,3.05,3.24,3.22,,,,,,,,,,,,,,
312,Uttar Pradesh,Deoria,,,,,,,3.17,,,,3,3,,,,,,,,,,,
313,Uttar Pradesh,Azamgarh,,,,,,,3.13,,,,2.5,3,,,,,,,,,,,
314,Andhra Pradesh,East godavari,,,,,,2.71,2.86,,3.13,,,,,,,,2.65,,,,2,,
315,Kerala,Thrissur,1.53,2.87,2.1,1.21,1.91,2.97,1.99,2.11,2.1,2.05,2.59,2.54,2.46,2.67,2.44,2.59,2.65,3.02,2.77,2.58,2.77,2.73,2.73
316,Andhra Pradesh,Ntr,,,,,,,,,,,,,,,,,,,,,,,3
317,Uttar Pradesh,Sitapur,,,,,,,3,2,,,,,,,,,,,,,,,
318,Uttar Pradesh,Hardoi,,,,,,,3,,,,3,,,,,,,,,,,,
319,Uttar Pradesh,Gorakhpur,,,,,,,3,,,,3,3,,,,,,,,,,,
320,Uttar Pradesh,Ghazipur,,,,,,,,2.33,,,3,3,,,,,,,,,,,
321,Uttar Pradesh,Firozabad,,,,,,,,,,3,,,,,,,,,,,,,
322,Uttar Pradesh,Rae bareli,,,,,,,,,,3,,,,,,,,,,,,,
323,Uttar Pradesh,Agra,,,,,,,3,,,,,,,,,,,,,,,,
324,Uttar Pradesh,Mirzapur,,,,,,,3,,,,,,,,,,,,,,,,
325,Uttar Pradesh,Maharajganj,,,,,,,3,2,,,3,3,,,,,,,,,,,
326,Uttar Pradesh,Bareilly,,,,,,,3,,,,,,,,,,,,,,,,
327,Rajasthan,Kota,,,,1.67,,,,,,,,,,,3,,,,,,,,
328,Andhra Pradesh,Chittoor,,,,,,,,,,,,,,,,,,,,,2,2.67,3
329,Andhra Pradesh,Sri sathya sai,,,,,,,,,,,,,,,,,,,,,,,3
330,Andhra Pradesh,Kurnool,,,,,,,3,,,,,,,,2.86,2.65,,1,,,2,3,
331,Andhra Pradesh,Anantapur,,,,,,,,,,,,,,,,,,,,,,2.67,3
332,Andhra Pradesh,Bapatla,,,,,,,,,,,,,,,,,,,,,,,3
333,Uttar Pradesh,Baghpat,,,,,,,,2.33,,3,3,,,,,,,,,,,,
334,Uttar Pradesh,Fatehpur,,,,,,,,,,3,,,,,,,,,,,,,
335,Uttar Pradesh,Amroha,,,,,,,3,,,,,,,,,,,,,,,,
336,Uttar Pradesh,Pilibhit,,,,,,,,2.25,,,3,,,,,,,,,,,,
337,Uttar Pradesh,Mau,,,,,,,3,,,,3,,,,,,,,,,,,
338,Uttar Pradesh,Ballia,,,,,,,3,,,,,,,,,,,,,,,,
339,Chhattisgarh,Gaurella-pendra-marwahi,,,,,,,,,,,,,,,,,,,,3,1.5,1.83,1.25
340,Uttar Pradesh,Ambedkar nagar,,,,,,,,2.2,,,3,,,,,,,,,,,,
341,Andhra Pradesh,Spsr nellore,,,,,,,,,,,,,,,,,,,,,,3,
342,Uttar Pradesh,Aligarh,,,,,,,3,2,,,,,,,,,,,,,,,
343,Uttar Pradesh,Unnao,,,,,,,3,,,,,,,,,,,,,,,,
344,Kerala,Kollam,2.44,2.41,2.69,2.83,2.55,2.96,2.88,2.55,2.38,2.3,2.27,2.23,2.28,2.19,2.45,2.34,2.06,2.27,2.61,2.61,2.91,2.76,2.7
345,Andhra Pradesh,Alluri sitharama raju,,,,,,,,,,,,,,,,,,,,,,,2.95
346,West Bengal,Coochbehar,2.5,2.5,2.5,2.5,2.5,2.5,2.6,2.86,2.83,,,,,,,,,,,,,,
347,Andhra Pradesh,Visakhapatanam,1.89,2.63,1.63,2.84,2.73,2.75,2.81,,2.45,1.95,2.68,2.47,2.83,2.81,2.52,2.84,2.84,0.78,1.84,2.28,1.9,2.77,
348,West Bengal,Medinipur west,2.7,1.41,1.31,1.36,1.37,1.34,1.37,1.37,1.54,,,,,,,,,,,,,,
349,Jammu and Kashmir,Reasi,,,,,,,,1.15,,1.16,1.16,1.17,1.18,,1.18,2.65,,,,,,,
350,Rajasthan,Ajmer,,,,,,,,,,,,,,,,,,,,,,2.5,
351,Himachal Pradesh,Lahul and spiti,,,,,,,,,,,,,,,,,,,2.5,,,,
352,Chhattisgarh,Raipur,1,0.5,1,1.08,1.13,1.28,1.08,1.1,1.17,1.21,1.32,1.32,1.33,1.6,1.63,1.5,1.23,1.31,,1.81,2.39,2.39,1.88
353,West Bengal,24 paraganas north,0.94,0.95,1.05,1.06,1.77,2.39,2.16,2.23,2.16,,,,,,,,,,,,,,
354,West Bengal,Murshidabad,1.32,1.35,1.45,1.45,1.62,1.72,1.81,2.38,1.89,,,,,,,,,,,,,,
355,West Bengal,Jalpaiguri,1.68,1.68,1.8,1.89,2.05,2.29,2.29,2.34,2.31,,,,,,,,,,,,,,
356,West Bengal,Purba bardhaman,1.45,2.28,1.85,1.78,1.77,1.89,1.85,1.91,1.91,,,,,,,,,,,,,,
357,Jammu and Kashmir,Samba,,,,,,,,,,,,,,,,,,2.13,,,,,
358,Jammu and Kashmir,Udhampur,1.16,,,,,1.15,,1.15,,1.18,1.18,1.19,1.18,,1.18,,2.12,2.12,2.12,2.12,2.12,,
359,Jammu and Kashmir,Jammu,,,,,,,,1.2,,,0.9,0.9,0.9,0.9,,,2.11,2.12,2.1,,,,
360,West Bengal,Birbhum,2,2.1,2.1,1.55,2.11,1.47,1.55,1.65,1.81,,,,,,,,,,,,,,
361,Andhra Pradesh,Parvathipuram manyam,,,,,,,,,,,,,,,,,,,,,,,2.07
362,Meghalaya,North garo hills,,,,,,,,,,,,,,1.81,2.06,2.04,2.04,2.04,2.04,2.05,2.05,2.05,2.05
363,West Bengal,Dinajpur dakshin,1.29,1.3,1.31,1.33,1.36,1.21,1.23,1.31,2.03,,,,,,,,,,,,,,
364,Bihar,Purnia,1.36,1.33,1,1.67,1.5,2,,,2,,,,,,,,,,,,,,
365,Chhattisgarh,Dhamtari,,1,1.2,2,1.5,1.29,1.33,2,,,1,,,1,,1.67,1,,,2,1.5,2,1.5
366,Chhattisgarh,Gariyaband,,,,,,,,,,,,,,2,2,,,,,1.67,2,2,2
367,Chhattisgarh,Mungeli,,,,,,,,,,,,1.26,,,,,,,,,2,1.86,2
368,Bihar,Sheikhpura,,,,,,,,,,,,,,,,,2,,,,,,
369,Chhattisgarh,Janjgir-champa,1,1,1,1.17,1,1,1.33,1.33,1.4,1.2,1.25,1.4,1.33,1,1.2,1,1.5,1.5,1,1,2,2,
370,Bihar,Madhubani,1,,1.33,1,1,1.51,,1.53,1.37,,,,,,,,,,,,,2,2
371,Chhattisgarh,Sukma,,,,,,,,,,,,,,,1,,1,1,1,,,2,2
372,Bihar,Madhepura,1,,1.6,,,1,,1.5,1.5,,,,,,,,2,2,2,2,2,2,2
373,Bihar,Rohtas,,,,,,,,,,,,,,,,,2,2,2,2,,,
374,Rajasthan,Chittorgarh,,,,,,,,,,,,,,,1,2,2,,,,,,
375,Bihar,Nawada,,,,,2,1.5,,,,,,,,,,,,,,,,,
376,Bihar,Sitamarhi,2,,,,,,,,,,,,,,,,,,,,,,
377,Bihar,Patna,,,,,,,,,,,,,,,,,2,,,,,,
378,Chhattisgarh,Balod,,,,,,,,,,,,1,,,,,,,,,2,1.67,
379,Bihar,Samastipur,1,0.94,1.5,1,1,1.5,,1.5,1.5,,,,,,,,2,1.88,2,2,,,
380,Bihar,Araria,1.37,1.39,1.48,1.53,1.51,1.51,,1.51,1.65,,,,,,,,1.83,,,,,,2
381,Rajasthan,Alwar,,,,1,,,,,,,,,,,,,,,,,2,,
382,Bihar,Saharsa,,,,,1.67,,,2,,,,,,,,,,,,,,,
383,West Bengal,Bankura,1.97,1.79,1.84,2,1.77,1.87,1.79,1.79,1.57,,,,,,,,,,,,,,
384,Bihar,Jehanabad,,,,2,,,,,,,,,,,,,,,,,,,
385,Chhattisgarh,Sakti,,,,,,,,,,,,,,,,,,,,,,,2
386,Chhattisgarh,Narayanpur,,,,,,,,1,1,,1,,,1,1,,1,1.11,,2,,1.75,1
387,Bihar,Gaya,,,1,,,1.5,,2,1.67,,,,,,,,,,,,,,
388,Bihar,Bhojpur,,,,,,,,,,,,,,,,,2,,,,,,
389,Bihar,Siwan,1,,,,2,1.5,,,,,,,,,,,1.6,1.8,1.8,1.8,1.8,1.8,1.75
390,Bihar,Purbi champaran,,1.44,,2,1.57,1.5,,1.63,1.63,,,,,,,,1.76,,,,,,
391,Uttar Pradesh,Sant kabeer nagar,,,,,,,,2,,,,,,,,,,,,,,,
392,Bihar,Begusarai,1,,1.33,,,2,,,,,,,,,,,,,,,,,
393,Bihar,Aurangabad,,1.33,1,,,2,,,,,,,,,,,,,,,,,
394,Chhattisgarh,Bijapur,,,,,,,,,,,1,,,,,,,1,,,,,2
395,Bihar,Vaishali,1.5,,,,,,,,,,,,,,,,2,,,,,,
396,Bihar,Khagaria,,,,,,,,,,,,,,,,,2,,,,,,
397,Chhattisgarh,Kanker,1.23,1.4,1,1.54,1.38,1.15,1.5,1.36,1.14,1.21,1.26,1.29,1,0.88,0.9,0.88,1.17,0.91,1,1,,2,
398,Chhattisgarh,Korba,,,,1,1,0.33,1,1,1.43,,1.25,1.33,1.5,1,1.5,1,1,1.5,1,,,,2
399,Uttar Pradesh,Budaun,,,,,,,,2,,,,,,,,,,,,,,,
400,Bihar,Supaul,,,1.5,1.5,1.5,1.5,,1.67,1.64,,,,,,,,1.98,1.92,1.92,1.96,1.92,1.96,1.95
401,West Bengal,24 paraganas south,0.4,0.4,0.7,0.9,1.96,1.27,1.17,1.32,1.23,,,,,,,,,,,,,,
402,Chhattisgarh,Surguja,1.23,1.21,1.14,1.19,1.1,0.96,1.23,1.2,1.25,0.81,1.35,1.16,1.1,1.2,1.2,0.99,1.14,1.28,1.3,1.42,1.93,1.93,1.84
403,Andhra Pradesh,Guntur,,,,,,,,,,,,,,,,,,,,,1.91,,
404,Bihar,Kishanganj,1.38,1.4,1.49,1.54,1.52,1.51,,1.52,1.66,,,,,,,,1.83,1.9,1.88,1.87,1.88,,1.88
405,Odisha,Jajapur,1.79,1.79,1.88,1.88,1.87,,,,,,,,,,,,,,,,,,
406,Bihar,Muzaffarpur,0.9,1.08,1.5,1,1,1.05,,,1.6,,,,,,,,1.71,1.71,1.77,1.76,1.88,1.81,1.82
407,Bihar,Pashchim champaran,1.8,1.55,1.48,1.68,1.61,1.63,,1.63,1.63,,,,,,,,1.77,1.7,1.75,1.78,1.88,1.83,1.83
408,Bihar,Katihar,1.4,1.36,1.5,1.5,1.5,,,1.6,1.6,,,,,,,,1.83,,1.83,1.83,1.83,1.83,1.83
409,Chhattisgarh,Baloda bazar,,,,,,,,,,,,1.32,1.39,1.52,1.52,1.52,1.22,1.33,,1.29,1.29,1.18,1.83
410,Bihar,Gopalganj,,,,,,,,,,,,,,,,,,,,,,,1.82
411,Chhattisgarh,Durg,1,1,1.18,1,1.16,1.15,1.45,1.24,1.15,1.15,1.16,,1,,,1.5,1,,,1.82,1.51,1.67,1.33
412,Chhattisgarh,Sarangarh bilaigarh,,,,,,,,,,,,,,,,,,,,,,,1.8
413,Bihar,Sheohar,,,,,,,,,,,,,,,,,1.76,,,,,,
414,Jammu and Kashmir,Kathua,1.67,,,,,,1.7,1.7,,1.7,1.7,1.7,1.7,,1.7,1.7,1.7,1.72,1.73,1.73,1.73,,
415,West Bengal,Nadia,0.15,0.85,1.08,1.17,1.17,1.14,1.19,1.29,1.69,,,,,,,,,,,,,,
416,Chhattisgarh,Dantewada,1,,1,1.5,1.33,1.13,1,1.25,1.5,,1,1.67,1,1.17,1,1.08,1.2,1,,1,1.5,,
417,Chhattisgarh,Kabirdham,,,1.12,,1,1,1,1,1.67,,1.29,,,1,,,,,,,1.57,,
418,Bihar,Arwal,,,,,,1.33,,,1.67,,,,,,,,,,,,,,
419,West Bengal,Hooghly,0.9,0.8,1.36,1.59,1.61,1.61,1.61,0.91,0.91,,,,,,,,,,,,,,
420,West Bengal,Medinipur east,1.43,,1.24,,1.48,1.58,1.59,1.59,1.56,,,,,,,,,,,,,,
421,West Bengal,Maldah,1.16,1.2,1.2,1.2,1.32,1.38,1.37,1.58,1.58,,,,,,,,,,,,,,
422,Rajasthan,Pratapgarh,,,,,,,,,,,,,,,,,1.5,1.5,1.5,0.63,1.53,1.5,1
423,West Bengal,Howrah,1.32,1.37,1.38,1.48,1.51,1.38,1.38,1.26,1.26,,,,,,,,,,,,,,
424,Jammu and Kashmir,Rajauri,,,,,,1.5,,,,,,,,,,,,,,,,,
425,Chhattisgarh,Bilaspur,1.09,1.21,1.07,1.19,1.04,1.05,1.2,1.13,1.13,1.26,1.26,1.27,1.31,1.07,1.26,1.25,1.28,1.27,1.29,1,1.5,1.5,1
426,Bihar,Bhagalpur,1.43,1.38,1.5,1.5,,1.47,,,,,,,,,,,,,,,,,
427,Bihar,Nalanda,,,1.5,,,,,,,,,,,,,,,,,,,,
428,Chhattisgarh,Surajpur,,,,,,,,,,,,1.16,1.25,0.97,1.35,1.37,1.13,1.17,1.11,1.37,1.45,1.35,1.26
429,Chhattisgarh,Rajnandgaon,1.23,1.17,1,1,1.23,1.2,1.18,1.25,1.33,1.14,1.12,1.15,1,1,1,1,1.25,1.2,1,1.33,1.4,1.41,1.33
430,Chhattisgarh,Raigarh,0.81,0.81,0.75,0.9,0.85,0.81,0.98,0.99,0.98,1.16,1.35,1.18,1.19,1.16,1.31,1.38,1.32,1.32,1.32,1.26,1.2,1.2,1.22
431,Chhattisgarh,Bemetara,,,,,,,,,,,,1.17,1.13,1.08,1.12,1,1.05,1.06,1.16,1.05,1.36,1.35,1.25
432,Chhattisgarh,Manendragarh chirimiri bharatpur,,,,,,,,,,,,,,,,,,,,,,,1.33
433,Chhattisgarh,Korea,1,1.21,1.13,1.25,1,0.92,1,1,1.23,0.87,1.31,1.15,1,1.1,1.08,1.11,1.14,1.14,1.06,0.94,1.08,1.05,1.33
434,Chhattisgarh,Bastar,1.24,1.2,1.1,1.25,1.26,1.16,1.25,1.29,1.2,1.29,1.26,1.32,1.31,1.16,1.06,1.06,1.18,1.18,1.18,1.2,1.2,1.13,1
435,Chhattisgarh,Kondagaon,,,,,,,,,,,,1.31,1.15,1.15,1.07,1.06,1.16,1.09,1.17,1.25,1.26,1.17,1.14
436,Chhattisgarh,Jashpur,1,1,1,1,1,1,1,1,1,1.12,0.91,1.22,1.15,1.19,1.16,1.31,1.21,1.14,1.08,1.2,1.23,1.2,1.24
437,Jammu and Kashmir,Poonch,,,,,,,,,,,,,1.2,,,,,,,,,,
438,Chhattisgarh,Balrampur,,,,,,,,,,,,1.16,1.2,1.02,1.02,1.02,1.12,1.1,1.1,1.08,1.19,1.13,1.03
439,Puducherry,Pondicherry,0.5,0.64,,1.02,,,,,,,,,,,,,,,,,,,
440,Rajasthan,Jhalawar,1,1,,,,1,1,,,,,,,,,,,,,,,,
441,Rajasthan,Banswara,,0.5,,,,,,,0.31,,,,,,,,1,,1,,,,
442,Madhya Pradesh,Morena,,,,,,,,,,,1,,,0.83,,,,,,,,,
443,Madhya Pradesh,Bhind,,,0.05,1,,,,,,,,,,,,,,,,,,,
444,Rajasthan,Rajsamand,,,,,,,,,,,,,1,,,,,,,,,,
445,West Bengal,Purulia,0.44,0.39,0.53,0.7,0.82,0.82,0.96,0.92,0.92,,,,,,,,,,,,,,
446,Madhya Pradesh,Sheopur,,,,,0.87,,,,,,,,,,,,,,,,,,
447,Puducherry,Mahe,0.62,,,,,,,,,,,,,,,,,,,,,,
448,Puducherry,Karaikal,0.5,0.11,,0.11,,,,,,,,,,,,,,,,,,,
