Crop: Horse-gram,,,,,,,,,,,,,,,,,,,,,,,,,
S.No.,State,District,2000 - 2001,2001 - 2002,2002 - 2003,2003 - 2004,2004 - 2005,2005 - 2006,2006 - 2007,2007 - 2008,2008 - 2009,2009 - 2010,2010 - 2011,2011 - 2012,2012 - 2013,2013 - 2014,2014 - 2015,2015 - 2016,2016 - 2017,2017 - 2018,2018 - 2019,2019 - 2020,2020 - 2021,2021 - 2022,2022 - 2023
,,,Yield (Ton./Ha.),Yield (Ton./Ha.),Yield (Ton./Ha.),Yield (Ton./Ha.),Yield (Ton./Ha.),Yield (Ton./Ha.),Yield (Ton./Ha.),Yield (Ton./Ha.),Yield (Ton./Ha.),Yield (Ton./Ha.),Yield (Ton./Ha.),Yield (Ton./Ha.),Yield (Ton./Ha.),Yield (Ton./Ha.),Yield (Ton./Ha.),Yield (Ton./Ha.),Yield (Ton./Ha.),Yield (Ton./Ha.),Yield (Ton./Ha.),Yield (Ton./Ha.),Yield (Ton./Ha.),Yield (Ton./Ha.),Yield (Ton./Ha.)
1,Telangana,Bhadradri,,,,,,,,,,,,,,,,,,,,0.75,3,0.82,
2,Chhattisgarh,Janjgir-champa,0.33,0.35,0.3,0.36,0.33,2.58,0.31,0.35,0.32,0.32,0.36,0.35,0.33,0.34,0.33,0.59,0.59,0.61,0.49,0.53,0.67,1,
3,Karnataka,Davangere,0.74,0.4,0.66,0.63,0.43,1.07,0.53,1,0.66,0.71,0.78,0.65,0.63,1.08,0.83,0.83,2.44,0.71,0.66,0.29,0.39,0.67,0.44
4,Telangana,Suryapet,,,,,,,,,,,,,,,,,0.38,,0.63,0.87,2.33,0.56,0.6
5,West Bengal,Dinajpur uttar,0.42,2.12,0.41,0.41,0.43,0.42,0.42,0.42,0.4,0.52,0.51,0.51,0.52,,0.51,0.51,0.52,,,,,,
6,Odisha,Baleshwar,,,0.5,,1,0.4,0.3,0.38,0.5,0.51,0.33,,0.55,0.2,0.2,2,,,,,,,
7,Telangana,Khammam,0.2,0.33,0.13,0.33,0.33,0.26,0.28,,0.42,0.3,0.4,0.25,,0.49,0.38,0.33,,,,,2,0.75,
8,Telangana,Komaram bheem asifabad,,,,,,,,,,,,,,,,,0.36,,0.67,,2,0.75,0.57
9,Telangana,Karimnagar,0.2,0.33,0.13,0.33,0.32,0.26,0.29,,0.42,0.29,0.4,,,,0.5,0.4,,,,,1.83,0.8,1
10,Telangana,Mahabubabad,,,,,,,,,,,,,,,,,,,,1,1.71,0.83,0.6
11,Telangana,Wanaparthy,,,,,,,,,,,,,,,,,0.38,,0.63,0.88,1.68,0.79,0.6
12,Telangana,Narayanapet,,,,,,,,,,,,,,,,,,,0.63,0.87,1.67,0.78,0.67
13,Telangana,Peddapalli,,,,,,,,,,,,,,,,,,,,,1.67,1,
14,Telangana,Jayashankar,,,,,,,,,,,,,,,,,0.5,,0.67,,1.67,,
15,Telangana,Siddipet,,,,,,,,,,,,,,,,,0.38,,0.64,0.86,1.66,0.77,0.62
16,Telangana,Jogulamba,,,,,,,,,,,,,,,,,0.38,,0.65,0.9,1.63,0.74,0.89
17,Telangana,Jangoan,,,,,,,,,,,,,,,,,0.38,,0.63,0.88,1.63,0.71,0.67
18,Telangana,Kamareddy,,,,,,,,,,,,,,,,,,,,0.87,1.63,0.82,0.67
19,Telangana,Mahbubnagar,0.39,0.38,0.33,0.44,0.46,0.57,0.43,0.67,0.4,0.37,0.45,0.1,,0.54,0.45,0.35,0.38,,0.75,0.87,1.63,0.84,0.63
20,Telangana,Nalgonda,0.2,0.33,0.13,0.33,0.32,0.26,0.29,0.33,0.42,0.3,0.4,0.15,0.5,0.48,0.38,0.45,0.38,,0.63,0.88,1.63,0.87,0.69
21,Telangana,Rangareddi,0.53,0.24,0.24,0.31,0.33,0.34,0.35,,0.41,0.35,0.43,0.12,,0.5,0.42,0.32,0.38,,0.64,0.87,1.62,0.63,0.54
22,Telangana,Sangareddy,,,,,,,,,,,,,,,,,0.4,,,0.86,1.62,0.78,1
23,Telangana,Yadadri,,,,,,,,,,,,,,,,,0.38,,0.63,0.87,1.61,0.8,0.58
24,Telangana,Nagarkurnool,,,,,,,,,,,,,,,,,0.37,,0.64,0.88,1.6,0.79,0.5
25,Telangana,Nizamabad,0.22,0.32,0.25,0.32,0.32,0.26,,,0.41,0.5,0.4,,,0.58,,0.33,,,,,1.6,0.83,0.5
26,Telangana,Medchal,,,,,,,,,,,,,,,,,,,,0.85,1.6,0.71,0.5
27,Telangana,Vikarabad,,,,,,,,,,,,,,,,,0.43,,0.6,,1.59,0.73,0.58
28,Himachal Pradesh,Sirmaur,0.23,0.34,0.05,,,0.33,0.82,0.9,0.69,0.67,0.88,0.79,1.59,0.79,0.79,0.79,0.79,0.78,0.65,0.65,0.4,0.4,0.4
29,Telangana,Medak,0.22,0.33,0.14,0.33,0.33,0.26,0.29,,0.42,0.3,0.41,0.15,,0.48,0.38,0.44,0.38,,0.57,0.88,1.58,0.76,1
30,Telangana,Rajanna,,,,,,,,,,,,,,,,,,,,0.8,1.58,0.8,0.67
31,Karnataka,Udupi,0.88,0.59,1.04,0.75,0.52,0.75,0.88,1.07,1.24,1.01,0.89,1.22,1.09,1.36,1.34,1.58,0.06,0.63,0.52,0.68,0.67,0.59,0.6
32,Telangana,Nirmal,,,,,,,,,,,,,,,,,,,,1,1.57,1,1
33,Telangana,Warangal urban,,,,,,,,,,,,,,,,,,,,,1.54,0.6,0.5
34,Telangana,Mancherial,,,,,,,,,,,,,,,,,0.33,,1,,1.5,1,1
35,Uttarakhand,Pithoragarh,0.6,,0.55,0.81,0.74,0.89,0.82,0.81,0.81,0.94,1.31,1.21,1.44,1.43,0.88,1.12,0.83,1.19,0.97,1.19,0.95,1.45,1.23
36,Odisha,Bhadrak,0.51,0.24,0.16,0.23,0.3,0.27,0.2,0.23,0.5,0.25,0.35,0.14,,0.2,,,,,0.9,1.38,0.3,0.47,
37,Uttarakhand,Uttar kashi,0.6,0.5,0.48,0.72,0.75,0.62,0.8,0.86,0.86,0.48,0.92,0.97,0.9,1.37,1.03,0.74,0.76,1.1,0.68,0.76,0.7,0.95,0.89
38,Uttarakhand,Champawat,0.5,,,0.77,0.71,0.63,0.6,0.55,0.55,0.55,0.6,0.58,0.58,0.58,1.15,1.37,0.9,1.08,0.94,0.99,1.25,1.16,1.29
39,Nagaland,Zunheboto,,,,,,,,,,,1.33,1.33,1.25,,1,1,1,1,1,1,,,
40,Nagaland,Mon,,,,,,,,,,,1.33,1.33,1,,1,1,1,1,1,1,,,
41,Tamil Nadu,Erode,0.23,,0.19,0.24,0.25,0.34,0.45,0.33,1.33,0.46,0.59,0.44,0.4,0.64,0.74,0.59,0.32,0.78,0.69,0.78,0.75,0.68,0.77
42,Jammu and Kashmir,Leh ladakh,,,,,,,,,,,0.48,,,,,,,,1.3,,,,
43,West Bengal,Alipurduar,,,,,,,,,,,,,,,,,1.3,0.31,0.46,0.4,0.42,0.4,0.4
44,West Bengal,Jalpaiguri,0.5,0.53,0.48,0.4,0.4,0.52,0.57,0.57,0.56,0.56,0.57,0.61,0.59,0.59,1.28,1.28,1.29,0.83,,0.62,0.6,0.63,0.63
45,Nagaland,Kohima,,,,,,,,,,,1.25,1.25,1,,1,1,1,1,1,1,,,
46,Uttarakhand,Almora,0.55,0.5,0.47,0.8,0.7,0.56,0.76,0.78,0.78,0.78,0.79,0.8,0.8,0.75,0.83,0.81,0.79,0.9,0.98,0.94,1.09,1.24,1.09
47,Uttarakhand,Bageshwar,0.75,0.53,0.6,0.73,0.7,0.59,0.82,0.94,0.95,0.87,0.91,0.86,0.83,0.51,0.52,0.81,0.79,0.79,0.78,0.94,1.09,1.24,1.09
48,Karnataka,Bellary,0.4,0.48,0.26,0.21,0.53,0.52,0.51,0.72,0.55,0.39,0.71,0.44,0.35,0.5,0.47,0.44,0.29,1.14,0.69,1.22,0.96,0.69,0.69
49,Uttarakhand,Nainital,0.53,0.5,0.48,0.73,0.7,0.58,0.68,0.75,0.75,0.75,0.76,0.76,0.75,0.7,0.84,0.74,0.93,1.05,0.9,0.99,1.2,0.88,0.9
50,Nagaland,Dimapur,,,,,,,,,,,1,1,1.2,,1.14,1.11,1.11,1.2,1.2,1.2,,,1.09
51,Nagaland,Phek,,,,,,,,,,,0.75,0.75,1,,1.2,1.17,1.17,1.17,1.17,1.17,,,
52,Uttarakhand,Dehradun,0.51,0.45,0.48,0.73,0.75,0.62,0.63,0.95,0.95,0.95,0.85,0.75,0.46,0.45,0.87,0.96,0.8,1.03,0.97,1.03,1.19,1.02,1.06
53,Nagaland,Nuiland,,,,,,,,,,,,,,,,,,,,,,,1.18
54,Tamil Nadu,Sivaganga,0.5,,0.26,0.27,0.33,0.37,0.58,0.44,0.47,0.47,0.56,0.54,0.4,1.18,0.7,0.59,0.33,0.78,0.69,0.78,0.74,0.69,0.78
55,Nagaland,Peren,,,,,,,,,,,1,1,1,,1,1,1,1.17,1.17,1.17,,0.56,1.15
56,Nagaland,Wokha,,,,,,,,,,,0.8,0.8,1,,1.17,1.17,1.17,1.17,1.17,1.17,,,
57,Nagaland,Chumoukedima,,,,,,,,,,,,,,,,,,,,,,,1.14
58,Uttarakhand,Chamoli,0.6,0.55,0.55,0.84,0.75,0.77,0.52,0.73,0.73,0.52,1.04,0.86,1.08,0.82,0.69,0.91,0.84,0.86,0.88,0.98,0.98,1.02,0.77
59,Karnataka,Chikmagalur,0.45,0.34,0.49,0.37,0.51,0.53,0.39,0.57,0.61,0.7,0.67,0.48,0.43,0.52,0.62,0.66,0.2,0.83,0.79,1.03,0.96,0.74,0.83
60,Bihar,Khagaria,0.77,0.8,0.8,0.74,0.81,0.86,,,,0.96,0.95,0.95,0.97,0.95,0.96,0.87,0.86,0.89,0.85,0.87,0.87,1.03,1.03
61,Uttarakhand,Rudra prayag,0.5,0.45,0.45,0.69,0.75,0.58,0.67,0.31,0.3,0.39,0.7,1.02,0.53,0.61,0.64,0.74,0.97,0.97,0.97,0.75,0.62,0.82,0.77
62,Bihar,Araria,0.99,1.01,0.8,0.74,0.88,0.89,,,,0.96,0.94,0.95,0.97,0.95,0.96,0.96,0.94,,,,,,
63,Tamil Nadu,Vellore,0.39,,0.31,0.24,0.31,0.34,0.59,0.4,0.38,0.47,0.29,0.57,0.5,0.85,1.01,0.71,0.43,0.86,0.84,0.84,0.94,0.79,0.79
64,Uttarakhand,Tehri garhwal,0.42,0.31,0.41,0.8,0.7,0.51,0.65,0.75,0.75,0.57,0.76,0.82,0.88,0.78,0.76,0.83,0.94,0.65,0.87,0.92,0.97,1,0.79
65,Tamil Nadu,Tiruvannamalai,0.38,,0.25,0.27,0.1,0.24,0.76,0.39,0.46,0.47,0.57,0.63,0.64,0.76,0.85,0.64,1,0.93,0.62,0.98,0.6,0.89,0.85
66,Bihar,Darbhanga,0.68,0.74,0.8,0.75,0.5,0.64,,,,1,,,,,,,,,,,,,
67,Tamil Nadu,Tirunelveli,0.44,,0.25,0.27,0.3,0.36,0.58,0.44,0.47,0.45,0.43,0.53,0.38,1,0.75,0.55,0.5,0.75,,0.86,0.73,1,1
68,Nagaland,Kiphire,,,,,,,,,,,1,1,1,,1,1,1,1,1,1,,,
69,West Bengal,Hooghly,,,,,,,1,,,1,,,,,,,,,,,,,0.5
70,Telangana,Warangal,0.2,0.33,0.13,0.33,0.32,0.26,0.29,,0.42,0.3,0.4,0.15,,0.48,0.38,0.45,,,,,1,1,
71,Nagaland,Tuensang,,,,,,,,,,,1,1,1,,1,1,1,1,0.75,0.75,,,
72,Tamil Nadu,Ramanathapuram,0.42,,0.25,0.27,0.31,0.33,0.67,0.4,0.33,0.33,,0.5,0.33,0.71,0.44,0.6,0.5,1,0.67,,,1,
73,Nagaland,Mokokchung,,,,,,,,,,,0.67,0.67,1,,1,1,1,1,1,1,,,
74,Himachal Pradesh,Kangra,0.31,0.52,0.3,,,0.41,0.51,0.43,0.45,0.42,0.71,0.69,1,0.5,0.5,0.5,0.5,0.67,0.61,0.61,0.36,0.42,0.35
75,Karnataka,Kodagu,,,,0.23,0.52,0.4,0.3,0.53,0.37,0.47,0.61,,,,,,,,0.4,1,,1,
76,Bihar,Bhojpur,,,,,0.8,,,,,1,0.9,1,1,1,1,0.89,,,,,,,
77,Tamil Nadu,Cuddalore,0.43,,0.25,0.27,0.3,0.4,0.63,0.5,0.5,0.33,0.55,0.67,0.33,0.75,0.75,1,,1,1,0.5,0.73,0.67,
78,Bihar,Aurangabad,0.75,0.82,0.79,0.72,,0.85,,,,,,,1,1,1,,,,,,,,
79,Nagaland,Longleng,,,,,,,,,,,1,1,1,,1,1,1,1,1,1,,,
80,Tamil Nadu,Perambalur,0.4,,0.31,0.27,0.32,0.33,0.55,0.33,0.33,1,0.5,0.5,,0.2,1,0.67,0.33,1,0.5,0.75,0.67,1,1
81,Bihar,Samastipur,0.86,,0.75,0.75,0.67,0.67,,,,,,,1,,,,,,1,1,1,1,1
82,Andhra Pradesh,West godavari,0.22,0.54,0.37,0.54,0.41,0.37,0.49,,0.38,0.63,0.42,0.42,,0.47,0.4,0.56,0.56,0.71,0.64,0.67,0.64,0.55,1
83,Bihar,Jehanabad,0.78,0.8,,,,0.9,,,,,,1,1,1,,,,,,,,,
84,Tamil Nadu,Kanchipuram,,,0.25,,0.29,0.37,0.59,0.43,,,0.5,0.67,,0.58,0.78,,0.29,,,0.75,1,1,1
85,Bihar,Arwal,,,,0.75,0.81,0.87,,,,,,0.94,0.94,,,,,,0.92,0.93,1,0.9,1
86,Tamil Nadu,Ariyalur,,,,,,,,,,,,,,0.5,0.8,0.6,0.33,0.71,0.67,0.79,0.75,1,0.83
87,Bihar,Lakhisarai,0.75,,0.8,0.74,,0.86,,,,,,,,,,,,,,,,,1
88,Haryana,Ambala,,,,,,,,,,,,,,,,,,,,1,,,
89,Haryana,Panchkula,,,0.31,0.27,0.31,0.27,0.32,0.33,0.28,0.27,0.29,0.28,0.4,0.5,1,0.5,0.5,0.29,0.5,0.5,0.5,0.5,
90,Tamil Nadu,Thenkasi,,,,,,,,,,,,,,,,,,,,,,1,1
91,West Bengal,Darjeeling,,,0.67,0.67,,0.5,0.5,0.5,0.5,0.5,0.5,0.67,0.5,,,1,0.5,0.5,,,,,
92,Chhattisgarh,Bemetara,,,,,,,,,,,,,0.5,,,0.2,,,,,0.25,1,
93,Tamil Nadu,Ranipet,,,,,,,,,,,,,,,,,,,,,0.72,0.69,1
94,Andhra Pradesh,East godavari,0.21,0.54,0.38,0.54,0.4,0.36,0.5,1,0.39,0.65,0.41,0.42,,0.46,0.41,0.55,0.53,0.7,0.55,0.62,0.5,0.29,0.5
95,Bihar,Buxar,,,,,,,,,,,,,,,,,1,,,,,,
96,Tamil Nadu,Thoothukudi,0.42,,0.27,0.29,0.3,0.35,0.57,0.45,0.5,,,0.5,0.33,0.75,0.74,0.5,0.38,0.78,0.71,0.88,0.72,,1
97,Haryana,Bhiwani,,,,,,,,,,,,,,1,1,,,,,,,,
98,Andhra Pradesh,Bapatla,,,,,,,,,,,,,,,,,,,,,,,1
99,Andhra Pradesh,Kurnool,0.22,0.54,0.37,0.54,0.13,0.38,0.5,1,0.66,0.69,0.56,0.59,1,0.56,0.46,0.46,0.4,0.6,0.17,0.49,0.77,0.65,0.53
100,Himachal Pradesh,Una,0.21,0.32,0.24,,,0.36,0.26,0.26,0.24,0.23,0.55,0.25,0.55,0.26,0.26,0.26,0.26,0.47,0.47,0.62,,1,
101,Telangana,Adilabad,0.2,0.33,0.13,0.33,0.32,0.26,0.32,1,0.42,0.3,0.4,0.14,,0.48,0.38,0.46,,,,,,,
102,Chhattisgarh,Baloda bazar,,,,,,,,,,,,0.35,0.34,0.37,0.34,0.51,0.41,0.41,0.44,0.5,0.41,0.43,1
103,Bihar,Siwan,,,,,,,,,,1,,,,,,,,,,,,,
104,Madhya Pradesh,Balaghat,,,,0.3,0.28,0.28,0.3,0.36,0.35,0.36,0.41,0.3,0.49,0.49,1,,,0.44,0.51,,,,
105,Chhattisgarh,Raipur,0.24,0.31,0.29,0.31,0.28,0.27,0.29,0.29,0.3,0.29,0.32,,,,,,,,,,,,1
106,Tamil Nadu,Villupuram,0.44,,0.25,0.27,0.3,0.37,0.58,0.44,0.47,0.46,0.47,0.54,0.4,0.64,0.74,0.59,0.32,0.78,0.7,,1,,
107,Tamil Nadu,Pudukkottai,0.43,,0.25,0.27,0.3,0.36,0.58,0.44,0.47,0.47,0.56,0.5,0.38,1,0.79,0.6,0.32,0.79,0.7,0.76,0.73,0.67,0.77
108,Tamil Nadu,Krishnagiri,,,,,0.27,0.21,0.57,0.39,0.55,0.53,0.41,0.51,0.37,0.58,0.66,0.53,0.34,0.76,0.73,0.89,0.99,0.85,0.98
109,Bihar,Purnia,0.92,0.99,0.8,0.74,0.99,0.89,,,,0.96,0.94,0.95,0.97,0.95,0.96,0.96,0.94,0.93,0.94,0.93,0.93,0.94,0.93
110,Bihar,Gaya,0.77,0.8,0.8,0.74,0.81,0.86,,,,0.96,0.94,0.95,0.97,0.95,0.96,0.93,0.92,0.92,0.92,0.92,0.92,0.92,0.99
111,Bihar,Nawada,0.77,0.8,0.8,0.74,0.81,0.86,,,,0.96,0.94,0.95,0.97,0.95,0.96,0.93,0.92,0.92,0.92,0.92,0.92,0.92,0.99
112,Bihar,Pashchim champaran,,,,,,,,,,,,0.96,0.98,0.95,0.97,0.94,0.93,,,,,,
113,West Bengal,Murshidabad,,,,,0.06,0.6,,,0.45,,,,,0.97,0.97,0.94,0.94,0.97,,,0.27,0.24,0.98
114,Andhra Pradesh,Visakhapatanam,0.27,0.75,0.85,0.88,0.97,0.3,0.58,0.5,0.49,0.71,0.72,0.52,0.5,0.49,0.48,0.63,0.56,0.56,0.66,0.62,0.72,0.61,0.58
115,Bihar,Katihar,0.89,0.96,0.8,0.74,0.88,0.89,,,,0.96,0.94,0.95,0.97,0.95,0.96,0.96,0.94,0.88,0.94,0.94,0.94,0.94,0.92
116,Karnataka,Ramanagara,,,,,,,,0.67,0.49,0.47,0.85,0.79,0.57,0.77,0.63,0.77,0.12,0.52,0.52,0.93,0.82,0.79,0.97
117,Bihar,Madhepura,0.49,0.49,0.8,,0.81,0.86,,,,0.96,0.94,0.95,0.97,0.95,0.96,0.93,0.92,0.92,0.92,0.92,0.92,0.91,0.89
118,Bihar,Begusarai,0.77,0.8,0.8,0.74,,0.86,,,,0.96,0.94,0.95,0.97,0.95,0.96,0.87,0.87,0.89,0.88,0.88,0.88,0.69,0.67
119,Bihar,Madhubani,0.66,0.74,0.8,0.74,0.49,0.62,,,,0.96,0.94,0.95,0.97,0.95,0.96,0.93,0.92,0.93,0.92,0.92,0.93,0.93,0.92
120,Bihar,Saharsa,0.49,0.49,0.8,0.74,0.81,0.86,,,,0.96,0.94,0.95,0.97,0.95,0.96,0.93,0.92,0.93,,0.92,0.92,0.91,0.89
121,Bihar,Banka,0.77,0.8,0.8,0.74,0.74,0.86,,,,0.96,0.94,0.95,0.97,0.95,0.96,0.96,0.94,0.95,0.92,0.94,0.94,0.93,0.92
122,Bihar,Jamui,0.77,0.8,,0.74,0.81,0.86,,,,0.96,0.94,0.95,0.97,0.95,0.96,0.87,0.86,0.88,0.85,0.87,0.87,0.91,0.89
123,Bihar,Rohtas,0.77,0.8,0.8,0.74,0.81,0.89,,,,0.97,0.95,0.95,0.97,0.95,,,,,,,,,
124,Bihar,Supaul,0.49,0.49,0.8,0.74,0.81,0.86,,,,0.96,0.94,0.95,0.97,0.95,0.96,0.93,0.92,0.92,0.92,0.92,0.92,0.91,0.89
125,Bihar,Bhagalpur,0.77,0.8,0.8,0.74,0.74,0.86,,,,0.96,0.94,0.95,0.97,0.95,0.96,0.96,0.94,0.95,0.92,0.94,0.94,0.93,0.92
126,Bihar,Kishanganj,0.74,0.87,0.8,0.74,0.8,0.89,,,,0.96,0.94,0.95,0.97,0.95,0.96,0.96,0.94,0.93,,,,,
127,Bihar,Munger,0.77,0.8,0.79,0.74,0.81,0.86,,,,0.96,0.94,0.95,0.97,0.95,0.96,0.87,0.87,0.88,0.87,0.88,0.88,0.92,0.91
128,Karnataka,Bengaluru urban,0.71,0.72,0.81,0.65,0.97,0.57,0.32,0.62,0.42,0.51,0.54,0.55,0.45,0.52,0.54,0.45,0.33,0.68,0.46,0.76,0.67,0.63,0.63
129,Andhra Pradesh,Prakasam,0.21,0.54,0.37,0.54,0.4,0.36,0.51,,0.38,0.62,0.41,0.42,,0.46,0.42,0.55,0.49,0.69,0.65,0.65,0.71,0.89,0.96
130,Bihar,Sheikhpura,,,,,,,,,,,,,0.96,,,,,,,,,,
131,Tamil Nadu,Coimbatore,0.37,,0.2,0.29,0.49,0.43,0.34,0.35,0.54,0.34,0.31,0.47,0.39,0.96,0.96,0.59,0.32,0.82,0.73,0.7,0.81,0.56,0.69
132,Tamil Nadu,Dindigul,0.56,,0.26,0.35,0.24,0.43,0.19,0.31,0.25,0.37,0.33,0.49,0.11,0.11,0.52,0.52,0.28,0.65,0.94,0.5,0.56,0.65,0.84
133,Tamil Nadu,Dharmapuri,0.45,,0.27,0.26,0.33,0.52,0.91,0.7,0.72,0.48,0.65,0.62,0.57,0.77,0.81,0.67,0.36,0.93,0.71,0.84,0.83,0.81,0.87
134,Andhra Pradesh,Krishna,0.21,0.54,0.37,0.52,0.41,0.36,0.51,,0.38,0.62,0.41,0.42,,0.46,0.41,0.55,0.56,0.71,0.65,0.92,0.81,0.72,0.59
135,Karnataka,Chitradurga,0.44,0.45,0.41,0.43,0.8,0.68,0.47,0.55,0.44,0.43,0.59,0.35,0.39,0.4,0.41,0.37,0.22,0.8,0.63,0.91,0.78,0.71,0.61
136,Jharkhand,Bokaro,,,,,,,,,,,,,,,,,,0.7,0.7,0.9,0.9,0.6,0.9
137,Jharkhand,Simdega,,,,,,,,,,,,,,,,,,0.57,0.9,0.85,0.85,0.9,0.8
138,Bihar,Kaimur (bhabua),,,0.67,,,0.9,,,,,,,,,,,,,,,,,
139,Jharkhand,Deoghar,,,,,,,,,,,,,,,,,,0.55,0.55,,0.9,0.56,0.55
140,Tamil Nadu,Namakkal,0.51,,0.25,0.27,0.42,0.62,0.89,0.82,0.47,0.46,0.45,0.54,0.4,0.64,0.74,0.59,0.32,0.78,0.69,0.78,0.75,0.68,0.77
141,Karnataka,Raichur,0.37,0.33,0.25,0.1,0.21,0.35,0.32,0.44,0.34,0.28,0.36,0.24,0.23,0.48,0.42,0.18,0.48,0.49,0.42,0.88,0.5,0.62,0.61
142,Tamil Nadu,Thiruvallur,0.41,,0.26,0.26,0.3,0.38,0.58,0.44,0.47,0.48,0.5,0.54,0.39,0.69,0.75,0.6,0.5,0.8,0.67,0.79,0.73,0.63,0.88
143,Karnataka,Chikballapur,,,,,,,,0.39,0.55,0.36,0.58,0.5,0.35,0.49,0.41,0.35,0.19,0.8,0.29,0.86,0.87,0.63,0.77
144,Karnataka,Bagalkot,0.87,0.66,0.54,0.1,0.45,0.74,0.14,0.66,0.55,0.34,0.6,0.42,0.2,0.21,0.33,0.29,0.09,0.61,0.48,0.87,0.61,0.49,0.44
145,Jharkhand,Hazaribagh,,,,,,,,,,,,,,,,,,0.74,0.74,0.74,0.74,0.85,0.85
146,Telangana,Mulugu,,,,,,,,,,,,,,,,,,,,,,0.85,
147,Karnataka,Uttar kannad,0.84,0.57,0.32,0.28,0.35,0.42,0.3,0.48,0.37,0.47,0.61,0.5,0.38,0.51,0.49,0.13,0.57,0.59,0.61,0.65,0.78,0.45,0.56
148,Andhra Pradesh,Srikakulam,0.37,0.55,0.43,0.59,0.4,0.42,0.51,0.55,0.5,0.62,0.46,0.55,0.83,0.52,0.48,0.66,0.8,0.82,0.77,0.53,0.75,0.54,0.64
149,Karnataka,Kolar,0.39,0.43,0.22,0.28,0.29,0.47,0.31,0.38,0.24,0.3,0.59,0.69,0.49,0.83,0.65,0.76,0.13,0.69,0.35,0.67,0.7,0.55,0.8
150,Tamil Nadu,Salem,0.5,,0.24,0.37,0.38,0.46,0.57,0.61,0.47,0.68,0.62,0.6,0.3,0.6,0.82,0.83,0.31,0.66,0.79,0.69,0.79,0.69,0.64
151,Uttarakhand,Pauri garhwal,0.55,0.5,0.47,0.62,0.72,0.66,0.7,0.81,0.81,0.36,0.76,0.7,0.59,0.72,0.67,0.8,0.6,0.54,0.8,0.76,0.62,0.82,0.59
152,Bihar,Sitamarhi,0.79,0.82,0.8,0.74,,,,,,,,,,,,,,,,,,,
153,Karnataka,Bangalore rural,0.69,0.71,0.57,0.69,0.76,0.7,0.41,0.6,0.75,0.62,0.8,0.73,0.51,0.62,0.58,0.58,0.34,0.8,0.53,0.81,0.73,0.77,0.82
154,Karnataka,Belgaum,0.39,0.3,0.34,0.12,0.52,0.58,0.54,0.37,0.5,0.32,0.45,0.57,0.29,0.44,0.35,0.14,0.37,0.66,0.44,0.81,0.64,0.45,0.36
155,Jharkhand,Dumka,,,,,,,,,,,,,,,,,,0.67,0.67,0.81,0.8,0.8,0.79
156,Jharkhand,Chatra,,,,,,,,,,,,,,,,,,0.72,0.78,0.8,0.79,0.81,
157,Haryana,Karnal,,,,,,,,,0.81,,,,,,,,,,,,,,
158,Jharkhand,Gumla,,,,,,,,,,,,,,,,,,0.77,0.69,0.7,0.7,0.4,0.81
159,Jharkhand,Koderma,,,,,,,,,,,,,,,,,,0.6,0.6,0.6,0.6,0.8,0.8
160,Jharkhand,Khunti,,,,,,,,,,,,,,,,,,,0.65,,0.8,0.7,0.7
161,Jharkhand,Palamu,,,,,,,,,,,,,,,,,,0.61,0.56,0.8,0.8,0.68,
162,Bihar,Nalanda,,,,0.8,,,,,,,,,,,,,,,,,,,
163,Haryana,Hisar,,,,,,,0.8,,,,,,,,,,,,,,,,
164,Telangana,Jagitial,,,,,,,,,,,,,,,,,,,,,,0.8,0.67
165,Jharkhand,Jamtara,,,,,,,,,,,,,,,,,,,0.4,0.54,,0.65,0.8
166,Tamil Nadu,Madurai,0.43,,0.25,0.27,0.3,0.37,0.58,0.45,0.47,0.46,0.5,0.54,0.4,0.59,0.76,0.59,0.36,0.77,0.71,0.8,0.73,0.67,0.78
167,Karnataka,Mandya,0.65,0.53,0.28,0.24,0.49,0.43,0.15,0.53,0.36,0.47,0.59,0.5,0.33,0.43,0.46,0.47,0.07,0.68,0.42,0.72,0.71,0.8,0.7
168,Karnataka,Chamarajanagar,0.32,0.22,0.22,0.14,0.37,0.37,0.33,0.56,0.38,0.58,0.61,0.67,0.47,0.58,0.45,0.54,0.02,0.7,0.55,0.79,0.79,0.71,0.79
169,Himachal Pradesh,Mandi,0.56,0.59,0.79,,,0.71,0.61,0.43,0.43,0.38,0.59,0.62,0.11,0.45,0.44,0.48,0.44,0.65,0.59,0.58,0.46,0.46,0.46
170,Tamil Nadu,Virudhunagar,0.44,,0.26,0.27,0.3,0.37,0.59,0.44,0.48,0.47,0.43,0.55,0.4,0.64,0.78,0.59,0.33,0.79,0.69,0.75,0.71,0.65,0.73
171,Tamil Nadu,Tiruchirappalli,0.43,,0.25,0.27,0.3,0.38,0.59,0.44,0.47,0.46,0.56,0.54,0.4,0.63,0.74,0.59,0.32,0.78,0.69,0.78,0.75,0.68,0.77
172,Tamil Nadu,Karur,0.43,,0.25,0.27,0.3,0.36,0.58,0.44,0.47,0.43,0.56,0.54,0.4,0.64,0.74,0.59,0.32,0.78,0.69,0.35,0.4,0.5,0.7
173,Tamil Nadu,Theni,0.44,,0.25,0.27,0.3,0.37,0.59,0.44,0.47,0.46,0.5,0.54,0.4,0.63,0.74,0.59,0.32,0.78,0.69,0.78,0.75,0.68,0.77
174,Himachal Pradesh,Kullu,0.15,0.19,0.06,,,0.4,0.42,0.3,0.31,0.22,0.69,0.78,0.53,0.26,0.27,0.53,0.26,0.63,0.64,0.65,0.63,0.63,0.63
175,Karnataka,Yadgir,,,,,,,,,,,0.46,0.46,0.43,0.49,0.53,0.45,0.33,0.61,0.49,0.76,0.65,0.55,0.62
176,Karnataka,Bidar,0.57,0.53,0.39,0.36,0.53,0.58,0.36,0.52,,,,,,0.5,,,0.25,0.69,0.42,0.76,0.67,0.63,0.63
177,Karnataka,Gulbarga,0.27,0.43,0.23,0.24,0.25,0.43,0.31,0.5,0.41,0.49,0.58,0.54,0.41,0.5,0.47,0.46,0.3,0.69,0.41,0.75,0.66,0.62,0.63
178,West Bengal,Maldah,0.45,0.44,0.44,0.43,0.04,0.43,0.42,0.42,0.42,0.42,0.41,0.41,0.41,0.41,0.41,0.41,0.55,0.75,0.75,0.75,0.74,0.73,0.73
179,Andhra Pradesh,Vizianagaram,0.11,0.48,0.23,0.43,0.28,0.34,0.49,0.47,0.3,0.61,0.33,0.32,0.43,0.39,0.35,0.46,0.41,0.65,0.52,0.75,0.64,0.58,0.45
180,Jharkhand,Dhanbad,,,,,,,,,,,,,,,,,,0.75,0.75,0.7,0.7,0.7,0.7
181,Tamil Nadu,Kallakurichi,,,,,,,,,,,,,,,,,,,,,0.75,0.68,
182,Himachal Pradesh,Bilaspur,0.32,0.52,0.28,,,0.55,0.64,0.64,0.33,0.23,0.25,0.75,0.57,0.25,0.27,0.45,0.27,0.55,0.55,0.62,,0.67,0.67
183,Karnataka,Dharwad,0.74,0.17,0.2,0.22,0.21,0.48,0.63,0.6,0.43,0.53,0.44,0.33,0.28,0.34,0.4,0.25,0.07,0.38,0.51,0.47,0.44,0.65,0.61
184,Jharkhand,Godda,,,,,,,,,,,,,,,,,,0.7,0.71,0.71,0.74,0.73,0.45
185,West Bengal,Dinajpur dakshin,0.74,0.48,0.48,0.47,,,,,,,,,,,,,,,,,,,
186,Jharkhand,Ramgarh,,,,,,,,,,,,,,,,,,0.74,0.74,0.74,0.74,0.62,0.62
187,Jharkhand,Latehar,,,,,,,,,,,,,,,,,,0.74,0.73,0.62,0.62,0.62,0.63
188,Karnataka,Mysore,0.72,0.67,0.3,0.19,0.29,0.4,0.33,0.38,0.33,0.69,0.61,0.55,0.36,0.45,0.44,0.44,0.01,0.61,0.55,0.61,0.58,0.56,0.49
189,Karnataka,Tumkur,0.43,0.32,0.34,0.35,0.46,0.57,0.35,0.6,0.5,0.46,0.59,0.55,0.4,0.46,0.44,0.47,0.24,0.57,0.42,0.72,0.49,0.5,0.51
190,Tamil Nadu,The nilgiris,,,,,,,,,,,,,,,0.71,,,,,,,,
191,West Bengal,Birbhum,0.51,0.51,0.51,0.31,0.23,0.31,0.41,0.4,0.41,0.4,0.41,0.4,0.4,0.4,0.4,0.4,0.4,0.45,0.71,0.69,0.68,0.59,0.6
192,Chhattisgarh,Sukma,,,,,,,,,,,,0.3,0.42,0.39,0.33,0.42,0.39,0.44,0.71,0.41,0.48,0.4,0.42
193,Andhra Pradesh,Spsr nellore,0.22,0.54,0.37,0.54,0.41,0.36,0.51,,0.38,0.62,0.41,0.42,,0.46,0.42,0.55,0.56,0.71,0.65,0.66,0.32,0.4,0.59
194,Chhattisgarh,Sarangarh bilaigarh,,,,,,,,,,,,,,,,,,,,,,,0.71
195,Jammu and Kashmir,Jammu,,0.27,,,,,0.27,,,0.27,0.27,0.27,0.27,,,,0.35,0.7,0.7,0.3,0.3,0.3,
196,West Bengal,Medinipur west,0.6,0.6,0.7,0.56,0.56,0.53,0.53,0.53,0.52,0.53,0.52,0.53,0.53,0.52,0.53,0.53,0.53,0.55,,0.62,0.5,,0.33
197,Karnataka,Haveri,0.68,0.28,0.31,0.2,0.25,0.41,0.53,0.61,0.42,0.57,0.47,0.39,0.27,0.46,0.65,0.31,0.12,0.34,0.56,0.52,0.7,0.63,0.58
198,Madhya Pradesh,Shahdol,,,,0.24,0.22,0.22,0.29,0.28,0.3,0.29,0.27,0.2,0.6,0.7,,,,,,,,,
199,Andhra Pradesh,Chittoor,0.44,0.53,0.48,0.43,0.33,0.4,0.51,0.5,0.66,0.69,0.53,0.59,0.67,0.54,0.45,0.51,0.36,0.63,0.41,0.64,0.61,0.52,0.43
200,Andhra Pradesh,Anantapur,0.3,0.27,0.3,0.44,0.23,0.3,0.38,,0.6,0.69,0.54,0.56,0.67,0.57,0.46,0.24,0.08,0.28,0.18,0.37,0.15,0.17,0.21
201,Karnataka,Hassan,0.39,0.4,0.19,0.24,0.49,0.38,0.4,0.41,0.4,0.48,0.68,0.52,0.29,0.42,0.52,0.46,0.04,0.53,0.32,0.56,0.59,0.53,0.65
202,Chhattisgarh,Surajpur,,,,,,,,,,,,0.24,0.28,0.3,0.3,0.58,0.5,0.57,0.62,0.62,0.66,0.68,0.6
203,West Bengal,Purba bardhaman,0.46,0.56,0.6,0.58,0.68,0.51,0.6,0.6,,,0.6,0.55,0.54,0.55,0.67,0.57,0.5,,,,,,
204,Tamil Nadu,Tirupathur,,,,,,,,,,,,,,,,,,,,,0.68,0.53,0.63
205,Karnataka,Shimoga,0.46,0.37,0.47,0.34,0.49,0.49,0.34,0.5,0.42,0.49,0.59,0.52,0.4,0.51,0.49,0.48,0.1,0.65,0.48,0.67,0.65,0.61,0.6
206,Himachal Pradesh,Shimla,0.24,0.38,0.05,,,0.36,0.61,0.43,0.42,0.29,0.37,0.34,0.67,0.34,0.53,0.45,0.34,0.58,0.61,0.62,0.46,0.46,0.46
207,West Bengal,Coochbehar,0.4,,,0.6,0.62,0.66,0.62,0.64,0.64,0.65,0.66,0.67,0.66,0.65,0.66,0.66,0.67,0.6,0.56,0.55,0.53,0.55,0.6
208,Andhra Pradesh,Kadapa,0.37,0.5,0.37,0.5,0.22,0.38,0.19,,0.34,0.54,0.33,0.42,0.67,0.64,0.46,0.5,0.14,0.66,0.23,0.54,0.41,0.17,0.53
209,Madhya Pradesh,Alirajpur,,,,,,,,,0.43,0.4,0.43,0.31,0.5,0.63,,0.33,0.67,0.45,0.45,,,,
210,Haryana,Faridabad,,,,0.17,,0.28,0.26,,,,,,,0.67,,,,,,,,,
211,Madhya Pradesh,Dhar,,,,0.33,0.26,0.27,0.28,0.33,0.33,0.31,0.31,0.23,0.31,0.49,0.5,0.33,0.67,0.31,0.26,,,,
212,Jharkhand,East singhbum,,,,,,,,,,,,,,,,,,0.52,0.55,0.55,0.65,0.66,0.67
213,Jharkhand,West singhbhum,,,,,,,,,,,,,,,,,,0.66,0.66,0.66,0.65,0.56,0.56
214,Karnataka,Bijapur,0.42,0.34,0.37,0.15,0.52,0.42,0.31,0.36,0.3,0.18,0.27,0.21,0.18,0.27,0.19,0.07,0.34,0.54,0.32,0.48,0.52,0.66,0.54
215,Himachal Pradesh,Chamba,0.26,0.42,0.29,,,0.22,0.35,0.35,0.27,0.23,0.56,0.61,0.54,0.27,0.27,0.41,0.27,0.46,0.46,0.66,0.66,0.66,0.65
216,Jharkhand,Saraikela kharsawan,,,,,,,,,,,,,,,,,,,,0.65,0.6,0.6,0.6
217,Himachal Pradesh,Solan,0.18,0.22,0.13,,,0.2,0.33,0.37,0.15,0.06,0.61,0.07,0.16,0.07,0.09,0.32,0.07,0.49,0.58,0.62,0.65,0.65,
218,Odisha,Nabarangpur,0.26,0.35,0.19,0.41,0.35,0.37,0.38,0.45,0.29,0.37,0.36,0.18,0.44,0.55,0.42,0.38,0.57,0.54,0.5,0.52,0.57,0.63,0.65
219,West Bengal,Jhargram,,,,,,,,,,,,,,,,,,,,0.5,0.63,0.63,0.65
220,Chhattisgarh,Balrampur,,,,,,,,,,,,0.24,0.28,0.2,0.28,0.62,0.65,0.6,0.6,0.6,0.64,0.64,0.64
221,Chhattisgarh,Mungeli,,,,,,,,,,,,,,,,,,,,,0.4,0.64,0.33
222,Andhra Pradesh,Guntur,0.17,,0.33,,,,,,,0.63,,,,,,,,,0.64,0.6,0.33,,
223,Karnataka,Dakshin kannad,,0.35,,0.24,0.33,0.4,0.3,0.46,0.36,0.47,0.6,0.51,0.38,0.51,0.49,0.48,0.07,0.63,0.52,,,,
224,Madhya Pradesh,Burhanpur,,,,0.33,0.27,0.3,0.35,0.33,0.28,0.29,0.23,,,,0.63,,,,,,,,
225,Karnataka,Vijayanagar,,,,,,,,,,,,,,,,,,,,,,,0.62
226,Odisha,Kendrapara,0.56,0.51,0.44,0.35,0.36,0.29,0.39,0.43,0.37,0.41,0.39,0.42,0.41,0.32,0.43,0.42,0.4,0.45,0.62,0.54,0.52,0.36,0.38
227,Chhattisgarh,Narayanpur,,,,,,,,0.35,0.35,0.3,0.37,0.37,0.32,0.33,0.27,0.26,0.38,0.37,0.38,0.38,0.6,0.61,0.54
228,Karnataka,Koppal,0.61,0.17,0.18,0.33,0.28,0.37,0.12,0.31,0.24,0.19,0.44,0.12,0.24,0.29,0.47,0.26,0.28,0.52,0.4,0.42,0.52,0.42,0.43
229,Jharkhand,Pakur,,,,,,,,,,,,,,,,,,0.6,0.59,0.6,0.6,0.6,
230,Jharkhand,Lohardaga,,,,,,,,,,,,,,,,,,0.6,,0.6,0.6,0.5,0.6
231,Jharkhand,Ranchi,,,,,,,,,,,,,,,,,,,0.48,0.5,0.6,0.48,
232,Tamil Nadu,Kanniyakumari,,,0.2,0.2,0.33,0.25,0.6,0.4,0.4,,,,,,,,,,,,,,
233,West Bengal,Paschim bardhaman,,,,,,,,,,,,,,,,,,0.6,0.6,0.6,,,
234,Andhra Pradesh,Eluru,,,,,,,,,,,,,,,,,,,,,,,0.59
235,Karnataka,Gadag,0.38,0.35,0.59,0.27,0.4,0.46,0.26,0.49,0.37,0.49,0.44,0.26,0.4,0.38,0.5,0.21,0.08,0.43,0.25,0.49,0.42,0.47,0.46
236,West Bengal,Bankura,0.38,0.19,0.29,0.19,0.21,0.32,0.34,0.46,0.48,0.46,0.59,0.41,0.52,0.48,0.46,0.48,0.5,0.47,0.44,0.42,0.4,,
237,Odisha,Sambalpur,0.15,0.33,0.26,0.32,0.25,0.37,0.32,0.29,0.32,0.4,0.29,0.31,0.45,0.45,0.41,0.31,0.47,0.51,0.58,0.41,0.54,0.58,0.56
238,Andhra Pradesh,Anakapalli,,,,,,,,,,,,,,,,,,,,,,,0.58
239,Andhra Pradesh,Parvathipuram manyam,,,,,,,,,,,,,,,,,,,,,,,0.58
240,Odisha,Malkangiri,0.11,0.23,0.15,0.31,0.29,0.32,0.25,0.28,0.23,0.26,0.35,0.15,0.24,0.24,0.26,0.18,0.3,0.28,0.28,0.37,0.34,0.3,0.57
241,Odisha,Cuttack,0.41,0.53,0.47,0.43,0.41,0.4,0.45,0.47,0.44,0.48,0.42,0.43,0.41,0.37,0.57,0.45,0.35,0.5,0.55,0.55,0.46,0.49,0.47
242,Andhra Pradesh,Annamayya,,,,,,,,,,,,,,,,,,,,,,,0.56
243,Madhya Pradesh,Barwani,,,,0.25,0.18,0.12,0.13,0.14,0.1,0.13,0.15,0.1,0.27,0.24,,0.03,0.33,0.56,0.29,,,,
244,Chhattisgarh,Sakti,,,,,,,,,,,,,,,,,,,,,,,0.56
245,Tamil Nadu,Tiruppur,,,,,,,,,,0.2,0.34,0.32,0.01,0.16,0.32,0.2,0.01,0.55,0.24,0.37,0.31,0.39,0.34
246,Madhya Pradesh,Khandwa,,,,0.34,0.26,0.26,0.29,0.34,0.34,0.29,0.29,0.2,0.23,0.54,,,,0.3,,,,,
247,Odisha,Sonepur,0.16,0.25,0.15,0.19,0.26,0.28,0.3,0.32,0.32,0.38,0.35,0.26,0.35,0.34,0.33,0.32,0.44,0.38,0.54,0.42,0.22,0.28,0.26
248,Jammu and Kashmir,Rajauri,,0.54,,,,,,,,,,,,,,0.3,,,,,,,
249,Andhra Pradesh,Nandyal,,,,,,,,,,,,,,,,,,,,,,,0.54
250,Odisha,Kandhamal,0.16,0.29,0.15,0.21,0.2,0.2,0.22,0.24,0.2,0.28,0.19,0.19,0.26,0.25,0.25,0.15,0.23,0.32,0.53,0.36,0.49,0.42,0.46
251,Chhattisgarh,Kondagaon,,,,,,,,,,,,0.37,0.34,0.34,0.35,0.36,0.48,0.46,0.44,0.52,0.48,0.48,0.48
252,West Bengal,Purulia,0.44,0.43,0.4,0.41,0.41,0.43,0.44,0.52,0.51,0.51,0.52,0.49,0.51,0.51,0.5,0.51,0.5,0.52,0.46,0.48,0.49,0.5,0.51
253,Odisha,Dhenkanal,0.19,0.32,0.21,0.37,0.27,0.32,0.3,0.32,0.36,0.41,0.44,0.32,0.5,0.41,0.45,0.4,0.52,0.36,0.4,0.39,0.42,0.44,0.39
254,Chhattisgarh,Balod,,,,,,,,,,,,0.34,0.31,0.32,0.3,0.34,0.42,0.45,0.45,0.46,0.45,0.52,0.49
255,Jharkhand,Giridih,,,,,,,,,,,,,,,,,,0.51,0.47,0.48,0.51,0.51,0.51
256,Jharkhand,Garhwa,,,,,,,,,,,,,,,,,,0.46,0.22,,0.41,0.51,
257,Odisha,Jagatsinghapur,0.4,0.46,0.39,0.37,0.37,0.33,0.51,0.48,0.46,0.49,0.47,0.47,0.47,0.42,0.5,0.46,0.46,0.46,0.39,0.35,0.35,0.31,0.38
258,Odisha,Mayurbhanj,0.19,0.28,0.2,0.25,0.23,0.25,0.31,0.41,0.28,0.34,0.28,0.28,0.4,0.27,0.36,0.3,0.41,0.51,0.37,0.45,0.46,0.46,0.48
259,Haryana,Yamunanagar,,,,,,,,,,,,,0.38,,,,,,0.5,0.5,0.5,0.5,
260,Madhya Pradesh,Seoni,,,,0.5,0.33,0.43,0.5,0.33,0.5,0.43,0.27,,,,,,,,,,,,
261,Chhattisgarh,Durg,0.26,0.32,0.28,0.34,0.33,0.33,0.36,0.32,0.32,0.28,0.33,0.33,0.25,0.29,0.33,0.33,0.5,0.5,0.33,,,,
262,Madhya Pradesh,Sagar,,,,,0.33,,,,,,,,0.5,,,,,,,,,,
263,Madhya Pradesh,Raisen,,,,0.22,,,,0.28,,,,,,0.5,,,,0.35,,,,,
264,Himachal Pradesh,Hamirpur,0.36,0.46,0.18,,,0.27,0.29,0.33,0.2,0.33,0.33,0.33,0.5,0.33,0.33,0.33,0.33,0.33,0.33,0.5,,,
265,Madhya Pradesh,Khargone,,,,0.27,0.2,0.19,0.3,0.3,0.22,0.24,0.27,0.15,0.23,0.18,0.5,,,,,,,,
266,Chhattisgarh,Kabirdham,0.22,0.28,0.29,0.38,0.3,0.2,0.25,,,,,,,,,,,,,,0.5,0.5,
267,Chhattisgarh,Mahasamund,0.25,0.37,0.28,0.29,0.29,0.32,0.33,0.32,0.33,0.34,0.31,0.36,0.32,0.33,0.3,0.46,0.31,0.25,0.38,0.17,0.4,0.5,
268,Odisha,Sundargarh,0.14,0.33,0.19,0.32,0.33,0.35,0.41,0.33,0.34,0.3,0.31,0.3,0.47,0.46,0.44,0.27,0.43,0.5,0.3,0.47,0.41,0.38,0.43
269,Odisha,Jajapur,0.24,0.44,0.38,0.23,0.27,0.28,0.32,0.41,0.36,0.38,0.32,0.24,0.35,0.24,0.33,0.33,0.5,0.32,0.25,0.26,0.21,0.18,0.21
270,Odisha,Kendujhar,0.17,0.23,0.13,0.26,0.17,0.21,0.23,0.21,0.18,0.21,0.26,0.21,0.28,0.29,0.3,0.24,0.49,0.43,0.29,0.32,0.36,0.4,0.41
271,Chhattisgarh,Rajnandgaon,0.28,0.31,0.23,0.3,0.32,0.3,0.29,0.28,0.27,0.23,0.3,0.31,0.27,0.29,0.32,0.27,0.29,0.29,0.32,0.39,0.48,0.48,0.43
272,Madhya Pradesh,Jhabua,,,,0.34,0.3,0.37,0.37,0.42,0.43,0.33,0.38,0.29,0.44,0.48,,,,,0.26,,,,
273,Odisha,Kalahandi,0.17,0.3,0.16,0.25,0.22,0.23,0.24,0.23,0.21,0.27,0.3,0.18,0.33,0.33,0.33,0.17,0.42,0.37,0.4,0.43,0.42,0.41,0.47
274,Odisha,Balangir,0.15,0.27,0.11,0.23,0.25,0.27,0.23,0.22,0.24,0.27,0.36,0.17,0.42,0.42,0.35,0.26,0.47,0.33,0.26,0.28,0.4,0.38,0.38
275,Jammu and Kashmir,Udhampur,,0.46,,,,,0.47,,,0.47,0.47,0.47,0.47,,,0.43,0.43,0.44,0.44,0.43,0.43,,
276,Jammu and Kashmir,Reasi,,,,,,,,,,0.47,0.47,0.46,0.46,,,0.47,0.47,0.47,0.47,0.47,0.47,,
277,Andhra Pradesh,Tirupati,,,,,,,,,,,,,,,,,,,,,,,0.47
278,Odisha,Koraput,0.21,0.31,0.17,0.32,0.29,0.32,0.31,0.31,0.32,0.29,0.41,0.26,0.42,0.45,0.33,0.3,0.43,0.45,0.39,0.43,0.38,0.38,0.34
279,Jammu and Kashmir,Samba,,,,,,,,,,0.27,0.27,0.28,0.28,,,0.45,,,,,0.3,,
280,Odisha,Nayagarh,0.21,0.32,0.22,0.31,0.24,0.28,0.29,0.27,0.29,0.32,0.32,0.23,0.34,0.29,0.32,0.24,0.36,0.45,0.32,0.39,0.35,0.31,0.37
281,Odisha,Jharsuguda,0.07,0.3,0.2,0.45,0.37,0.36,0.34,0.31,0.31,0.43,0.29,0.16,0.42,0.34,0.35,0.32,0.43,0.36,0.28,0.27,0.32,0.33,0.32
282,Chhattisgarh,Bastar,0.39,0.41,0.24,0.38,0.35,0.36,0.45,0.4,0.35,0.3,0.37,0.37,0.37,0.37,0.37,0.3,0.32,0.44,0.43,0.35,0.34,0.31,0.34
283,Chhattisgarh,Manendragarh chirimiri bharatpur,,,,,,,,,,,,,,,,,,,,,,,0.45
284,Chhattisgarh,Korea,0.31,0.27,0.27,0.26,0.22,0.21,0.25,0.24,0.28,0.23,0.16,0.29,0.25,0.29,0.28,0.42,0.38,0.4,0.32,0.38,0.37,0.36,0.45
285,Odisha,Puri,0.24,0.29,0.29,0.26,0.29,0.25,0.31,0.25,0.3,0.34,0.34,0.31,0.33,0.33,0.36,0.43,0.39,0.27,0.43,0.44,0.41,0.38,0.4
286,Chhattisgarh,Kanker,0.31,0.44,0.17,0.43,0.41,0.41,0.41,0.38,0.38,0.32,0.32,0.27,0.32,0.29,0.32,0.22,0.32,0.3,0.26,0.27,0.31,0.34,0.32
287,Odisha,Anugul,0.18,0.28,0.14,0.26,0.25,0.24,0.27,0.24,0.24,0.32,0.29,0.27,0.34,0.34,0.37,0.34,0.41,0.4,0.38,0.39,0.44,0.42,0.43
288,Chhattisgarh,Gariyaband,,,,,,,,,,,,0.44,0.33,0.29,0.31,0.38,0.36,0.31,0.36,0.37,0.37,0.39,0.38
289,Chhattisgarh,Mohla manpur ambagarh chouki,,,,,,,,,,,,,,,,,,,,,,,0.44
290,Chhattisgarh,Bijapur,,,,,,,,0.31,0.24,0.27,0.27,0.3,0.4,0.36,0.31,0.29,0.4,0.4,0.4,0.38,0.37,0.43,0.32
291,Chhattisgarh,Dantewada,0.32,0.34,0.26,0.35,0.26,0.3,0.42,0.33,0.3,0.24,0.31,0.29,0.43,0.39,0.37,0.27,0.39,0.25,0.29,0.35,0.39,0.36,0.35
292,Odisha,Deogarh,0.17,0.37,0.18,0.3,0.26,0.4,0.32,0.29,0.34,0.35,0.33,0.26,0.36,0.34,0.36,0.31,0.38,0.43,0.33,0.34,0.33,0.41,0.35
293,Andhra Pradesh,Sri sathya sai,,,,,,,,,,,,,,,,,,,,,,,0.42
294,Chhattisgarh,Gaurella-pendra-marwahi,,,,,,,,,,,,,,,,,,,,0.37,0.42,0.4,0.41
295,Odisha,Khordha,0.26,0.37,0.26,0.3,0.35,0.2,0.28,0.27,0.31,0.26,0.23,0.34,0.33,0.29,0.29,0.34,0.37,0.27,0.16,0.17,0.24,0.42,0.32
296,Madhya Pradesh,Jabalpur,,,,,,,,,,,,,,,,0.27,0.42,,,,,,
297,Chhattisgarh,Bilaspur,0.21,0.29,0.25,0.29,0.27,0.3,0.32,0.33,0.3,0.32,0.32,0.32,0.34,0.35,0.35,0.42,0.38,0.38,0.39,0.38,0.36,0.39,0.38
298,Chhattisgarh,Dhamtari,0.3,0.36,0.25,0.34,0.34,0.34,0.34,0.34,0.34,0.34,0.34,0.33,0.34,0.34,0.34,0.37,0.36,0.28,0.29,0.35,0.38,0.38,0.41
299,Jharkhand,Sahebganj,,,,,,,,,,,,,,,,,,0.41,,,,,
300,Odisha,Rayagada,0.2,0.31,0.2,0.33,0.31,0.27,0.32,0.33,0.27,0.34,0.38,0.29,0.37,0.37,0.39,0.23,0.38,0.39,0.37,0.36,0.34,0.39,0.33
301,Tamil Nadu,Thanjavur,,,,,,,,,,,0.38,,,,,,,,,,,,
302,Chhattisgarh,Korba,0.24,0.31,0.27,0.27,0.24,0.28,0.24,0.27,0.27,0.27,0.3,0.27,0.3,0.33,0.33,0.32,0.38,0.38,0.35,0.35,0.35,0.38,0.38
303,Madhya Pradesh,Chhindwara,,,,0.33,0.35,0.25,0.38,0.33,0.33,0.32,0.38,0.24,0.34,0.23,,0.33,0.33,,,,,,
304,Madhya Pradesh,Anuppur,,,,0.22,0.27,0.29,0.29,0.27,0.25,0.29,0.17,0.2,0.32,0.36,,,,0.38,0.25,,,,
305,Odisha,Boudh,0.17,0.25,0.18,0.37,0.28,0.26,0.27,0.26,0.25,0.28,0.21,0.17,0.31,0.24,0.23,0.16,0.32,0.37,0.21,0.23,0.25,0.23,0.23
306,Odisha,Bargarh,0.13,0.31,0.19,0.34,0.31,0.36,0.31,0.28,0.31,0.35,0.36,0.3,0.33,0.32,0.28,0.28,0.32,0.34,0.34,0.27,0.31,0.27,0.35
307,Jammu and Kashmir,Kishtwar,,,,,,,,,,0.35,0.36,,0.3,,,0.3,0.3,0.3,0.33,0.34,0.35,,
308,Jammu and Kashmir,Doda,,0.3,,,,,0.3,,,0.3,0.3,0.3,0.3,,,,0.35,0.35,0.35,0.35,0.35,,
309,Chhattisgarh,Raigarh,0.23,0.27,0.24,0.25,0.24,0.25,0.27,0.3,0.29,0.27,0.29,0.29,0.3,0.29,0.31,0.33,0.33,0.32,0.32,0.32,0.35,0.33,0.33
310,Madhya Pradesh,Betul,,,,0.32,0.31,0.35,,,,,,,0.26,,,,,,,,,,
311,Chhattisgarh,Surguja,0.27,0.29,0.25,0.29,0.24,0.27,0.29,0.27,0.28,0.24,0.16,0.24,0.28,0.3,0.3,0.33,0.29,0.27,0.33,0.33,0.34,0.31,0.3
312,Madhya Pradesh,Mandla,,,,0.33,0.33,0.2,0.2,,,,,,,,,,,,0.33,,,,
313,Madhya Pradesh,Chhatarpur,,,,0.33,0.2,0.14,,,,0.33,,,,,,,,,,,,,
314,Madhya Pradesh,Rewa,,,,,,,,,,,,0.33,,,,,,,,,,,
315,Madhya Pradesh,Satna,,,,,,0.33,,,,,,,,,,,,,,,,,
316,Madhya Pradesh,Bhind,,,,,0.33,,,,,,,,,,,,,,,,,,
317,Madhya Pradesh,Ujjain,,,,,,,,,0.33,,,,,,,,,,,,,,
318,Madhya Pradesh,Shivpuri,,,,,0.33,,,,,,,,,,,,,,,,,,
319,Chhattisgarh,Jashpur,0.27,0.29,0.28,0.3,0.25,0.33,0.27,0.28,0.29,0.27,0.27,0.27,0.28,0.29,0.28,0.24,0.24,0.28,0.29,0.29,0.29,0.29,0.3
320,Odisha,Nuapada,0.07,0.17,0.07,0.15,0.14,0.11,0.12,0.24,0.17,0.17,0.22,0.17,0.22,0.27,0.25,0.24,0.31,0.29,0.22,0.32,0.27,0.2,0.16
321,Madhya Pradesh,Hoshangabad,,,,,0.31,,,,,0.17,,,,,,,,,,,,,
322,Andhra Pradesh,Palnadu,,,,,,,,,,,,,,,,,,,,,,,0.3
323,Odisha,Gajapati,0.25,0.28,0.19,0.18,0.23,0.19,0.22,0.21,0.18,0.2,0.2,0.13,0.2,0.2,0.2,0.19,0.28,0.28,0.22,0.26,0.29,0.29,0.29
324,Odisha,Ganjam,0.19,0.22,0.15,0.2,0.19,0.19,0.2,0.21,0.23,0.24,0.23,0.2,0.23,0.27,0.28,0.24,0.26,0.21,0.25,0.24,0.25,0.24,0.25
325,Jammu and Kashmir,Kathua,,0.28,,,,,0.28,,,0.28,0.28,0.28,0.28,,,0.28,0.28,0.28,0.28,0.28,0.28,,
326,Madhya Pradesh,Damoh,,,,,,,,,,,0.2,0.26,,,,,,,,,,,
327,Madhya Pradesh,Sehore,,,,,,,,,,,,,,,,,,,0.25,,,,
328,Himachal Pradesh,Lahul and spiti,0.24,,0.25,,,,,,,,,,,,,,,,,,,,
329,Madhya Pradesh,Narsinghpur,,,,,,,,,,,,0.2,,,,,,,,,,,
330,Madhya Pradesh,Katni,,,,,,0.2,,,,,,,,,,,,,,,,,
331,Haryana,Mewat,,,,,,0.18,,,,,,,,,,,,,,,,,
