Crop: Masoor,,,,,,,,,,,,,,,,,,,,,,,,,
S.No.,State,District,2000 - 2001,2001 - 2002,2002 - 2003,2003 - 2004,2004 - 2005,2005 - 2006,2006 - 2007,2007 - 2008,2008 - 2009,2009 - 2010,2010 - 2011,2011 - 2012,2012 - 2013,2013 - 2014,2014 - 2015,2015 - 2016,2016 - 2017,2017 - 2018,2018 - 2019,2019 - 2020,2020 - 2021,2021 - 2022,2022 - 2023
,,,Yield (Ton./Ha.),Yield (Ton./Ha.),Yield (Ton./Ha.),Yield (Ton./Ha.),Yield (Ton./Ha.),Yield (Ton./Ha.),Yield (Ton./Ha.),Yield (Ton./Ha.),Yield (Ton./Ha.),Yield (Ton./Ha.),Yield (Ton./Ha.),Yield (Ton./Ha.),Yield (Ton./Ha.),Yield (Ton./Ha.),Yield (Ton./Ha.),Yield (Ton./Ha.),Yield (Ton./Ha.),Yield (Ton./Ha.),Yield (Ton./Ha.),Yield (Ton./Ha.),Yield (Ton./Ha.),Yield (Ton./Ha.),Yield (Ton./Ha.)
1,Chhattisgarh,Khairgarh chhuikhadan gandai,,,,,,,,,,,,,,,,,,,,,,,16.88
2,Haryana,Fatehabad,,3.57,,,,,,,,,,,,,,,,,,,,,
3,Bihar,Vaishali,3.47,0.62,0.56,0.87,0.67,0.38,0.76,0.69,0.84,0.71,0.82,1.12,0.9,1.87,0.36,0.64,0.96,0.94,1,0.92,1.03,0.93,0.97
4,Bihar,Muzaffarpur,0.97,0.86,0.7,3.03,0.54,0.64,0.71,0.68,0.6,1.03,0.71,0.73,0.9,0.53,0.55,0.61,0.85,0.7,0.82,0.58,0.86,0.55,0.57
5,Jharkhand,Palamu,,,0.53,0.58,0.57,0.41,0.78,0.74,,2.99,0.5,0.84,0.93,0.87,0.72,0.75,,0.7,0.92,0.71,0.74,0.74,0.72
6,Haryana,Hisar,,,,,,1.1,,2.86,,,,,,1,,,,1,0.75,1,,0.8,
7,Haryana,Jind,1.39,1.54,2.38,2.08,2.78,2.86,,,,,,,1.3,,,,,,,,,,
8,Bihar,Pashchim champaran,0.87,0.44,0.54,0.6,0.74,0.2,0.85,0.2,0.84,0.66,0.64,1.38,0.87,2.85,0.44,0.63,1.21,0.77,0.89,0.85,0.9,1.2,1.01
9,Haryana,Kaithal,1.37,1.23,1.37,1.36,1.05,1.14,1.12,1.49,2.8,1.8,1.87,1.87,1.4,1,,,,0.5,0.57,,1,,
10,Himachal Pradesh,Solan,0.93,1.13,0.85,,,0.27,0.54,0.43,1.38,2.8,0.5,0.89,1.14,0.75,1,0.75,1.75,0.75,0.75,0.8,1.25,1,
11,Jharkhand,Garhwa,,,,2.72,0.6,0.39,0.54,0.53,,0.31,0.52,0.93,1.3,1,0.74,0.59,,1.22,0.62,0.53,0.84,1.17,0.83
12,Haryana,Panipat,1.92,,,1.75,2.7,1.92,0.85,1.89,,2.5,,,1.24,1,,,,,0.5,1,,1,
13,Rajasthan,Churu,,2.67,,,1,,1,,,,,,,,,,,,,,,1,
14,Bihar,Kaimur (bhabua),1.03,1.04,0.98,1.07,0.73,0.88,0.6,0.75,0.65,0.54,0.79,1.04,1.29,0.76,2.64,0.82,1.04,0.89,0.74,0.68,0.66,0.82,0.71
15,Nagaland,Tuensang,,,,0.4,0.48,2.58,1.21,,0.71,0.71,0.77,0.77,0.81,0.81,0.81,0.81,0.86,0.82,0.83,0.82,0.82,,
16,Nagaland,Mon,,,,0.4,0.46,2.58,1.22,,0.8,0.7,0.76,0.76,0.81,0.81,0.81,0.81,0.8,0.81,0.81,0.85,0.85,,
17,Himachal Pradesh,Shimla,0.2,0.31,1.3,,,0.39,0.92,0.92,0.31,0.38,0.47,0.87,0.97,0.4,0.81,0.48,0.3,0.91,0.88,0.91,2.57,2.57,2.57
18,Nagaland,Zunheboto,,,,0.31,0.4,2.48,1.18,,0.63,0.67,0.73,0.73,0.79,0.8,0.81,0.81,0.81,0.81,0.81,0.83,0.83,0.8,0.78
19,Nagaland,Mokokchung,,,,0.49,0.41,2.44,1.18,,0.69,0.75,0.81,0.81,0.83,0.83,0.83,0.84,0.83,0.83,0.83,0.82,0.82,0.8,0.77
20,Uttar Pradesh,Kasganj,,,,,,,,,,0.8,0.88,1.93,1.41,2.4,0.63,0.71,1,1.23,1.11,0.77,0.95,0.69,0.71
21,Uttar Pradesh,Aligarh,0.81,0.8,0.97,0.79,,,0.91,0.73,0.88,0.8,0.88,1.93,1.41,2.4,0.63,0.71,1,1.23,1.11,0.77,0.95,0.69,0.71
22,Uttar Pradesh,Etah,0.81,0.8,0.97,0.97,,,0.9,0.72,0.88,0.8,0.88,1.93,1.41,2.4,0.63,0.71,1,1.23,1.11,0.77,0.95,0.69,0.71
23,Uttar Pradesh,Hathras,0.81,0.8,0.97,0.9,,,0.91,0.72,0.88,0.8,0.88,1.93,1.41,2.4,0.63,0.71,1,1.23,1.11,0.77,0.94,0.69,0.71
24,Assam,Darrang,,0.7,0.7,0.66,0.69,0.7,0.7,0.7,0.7,0.7,0.7,0.62,0.78,2.4,1.03,0.75,0.75,1.63,1.63,1.25,0.76,1.03,1.15
25,Arunachal Pradesh,Lower siang,,,,,,,,,,,,,,,,,,,2.33,2.33,,1.67,1.25
26,Uttar Pradesh,Lucknow,1.07,0.69,0.8,0.8,,,0.88,0.82,0.83,0.82,0.87,0.83,0.82,0.7,0.56,0.78,0.71,2.32,0.85,0.69,0.82,1.19,1.1
27,Uttar Pradesh,Sant ravidas nagar,0.77,2.2,1.5,1.17,,,1,,,1,0.6,0.75,,0.6,,1.56,1.2,,,,,,0.96
28,Nagaland,Wokha,,,,0.42,0.41,2.17,1.19,,0.8,0.7,0.73,0.74,0.79,0.79,0.79,0.79,0.79,0.85,0.81,0.85,0.85,,
29,Uttar Pradesh,Muzaffarnagar,0.81,0.52,0.43,0.44,,,0.42,0.33,0.36,0.78,0.51,0.46,0.96,0.8,0.8,1.08,0.69,1.03,0.74,0.49,2.16,0.69,1.25
30,Uttar Pradesh,Saharanpur,0.81,0.52,0.44,0.44,,,0.42,0.33,0.36,0.78,0.51,0.46,0.96,0.8,0.8,1.08,0.69,1.03,0.74,0.49,2.16,0.69,1.25
31,Uttar Pradesh,Shamli,,,,,,,,,,,,,0.95,0.81,0.78,1.1,0.69,1.03,0.74,0.49,2.16,0.68,1.26
32,Haryana,Sirsa,,,2.13,,,,,,,,,,0.93,,,,,,0.67,,1,,
33,Meghalaya,East khasi hills,,,,,,,,,,0.5,0.6,0.67,,2,2.04,2.11,2,2,2,2,2,,2
34,Jammu and Kashmir,Bandipora,,,,,,,,,,0.5,,0.5,0.5,,,,,2.05,2.05,2.05,2.05,,
35,Madhya Pradesh,Jabalpur,,,,,0.55,0.58,0.48,0.31,0.51,0.48,0.22,0.4,0.29,0.72,0.82,1.25,1.32,1.51,0.98,0.96,1.26,2.04,1.64
36,Arunachal Pradesh,Kamle,,,,,,,,,,,,,,,,,,,2,2,,1.75,1.39
37,Madhya Pradesh,Neemuch,,,,,0.54,0.49,0.47,0.4,0.41,0.43,0.35,0.34,0.72,0.87,0.5,2,,0.65,0.52,0.73,1.12,1.35,1.35
38,Rajasthan,Bikaner,,,,1,,1,1,1,1,1,,1.17,,,,0.8,1,,1.25,1.33,1.33,1.5,2
39,Mizoram,Mamit,,,,1,2,1.67,,,,,,,,,,,,,,,,,
40,Haryana,Kurukshetra,1.2,1.21,1.31,1.27,1.14,1.13,1.3,1.24,1.39,1.21,1.39,1.5,1.4,2,1,2,1,1,0.5,1,1,1,
41,Rajasthan,Jaipur,2,1,2,1,1,1,1,0.5,,,0.86,1,1,0.89,1,0.8,1,,1.16,,,,
42,Uttar Pradesh,Bahraich,0.73,0.65,0.68,0.81,,,0.84,0.91,0.93,0.82,0.89,0.9,0.93,0.93,0.69,0.87,0.86,1.99,0.97,0.67,1.07,0.95,0.86
43,Uttar Pradesh,Firozabad,0.81,0.8,0.98,0.91,,,0.9,0.72,0.88,0.81,0.88,1.94,1.98,0.96,0.94,0.68,0.96,1.04,1,0.97,1.01,0.95,0.96
44,Uttar Pradesh,Agra,0.81,0.8,0.98,0.9,,,0.9,0.72,0.88,0.8,0.88,1.93,1.97,0.96,0.94,0.69,0.96,1.03,1.03,0.98,1.01,0.94,0.95
45,Uttar Pradesh,Mainpuri,0.81,0.81,0.98,0.91,,,0.92,0.73,0.89,0.8,0.89,1.93,1.96,0.96,0.94,0.69,0.97,1.03,1.02,0.98,1.02,0.94,0.95
46,Bihar,Buxar,1.08,1.1,1.34,1.94,0.75,1.02,0.72,1.04,1,0.71,1.12,1.36,1.12,1.41,0.46,0.94,1.43,1.2,1.4,0.76,1.55,1.29,0.98
47,Uttar Pradesh,Mathura,0.81,0.8,0.98,0.9,,,0.9,0.73,0.87,0.8,0.88,1.92,1.94,0.96,0.94,0.7,0.96,1.03,1.04,0.98,1,0.94,0.95
48,Rajasthan,Jhalawar,1.92,0.38,0.99,0.99,1.14,0.89,1.05,0.73,0.8,1.05,0.65,0.99,1.04,0.65,1,0.7,1.01,1.31,1.16,1.43,1.35,1.45,1.46
49,Tamil Nadu,Erode,,,,,,,,,,,,,,,1.52,1.92,,,,,,,
50,Bihar,Lakhisarai,1.05,0.65,0.89,0.97,0.45,1.15,0.8,0.87,0.91,1.26,0.68,1.02,1.47,1.88,0.78,1.02,1.58,1.16,1.25,0.62,1.1,0.83,1.19
51,Bihar,Araria,0.88,0.48,0.69,0.36,0.53,0.5,0.47,0.49,0.66,0.55,0.72,1.85,0.72,0.9,0.43,0.84,0.62,0.35,0.78,0.83,0.75,0.67,1.09
52,Rajasthan,Kota,1.52,1.84,1.09,1.23,1,0.91,1,0.72,0.87,0.89,0.88,1.09,1.2,0.86,0.83,0.87,1,1.08,1.14,1.36,1.34,1.35,1.39
53,West Bengal,Jhargram,,,,,,,,,,,,,,,,,0.91,0.66,1.62,0.69,1.47,1.57,1.83
54,Nagaland,Phek,,,,0.5,0.48,1.83,1.21,,0.67,0.69,0.75,0.75,0.81,0.81,0.82,0.82,0.82,0.82,0.83,0.82,0.82,,
55,West Bengal,Medinipur west,1.34,,0.68,0.6,0.33,0.59,0.59,0.87,1.17,0.72,0.69,1.03,1.24,1.35,1.82,1.15,1.02,1.36,1.57,1.24,1.63,1.26,1.44
56,Chhattisgarh,Mahasamund,0.36,1.81,0.31,0.26,0.29,0.33,0.28,0.44,0.33,0.4,0.43,0.5,0.5,0.5,0.5,0.5,,,1,,,0.67,0.5
57,Uttar Pradesh,Budaun,0.88,0.77,0.93,1.02,,,0.87,1.26,1.28,0.84,1.08,1.42,1.35,1.47,1.07,1.02,1.74,0.78,1.06,1.35,1.36,0.99,0.76
58,Rajasthan,Sawai madhopur,0.51,0.9,1,1.25,1,1,,0.5,0.88,0.9,0.87,1.12,1.1,0.85,0.82,0.86,1.07,1.14,1.29,1.7,1.63,1.43,1
59,Rajasthan,Tonk,0.38,0.44,0.47,1.24,1,0.94,0.9,0.71,0.86,0.89,0.87,1.13,1.21,0.85,0.65,0.85,1.02,1.06,1.16,1.7,1.37,1.49,1.16
60,Tamil Nadu,Vellore,,,,,,,,,,,,,,,1.7,1.01,,,,,,,
61,Meghalaya,North garo hills,,,,,,,,,,,,,,1.46,1.52,1.69,1.65,1.67,1.67,1.67,1.67,,1.68
62,Uttar Pradesh,Lalitpur,0.53,0.7,0.7,1.16,,,0.89,0.83,0.86,1.05,0.79,1.02,1.25,0.56,0.71,0.64,1.68,1.17,1.46,1.42,1.25,1.41,0.82
63,Bihar,Sitamarhi,0.72,0.62,0.58,0.63,0.51,0.49,0.76,1.67,0.84,0.79,0.87,0.76,0.69,0.69,0.17,0.96,0.96,0.86,1.03,1.3,0.75,0.3,0.89
64,Madhya Pradesh,Raisen,,,,,0.59,0.61,0.59,0.59,0.59,0.59,0.43,0.57,0.62,0.63,0.67,1.45,1.65,1.39,0.89,0.89,1.29,1.32,1.31
65,Tamil Nadu,Theni,,,,,,,,,,,,,,,1.23,1.61,,,,,,,
66,Bihar,Patna,1.25,1.18,1.32,1.26,1.1,1.32,0.73,0.97,0.92,1.26,1.08,1.11,1.39,1.61,1.49,1.05,1.18,1.6,1.23,0.54,1.16,1.18,1.35
67,Uttar Pradesh,Ghazipur,0.92,0.92,0.87,1.01,,,0.84,0.95,1.26,1.02,0.9,1.11,1.1,0.67,0.89,1.09,1.1,1.09,1.16,1.25,1.25,1.29,1.6
68,Meghalaya,South garo hills,,,,,,,,,,1.08,1.08,1.08,,1.44,1.5,1.6,1.51,1.51,1.51,1.51,1.51,,1.42
69,Jammu and Kashmir,Kathua,,0.43,0.43,0.4,,,0.42,0.42,,0.55,,0.55,0.55,,,,,0.9,0.9,1.6,0.05,0.05,0.05
70,Madhya Pradesh,Hoshangabad,,,,,0.55,0.56,0.57,0.57,0.57,0.55,0.49,0.48,0.74,0.45,1,0.5,,0.6,0.6,0.67,1.5,1.59,1.44
71,Uttar Pradesh,Bareilly,0.77,0.79,0.66,0.8,,,0.7,0.72,0.82,0.87,1.02,1.23,0.95,1.19,0.46,0.79,0.83,1.58,1.29,0.83,1.39,0.97,0.82
72,Uttar Pradesh,Moradabad,0.95,0.99,0.99,0.84,,,0.71,0.58,0.78,0.8,0.7,1.22,0.9,1.58,0.49,0.74,0.8,0.66,0.8,1.1,1.04,0.76,0.6
73,Uttar Pradesh,Rampur,0.95,1.32,1.33,1.07,,,0.71,0.58,0.78,0.8,0.7,1.22,0.9,1.58,0.48,1.02,1.18,0.67,0.68,0.93,0.81,0.76,0.61
74,Uttar Pradesh,Bijnor,0.95,0.48,1.15,0.93,,,0.7,0.58,0.78,0.8,0.7,1.22,0.9,1.58,0.48,0.74,0.8,0.65,1.08,1.36,1.37,0.76,0.6
75,Uttar Pradesh,Sambhal,,,,,,,,,,,,,0.9,1.58,0.48,0.74,0.8,0.66,0.8,1.1,1.04,0.76,0.61
76,Uttar Pradesh,Amroha,0.95,0.99,1.15,0.93,,,0.71,0.58,0.78,0.8,0.7,1.22,0.9,1.57,0.49,0.75,0.8,0.67,0.79,1.1,1.04,0.76,0.61
77,Meghalaya,East garo hills,,,,,,,,,,0.5,0.53,0.56,,1.41,1.47,1.5,1.56,1.56,1.56,1.56,1.56,,0.49
78,Uttar Pradesh,Jaunpur,0.53,0.7,0.63,0.78,,,0.78,0.89,0.99,0.94,0.77,1.05,0.84,0.73,0.57,0.83,0.9,0.94,1.22,1.2,1.24,1.24,1.55
79,Uttar Pradesh,Varanasi,0.53,0.71,0.63,0.78,,,0.77,0.91,1,0.94,0.78,1.05,0.84,0.73,0.57,0.83,0.9,0.61,1.22,0.61,1.24,1.24,1.55
80,Madhya Pradesh,Ratlam,,,,,0.56,0.46,0.56,0.56,0.52,0.52,0.33,0.41,0.71,0.71,1,1,,0.88,0.68,0.52,0.81,1.55,1.55
81,Madhya Pradesh,Morena,,,,,0.52,0.55,0.49,0.39,0.55,0.52,0.33,0.36,0.73,0.74,0.67,,,1.55,0.63,0.84,1,,0.61
82,Bihar,Jehanabad,1,0.85,1.2,0.88,0.55,0.79,1,0.9,0.78,0.97,0.91,1.05,1.36,1.53,1,0.87,0.75,1.3,1.11,0.57,1.12,1.3,1.2
83,Bihar,Begusarai,1.06,0.62,0.49,0.84,0.86,0.63,0.8,1.04,0.78,0.63,0.84,1.52,1.42,1.52,0.57,0.77,0.81,1,1.04,0.87,0.91,0.92,1.15
84,Bihar,Jamui,1,0.62,0.78,0.93,0.49,1.01,0.42,0.63,0.52,0.98,0.79,1,1.34,1.52,0.91,1.13,0.62,0.62,0.68,0.55,0.69,0.57,0.67
85,Bihar,Khagaria,0.77,0.45,0.51,0.75,0.6,0.82,0.83,1.03,0.86,0.92,0.94,0.97,1.17,1.52,0.91,0.78,0.93,1.04,0.91,0.79,0.81,0.97,0.98
86,Nagaland,Kohima,,,,0.58,0.49,1.51,1.2,,0.71,0.71,0.78,0.78,0.83,0.83,0.83,0.83,0.82,0.83,0.83,0.82,0.82,,
87,Bihar,Sheikhpura,1.17,0.54,0.67,1.01,0.49,0.91,1.06,0.86,0.99,1.28,0.77,0.89,0.93,1.05,1.19,1.5,1.22,1.45,1.04,0.47,0.84,0.6,0.74
88,Madhya Pradesh,Damoh,,,,,0.53,0.54,0.46,0.48,0.68,0.68,0.48,0.55,0.76,0.37,0.62,1,1,1.13,0.76,0.74,1.27,1.5,1.47
89,Madhya Pradesh,Sheopur,,,,,0.67,0.43,0.34,0.4,0.38,0.37,0.5,0.28,1.02,1.28,,,,0.95,1.5,1.4,1,1,1.41
90,Madhya Pradesh,Shahdol,,,,,0.37,0.39,0.39,0.43,0.41,0.39,0.3,0.3,0.73,0.96,0.83,1.5,0.5,0.74,0.65,0.75,0.87,0.89,0.89
91,Rajasthan,Ganganagar,0.91,0.93,1,1.24,1,0.91,0.93,0.75,0.86,0.91,0.83,1,1,1,,0.88,1,1,1,,1.5,1,1
92,Himachal Pradesh,Kinnaur,1.4,1.5,1,,,,1,,,,,,,,,,,,,,1,,
93,West Bengal,Howrah,0.89,1.5,0.83,0.77,0.67,0.86,0.71,,0.75,1,1,0.5,,0.85,0.76,0.73,0.83,1.11,1.2,0.73,0.69,0.94,0.82
94,Haryana,Karnal,0.84,1,1.02,1.1,1.11,0.86,0.99,0.88,0.85,1.11,1.2,1.14,1.1,1.5,1.5,1,1,1,0.51,1,1,1,
95,Madhya Pradesh,Shajapur,,,,,0.43,0.34,0.44,0.3,0.3,0.44,0.21,0.27,0.42,0.54,0.57,0.78,1.06,1.12,0.47,0.51,1.12,1.5,1.42
96,Chandigarh,Chandigarh,1.5,1.25,,,,,,,,,,,,,,,,,,,,,
97,Rajasthan,Dholpur,0.54,0.67,0.88,1.24,0.99,0.89,0.92,,0.89,0.9,0.87,1.13,1.1,0.86,0.82,0.87,1,1.08,,1.5,1.38,,1
98,Madhya Pradesh,Bhind,,,,,0.51,0.53,0.42,0.33,0.56,0.53,0.36,0.32,0.68,0.73,0.67,1,1.17,1.4,0.65,0.49,1.29,1.5,1.49
99,Rajasthan,Alwar,0.9,0.54,1,1.23,0.99,0.91,0.95,0.71,0.87,0.9,0.87,1.13,1.09,0.85,0.81,0.86,1,1.5,1,1.38,1.4,1,
100,Arunachal Pradesh,Leparada,,,,,,,,,,,,,,,,,,,,1.5,,1.38,1.22
101,Uttar Pradesh,Mau,0.86,1.11,0.86,1.27,,,0.93,1.16,1.18,1.06,1.1,1.31,1.33,1.16,0.92,1.17,1.37,1.26,1.48,1.19,1.42,1.35,1.46
102,Uttar Pradesh,Azamgarh,0.87,1.11,0.86,1.27,,,0.92,1.16,1.18,1.05,1.1,1.31,1.33,1.16,0.93,1.18,1.37,1.25,1.48,1.19,1.41,1.35,1.46
103,Uttar Pradesh,Ballia,0.87,1.11,0.86,1.27,,,0.92,1.16,1.18,1.06,1.1,1.31,1.33,1.16,0.92,1.17,1.37,1.26,1.48,1.19,1.42,1.35,1.46
104,Mizoram,Aizawl,0.8,1.47,,,,,,,,,,,,,,,,,,,,,
105,Bihar,Gopalganj,0.69,1.08,0.75,0.93,0.71,0.74,0.72,0.8,0.81,0.89,0.94,1.02,1.15,1.27,1.46,0.63,0.56,1.04,1.2,0.93,0.97,1.21,0.65
106,Bihar,Saran,0.62,1.08,0.75,0.93,0.71,0.74,0.73,0.77,0.81,0.89,0.94,1.02,1.15,1.27,1.46,0.62,0.57,1.04,1.19,0.93,0.95,1.23,1
107,Bihar,Siwan,0.78,1.08,0.75,0.93,0.71,0.74,0.73,0.8,0.81,0.89,0.94,1.02,1.15,1.27,1.45,0.63,0.57,1.04,1.19,0.93,0.96,1.21,1.21
108,Madhya Pradesh,Singrauli,,,,,,,,,0.44,0.59,0.34,0.41,1.45,0.76,0.71,1.2,0.6,0.8,1.11,1.21,1.22,1.19,1.19
109,Uttar Pradesh,Shahjahanpur,0.88,0.85,0.84,0.86,,,0.95,0.99,0.85,0.84,0.75,0.84,0.97,0.85,0.94,0.77,1.12,1,1.45,1.04,1.19,1.3,1.12
110,Bihar,Purbi champaran,1.06,0.85,0.56,0.86,0.64,0.6,0.57,0.78,0.93,0.8,1.16,0.85,0.98,1.2,0.29,0.58,0.72,1.39,1.21,0.91,1.45,1.12,0.96
111,Bihar,Bhojpur,1.09,1.09,0.98,0.99,0.87,0.74,0.61,0.89,0.91,1.44,1.26,1.14,1.32,1.07,0.82,0.79,1.28,0.96,1,0.57,0.97,1.15,0.71
112,Bihar,Supaul,0.56,0.52,0.42,0.38,0.48,0.5,0.61,0.6,0.63,0.24,0.42,0.76,0.6,1.43,0.85,0.74,0.9,0.13,0.5,0.76,0.9,0.66,0.67
113,Madhya Pradesh,Narsinghpur,,,,,0.61,0.64,0.64,0.44,0.49,0.6,0.33,0.42,0.85,0.54,0.7,1,1.29,1.43,0.68,0.77,0.91,1.26,1.25
114,Bihar,Nalanda,1.09,0.33,0.87,0.83,0.5,0.68,0.72,0.8,0.91,0.91,1.1,0.6,1.28,1.23,1.01,1.26,0.92,1.2,1.08,0.54,1.12,0.95,1.43
115,Rajasthan,Bharatpur,1.1,1.43,1.1,1.41,1.04,1.14,1.09,0.71,1.26,0.86,1.3,1.26,1.4,1.09,0.73,0.5,1,1.07,1.16,1.38,1.35,1.33,1.38
116,Madhya Pradesh,Rajgarh,,,,,0.4,0.38,0.52,0.43,0.43,0.54,0.29,0.44,0.63,1.16,0.78,1.2,1.32,1.2,0.8,1.01,1.42,1.2,1.16
117,Tamil Nadu,Dindigul,,,,,,,,,,,,,,,1.42,0.96,,,,,,,
118,Madhya Pradesh,Ashoknagar,,,,,0.68,0.68,0.75,0.72,0.73,0.79,0.52,0.68,1.1,1.33,0.75,1.42,1.06,1.07,0.96,1.06,1.1,1.27,1.26
119,Rajasthan,Ajmer,,1,,1,1,1,0.86,0.67,0.86,1,0.88,1.14,1,0.89,0.82,0.86,1,1.09,1.13,1.42,1.33,1.33,
120,Bihar,Darbhanga,0.65,0.68,0.61,0.87,0.75,0.67,0.74,0.71,0.64,0.6,0.77,0.74,1.25,0.85,1.12,1.41,0.82,0.82,0.69,0.58,0.72,0.85,0.79
121,Madhya Pradesh,Vidisha,,,,,0.62,0.63,0.65,0.51,0.59,0.64,0.44,0.44,0.67,0.53,0.68,1.41,1.38,1.27,0.75,0.63,1.21,1.35,1.22
122,West Bengal,Purba bardhaman,1.4,0.59,1.07,0.67,0.83,0.94,0.3,0.47,0.57,0.72,1.07,0.77,0.97,0.92,0.81,0.5,0.75,1.15,0.98,0.89,0.96,0.9,0.93
123,Bihar,Gaya,0.93,0.88,0.73,0.76,0.66,0.62,0.72,0.74,1.18,0.69,1.17,1.13,1.22,0.75,0.76,1.4,0.99,0.27,1,0.63,0.71,0.82,0.93
124,Jharkhand,Bokaro,,,,,,,,,,,,,,,,,,0.64,0.27,1.3,1.4,1.2,1.4
125,Jharkhand,Simdega,,,,,,,0.35,,,1,,,,1,0.67,0.75,,1.4,1.4,1.1,1.15,1.1,1.1
126,Nagaland,Dimapur,,,,0.48,0.38,1.4,1.14,,0.63,0.71,0.75,0.76,0.83,0.81,0.83,0.92,0.81,0.82,0.82,0.8,0.8,0.89,0.83
127,Rajasthan,Banswara,1,0.94,1,1.26,1,0.9,0.92,0.7,0.8,0.91,1,,1,1,,,,,1.17,1.33,1.4,,
128,Tamil Nadu,Madurai,,,,,,,,,,,,,,,0.9,1.4,,,,,,,
129,Uttar Pradesh,Jhansi,0.33,0.83,0.8,0.91,,,0.5,0.43,1.12,0.88,0.68,0.84,0.79,0.26,0.3,0.52,0.92,0.83,1.2,1.4,0.86,1,1.15
130,Rajasthan,Sikar,,,,,,,,,,,0.83,1.17,,1,,1,1,1.17,1.25,1.33,1.38,1.36,1.37
131,Madhya Pradesh,Panna,,,,,0.51,0.48,0.46,0.48,0.63,0.63,0.32,0.45,0.75,0.69,0.81,1.38,0.91,1.01,1.36,1.04,1.01,1.12,1.12
132,Rajasthan,Bundi,1,1,0.75,1.12,0.89,0.82,0.81,0.64,0.77,0.97,0.87,1.36,1.13,1.01,0.67,1.02,0.91,0.89,1.05,1.14,1.37,1.25,1.38
133,Rajasthan,Nagaur,1,,,,,,,,,,,,,,0.82,0.86,1,1.07,1.16,1.38,1.35,1.33,1.37
134,Rajasthan,Bhilwara,1.12,1.16,1.08,0.98,0.88,0.62,0.79,0.71,0.8,0.61,0.93,0.89,1.04,0.89,0.57,0.75,1.01,0.9,1.12,1.38,1.35,1.24,1.17
135,Rajasthan,Chittorgarh,0.96,0.72,0.67,0.72,0.68,0.86,0.9,0.79,1.1,0.69,0.85,1.17,1.35,0.65,1.02,1.19,0.89,0.97,1.16,1.38,1.35,1.32,1.38
136,Rajasthan,Jhunjhunu,,,,,,,,,,,1,,1,,,1,1,1.09,1.17,1.38,1.35,1.33,1.38
137,Rajasthan,Baran,0.99,1.23,1.34,1.24,1,0.9,0.93,0.7,0.88,0.9,0.88,1.13,1.14,0.75,0.84,0.86,1,1.07,1.16,1.35,1.36,1.34,1.37
138,Bihar,Samastipur,0.9,0.69,0.78,0.6,0.5,0.69,0.8,0.91,0.86,0.93,1.11,1.37,1.36,0.86,0.64,0.65,1.13,0.97,0.98,1.1,0.89,0.91,1.05
139,Madhya Pradesh,Satna,,,,,0.48,0.49,0.35,0.3,0.44,0.53,0.25,0.27,0.33,0.31,0.62,0.96,1.09,1.15,0.36,0.39,1.13,1.37,1.33
140,West Bengal,Medinipur east,1.36,0.4,0.67,,,0.59,,,,,,,,1.12,1.25,0.72,1,0.87,0.84,0.78,1.36,0.84,1.35
141,Uttar Pradesh,Jalaun,0.5,1.19,1.08,1.16,,,0.66,0.62,1.16,0.89,0.81,1.19,1.22,0.76,0.46,0.64,1.34,1.3,1.36,1.35,1.24,1.25,1.23
142,Madhya Pradesh,Bhopal,,,,,0.48,0.5,0.48,0.51,0.49,0.53,0.3,1.03,1.17,1.24,0.6,1.25,1.33,1.25,0.82,0.99,1.35,1.26,1.26
143,Uttar Pradesh,Fatehpur,0.46,0.67,1,1.01,,,0.67,0.82,0.8,0.76,0.62,0.73,0.87,0.53,0.16,0.49,0.85,0.72,0.92,0.86,1.34,0.77,0.83
144,Rajasthan,Pratapgarh,,,,,,,,,0.84,0.85,0.74,1,1.14,0.89,1.18,0.82,1.29,1.08,1.25,1.34,1.24,1.22,1.34
145,Bihar,Sheohar,0.91,0.62,0.56,0.87,0.67,0.38,0.76,0.67,0.35,0.06,0.94,1.27,0.79,0.85,0.18,0.46,0.65,0.14,0.9,1.04,0.89,0.8,1.34
146,Rajasthan,Jodhpur,,,,,,,,,,,,,,,,,,1,,,1.34,,
147,Haryana,Jhajjar,,,,,,,,,1.33,,,,,,,,,,,,,,
148,Uttar Pradesh,Etawah,0.75,0.75,0.75,0.83,,,1.33,0.6,1,0.8,1,0.86,,0.69,0.33,1,0.8,,1,0.83,1,,
149,Tamil Nadu,Kanniyakumari,,,,,,,,,,,,,,,1.33,,,,,,,,
150,Madhya Pradesh,Datia,,,,,0.5,0.57,0.46,0.35,0.66,0.57,0.32,0.35,0.77,0.85,0.5,1.33,1,1.23,0.87,0.87,1.05,0.81,0.61
151,Madhya Pradesh,Rewa,,,,,0.36,0.34,0.3,0.3,0.38,0.38,0.12,0.21,0.29,0.44,0.7,1.08,1,1.09,0.58,0.87,0.61,1.33,1.33
152,Tamil Nadu,Tiruchirappalli,,,,,,,,,,,,,,,1.33,1.24,,,,,,,
153,Madhya Pradesh,Gwalior,,,,,0.52,0.55,0.47,0.38,0.57,0.54,0.4,0.42,0.41,0.47,0.33,1,,,0.53,0.58,1.12,1.32,1.33
154,Jharkhand,Gumla,,,,,,,,0.65,,1.02,,,0.98,0.76,0.71,0.8,,1.32,1.12,0.9,0.9,0.9,1.17
155,Tamil Nadu,Perambalur,,,,,,,,,,,,,,,1.32,1.21,,,,,,,
156,Bihar,Rohtas,0.76,0.84,0.86,0.62,0.77,1,0.59,1.04,0.87,0.57,0.95,1.3,1.18,1.01,1.31,0.96,1.14,0.92,0.95,0.86,0.76,0.73,0.88
157,Bihar,Nawada,0.66,0.83,0.4,0.65,0.66,0.5,0.67,0.69,0.79,0.85,1.3,0.83,1.13,0.65,0.5,1.12,0.94,0.94,1.01,0.9,0.79,0.74,0.82
158,Tamil Nadu,Dharmapuri,,,,,,,,,,,,,,,1.3,0.99,,,,,,,
159,Uttar Pradesh,Pratapgarh,0.44,0.68,1,1,,,0.69,0.84,0.8,0.76,0.29,0.82,0.86,0.55,0.13,0.36,0.85,0.89,1.19,0.76,1.29,1.25,1.19
160,Uttar Pradesh,Gonda,0.87,0.75,0.65,0.86,,,0.77,0.86,0.88,0.75,0.8,0.78,0.9,0.86,0.76,0.81,0.91,0.93,0.93,1.1,1.29,1.22,0.93
161,Uttar Pradesh,Allahabad,0.46,0.67,,0.94,,,0.67,0.82,0.8,0.76,0.27,0.85,0.83,0.5,0.4,0.34,0.85,0.91,1.2,0.74,1.27,1.29,1.21
162,Uttar Pradesh,Kaushambi,0.45,0.66,1,1,,,0.67,0.81,0.8,0.75,0.29,0.83,0.87,0.53,0.16,0.37,0.85,0.89,1.18,0.75,1.28,1.25,1.18
163,Madhya Pradesh,Guna,,,,,0.67,0.74,0.75,0.6,0.63,0.73,0.55,0.64,0.88,0.69,,1,1,1.23,0.96,1.08,1.26,1.28,1.25
164,West Bengal,Bankura,0.99,0.84,0.66,0.72,0.78,0.62,0.77,1.28,0.79,1.08,1,1,1.14,0.86,1.05,0.93,0.82,0.82,1.25,0.85,0.84,0.62,0.95
165,Madhya Pradesh,Sidhi,,,,,0.45,0.4,0.4,0.35,0.44,0.45,0.27,0.39,0.43,0.73,0.78,1,0.86,1.24,0.75,0.75,1.28,0.83,0.83
166,Uttar Pradesh,Chandauli,0.53,0.46,0.34,0.48,,,0.55,0.71,0.64,0.91,0.64,0.99,0.56,0.65,0.49,0.49,0.68,0.79,1.28,1.14,1.23,1.19,1.25
167,Uttarakhand,Udam singh nagar,0.63,0.6,0.52,0.76,0.6,0.35,1.05,0.95,0.7,0.66,0.58,0.74,0.38,0.8,0.53,0.83,0.83,0.87,1.23,1.27,0.84,0.89,0.72
168,Bihar,Purnia,0.87,0.59,0.8,0.71,0.53,0.41,0.59,0.7,0.71,0.7,0.63,0.62,0.73,0.76,0.93,0.83,0.88,0.6,0.75,0.85,0.43,0.61,1.27
169,Manipur,Ukhrul,,,,,,,,,1.27,0.75,0.84,0.79,0.77,0.9,0.76,0.91,0.92,0.91,0.92,,,,
170,Rajasthan,Pali,,1,,1.27,,,1,,,,0.83,,,,,,1,1,,,,,
171,Tamil Nadu,Thiruvallur,,,,,,,,,,,,,,,1.26,1.02,,,,,,,
172,Madhya Pradesh,Sagar,,,,,0.4,0.43,0.44,0.42,0.47,0.47,0.28,0.29,0.67,0.55,0.7,1.13,1.21,1.19,1.26,1,1.08,0.94,0.94
173,Tamil Nadu,Thanjavur,,,,,,,,,,,,,,,1.26,1.03,,,,,,,
174,Tamil Nadu,Ariyalur,,,,,,,,,,,,,,,1.26,1.01,,,,,,,
175,Tamil Nadu,Cuddalore,,,,,,,,,,,,,,,1.26,1.02,,,,,,,
176,Tamil Nadu,Sivaganga,,,,,,,,,,,,,,,1.26,1.02,,,,,,,
177,Tamil Nadu,Tirunelveli,,,,,,,,,,,,,,,1.26,1.01,,,,,,,
178,Tamil Nadu,Coimbatore,,,,,,,,,,,,,,,1.26,1.01,,,,,,,
179,Tamil Nadu,Villupuram,,,,,,,,,,,,,,,1.26,0.72,,,,,,,
180,Tamil Nadu,Tiruppur,,,,,,,,,,,,,,,1.26,1.01,,,,,,,
181,Tamil Nadu,Ramanathapuram,,,,,,,,,,,,,,,1.26,1.03,,,,,,,
182,Madhya Pradesh,Dindori,,,,,0.41,0.22,0.24,0.21,0.25,0.25,0.06,0.12,0.46,0.98,0.73,1.14,1,1.01,0.61,0.8,1.16,1.25,1.26
183,Tamil Nadu,Kanchipuram,,,,,,,,,,,,,,,1.25,1.03,,,,,,,
184,West Bengal,Maldah,1.07,0.84,0.49,1,0.74,0.82,0.74,0.99,0.8,0.95,0.91,0.92,1.02,1,0.69,0.97,1.01,0.92,1.15,0.92,0.96,1.25,1.23
185,Mizoram,Champhai,,,1.25,,,,,,,,,,,,,,,,,,,,
186,Tamil Nadu,Thoothukudi,,,,,,,,,,,,,,,1.25,1.02,,,,,,,
187,Bihar,Madhepura,0.9,1.17,0.44,0.38,0.55,0.59,0.51,0.61,0.72,0.48,0.52,0.8,0.7,1.25,0.62,1.24,0.6,1.12,0.82,0.81,0.62,0.69,0.72
188,Himachal Pradesh,Kangra,0.2,0.33,0.22,,,0.2,0.74,0.77,0.66,0.68,0.71,0.93,0.73,0.77,0.94,0.66,0.55,0.81,0.86,0.98,1.19,1.25,1.21
189,Madhya Pradesh,Sehore,,,,,0.46,0.67,0.72,0.72,0.72,0.9,0.47,0.82,0.79,0.69,0.8,1,1.25,0.84,0.83,0.92,1.14,0.64,0.64
190,Bihar,Saharsa,0.66,0.85,0.48,0.7,0.41,0.49,0.53,0.64,0.49,0.48,0.49,0.69,0.29,0.67,0.5,1.14,1.25,0.85,0.66,0.93,1.06,0.45,0.84
191,Jharkhand,Hazaribagh,,,,,,,0.44,0.54,,1.02,,,0.97,0.77,0.72,0.93,,0.84,0.84,0.73,0.73,1.22,0.5
192,Uttarakhand,Nainital,0.56,0.56,0.44,0.7,0.77,0.51,0.82,0.64,0.48,0.69,0.57,0.73,0.73,0.75,0.62,0.74,0.74,0.75,0.74,1.22,0.94,0.87,1.05
193,Madhya Pradesh,Katni,,,,,0.3,0.38,0.31,0.28,0.41,0.4,0.16,0.25,0.51,0.92,0.86,1.22,0.92,0.99,0.87,0.89,0.82,1.13,1.13
194,Uttarakhand,Champawat,0.5,0.5,0.42,0.57,0.5,0.49,0.39,0.35,0.27,0.7,0.73,0.97,1.13,1.02,0.72,0.6,0.94,0.99,1.08,1.22,0.94,0.87,1.05
195,Uttar Pradesh,Kannauj,0.63,0.8,0.76,0.9,,,1.22,0.61,0.88,0.81,1.13,0.86,1.22,0.69,0.54,0.73,0.8,0.75,0.85,0.88,0.79,0.64,1.11
196,Uttar Pradesh,Farrukhabad,0.63,0.8,0.76,0.9,,,1.22,0.6,0.88,0.8,1.13,0.86,1.22,0.69,0.54,0.73,0.8,0.61,0.7,0.95,0.86,0.64,1.11
197,Uttar Pradesh,Kanpur nagar,0.62,0.8,0.76,0.9,,,1.21,0.6,0.88,0.8,1.13,0.86,1.22,0.69,0.54,0.73,0.8,1.07,1.07,0.74,0.7,0.64,1.11
198,Uttar Pradesh,Kanpur dehat,,,,0.9,,,1.21,0.61,0.88,0.8,1.13,0.86,1.22,0.69,0.54,0.73,0.8,0.74,0.85,0.88,0.79,0.64,1.11
199,Uttarakhand,Uttar kashi,0.53,0.52,0.48,0.42,0.5,0.47,0.55,0.48,0.22,0.59,1.22,0.73,0.75,0.97,0.84,0.9,0.59,0.5,0.68,0.74,0.52,0.86,0.97
200,Uttar Pradesh,Auraiya,0.63,0.8,0.77,0.9,,,1.21,0.6,0.89,0.81,1.13,0.86,1.21,0.69,0.55,0.72,0.82,0.73,0.86,0.88,0.78,0.64,1.11
201,Bihar,Banka,0.69,0.69,0.37,0.63,0.69,0.58,0.66,0.74,0.97,0.64,0.65,0.77,0.92,1.17,0.86,0.8,1.21,0.7,0.61,0.82,0.65,0.65,0.76
202,Himachal Pradesh,Kullu,0.2,0.23,0.16,,,0.09,0.56,0.73,0.27,0.32,0.65,0.88,0.88,0.71,0.77,0.77,0.26,0.89,0.71,0.81,1.2,1.21,1.2
203,Uttar Pradesh,Balrampur,0.79,0.76,0.64,0.74,,,1.2,1.13,0.95,0.99,0.79,0.78,0.82,0.91,0.87,0.9,0.82,0.86,0.91,0.97,0.9,0.83,0.82
204,Uttar Pradesh,Hardoi,1.07,0.69,0.78,0.85,,,0.71,0.89,0.95,1.04,0.89,0.94,0.97,0.8,0.65,0.88,1.06,1.19,1.2,0.91,1.08,1.16,1.11
205,Himachal Pradesh,Chamba,0.26,0.33,0.21,,,0.05,0.35,0.6,0.67,0.67,0.5,0.67,,0.86,0.5,0.5,0.5,1,1,1,1.2,1.2,1.17
206,West Bengal,Murshidabad,0.94,0.58,0.6,0.77,0.56,0.89,0.79,0.78,0.65,1.07,0.93,0.83,0.98,1.03,1.14,0.46,1.04,1.2,0.83,0.89,1.04,0.67,0.82
207,Jharkhand,Dhanbad,,,,,,,,,,,,,,,,,,0.81,1.2,0.6,0.6,0.6,
208,Jharkhand,Koderma,,,,,,,0.43,,,1,,,0.98,0.63,0.71,0.76,,1.2,1.2,1.2,1.2,1.2,1.2
209,Madhya Pradesh,Shivpuri,,,,,0.5,0.5,0.41,0.31,0.45,0.48,0.34,0.35,0.35,0.37,0.33,1.2,1.2,1.05,0.41,0.5,1.2,1.15,1.14
210,Jharkhand,Godda,,,0.85,0.98,0.64,0.6,0.55,0.65,,0.6,1.02,1.13,0.95,0.77,,0.62,,1.08,1.11,1.12,1.2,1.11,0.93
211,Assam,Kamrup,,0.45,0.46,0.45,0.47,0.47,0.46,0.47,0.47,0.47,0.48,0.51,0.56,0.59,0.74,0.5,0.51,0.51,0.51,0.53,0.53,0.55,1.2
212,Madhya Pradesh,Agar malwa,,,,,,,,,,,,,,0.54,,0.88,,1.2,0.4,0.3,1.19,0.56,0.56
213,Tamil Nadu,Thiruvarur,,,,,,,,,,,,,,,1.2,1,,,,,,,
214,Jharkhand,Deoghar,,,,,,,0.62,0.65,,0.5,,,,,,,,0.95,1.2,0.95,0.95,0.95,0.95
215,Bihar,Munger,1.06,0.65,0.78,0.51,0.49,1,0.85,0.88,0.56,0.83,0.79,0.81,1.05,1.19,0.77,0.85,1.19,0.85,0.77,0.77,0.92,0.93,0.66
216,Himachal Pradesh,Sirmaur,0.33,0.5,0.35,,,0.13,0.51,0.4,0.36,0.44,0.63,0.96,0.58,0.67,0.84,0.78,0.35,0.84,0.92,0.94,1.19,1.18,1.19
217,Uttar Pradesh,Pilibhit,0.88,0.64,0.64,0.67,,,0.52,1.02,0.91,0.84,0.85,0.97,1.01,0.97,0.9,0.86,1.19,1.12,1.02,0.97,1.02,1.11,0.92
218,Uttarakhand,Pithoragarh,0.5,0.5,0.41,0.64,0.6,0.57,0.3,0.39,0.35,0.45,0.83,0.91,1.03,1.05,0.77,0.97,0.78,0.81,0.89,1.19,0.73,0.94,1.18
219,Bihar,Katihar,0.68,0.53,0.49,0.61,0.55,0.34,0.38,0.51,0.46,0.59,0.9,1.02,1.01,1.1,0.81,1.16,1.13,1.19,1.01,0.86,0.89,1.09,1.09
220,West Bengal,Nadia,0.86,0.37,0.76,0.78,0.66,0.77,0.68,0.73,0.76,0.95,1.09,0.58,1.04,0.96,0.93,0.66,0.84,0.97,0.61,0.73,0.79,0.56,1.18
221,West Bengal,24 paraganas south,0.57,0.71,1.11,0.73,0.62,0.98,0.56,0.63,0.79,0.52,0.68,0.54,0.98,1.13,0.63,0.68,1.18,0.99,1.18,0.43,0.96,1.01,0.79
222,Madhya Pradesh,Mandsaur,,,,,0.51,0.35,0.5,0.37,0.44,0.46,0.27,0.32,0.54,0.87,0.5,0.8,1.18,1.09,0.53,0.61,1.04,0.72,0.72
223,Tripura,Dhalai,,,,,0.53,0.51,0.49,0.52,1.18,0.59,0.58,0.74,0.59,0.72,0.72,0.63,0.65,0.75,0.95,0.95,0.91,0.95,0.92
224,Uttar Pradesh,Amethi,,,,,,,,,,,0.65,0.71,0.7,0.43,0.49,0.52,1.18,0.96,0.91,0.81,0.79,0.86,0.92
225,Uttar Pradesh,Sultanpur,0.88,1.13,0.94,0.83,,,0.86,1.14,0.97,0.92,0.87,1.06,0.65,0.36,0.49,0.52,1.18,1.06,1.18,0.91,0.83,0.8,1.13
226,Uttar Pradesh,Barabanki,0.85,1.13,0.99,1.03,,,0.86,0.79,0.83,0.76,0.83,0.78,0.74,0.64,0.49,0.68,1.18,0.91,0.8,0.75,0.78,0.89,0.85
227,Uttar Pradesh,Faizabad,0.88,1.13,0.6,1.12,,,0.86,0.7,0.83,0.8,0.8,0.71,0.7,0.43,0.49,0.52,1.18,0.96,0.91,0.8,0.79,0.86,0.92
228,Uttar Pradesh,Ambedkar nagar,0.89,1.13,0.94,1.12,,,0.86,0.87,0.87,0.8,0.65,0.71,0.71,0.43,0.49,0.53,1.18,0.96,0.91,0.81,0.79,0.86,0.92
229,Tamil Nadu,Salem,,,,,,,,,,,,,,,1.17,0.94,,,,,,,
230,Himachal Pradesh,Una,0.5,0.7,0.63,,,0.63,0.83,0.85,0.5,0.6,0.33,1.06,1.17,0.5,0.5,0.5,0.5,0.5,0.5,0.8,1,1,
231,Madhya Pradesh,Chhatarpur,,,,,0.32,0.32,0.23,0.21,0.27,0.28,0.16,0.17,0.37,0.37,0.64,0.83,1.11,0.88,0.65,0.55,1.15,1.16,1.16
232,Madhya Pradesh,Ujjain,,,,,0.42,0.4,0.46,0.41,0.39,0.41,0.33,0.35,0.38,0.54,,0.72,,0.47,0.32,0.57,0.95,1.15,1.15
233,Madhya Pradesh,Dewas,,,,,0.55,0.44,0.51,0.59,0.59,0.59,0.5,0.5,0.74,0.74,,0.89,,1.1,0.57,0.64,0.9,1.15,1.15
234,Madhya Pradesh,Umaria,,,,,0.5,0.4,0.4,0.4,0.48,0.52,0.16,0.32,0.52,0.72,0.92,1,1,0.87,0.75,0.69,1.15,0.81,0.81
235,Tamil Nadu,Pudukkottai,,,,,,,,,,,,,,,1.13,1.02,,,,,,,
236,Madhya Pradesh,Jhabua,,,,,0.5,,,,,0.33,0.29,0.43,,,,,,0.83,,,1.13,,
237,Jharkhand,Pakur,,,,,,,0.55,0.65,,0.6,,1.13,0.95,0.77,0.68,0.95,,0.8,0.8,0.8,0.8,0.74,0.5
238,Jharkhand,Sahebganj,,,1.01,,,,0.55,0.65,,0.6,,1.13,0.95,0.77,1.08,0.7,,0.45,0.45,0.45,0.45,0.45,0.45
239,Jharkhand,Dumka,,,,,,,0.45,0.73,,0.6,,1.13,0.95,0.92,0.58,0.83,,0.74,1,1.01,1.05,1.06,0.8
240,Bihar,Madhubani,0.83,0.92,0.78,0.36,0.66,0.39,0.47,0.6,0.47,0.67,0.69,0.79,0.97,0.87,0.57,0.6,0.85,0.93,1.13,1,0.78,0.91,0.91
241,Assam,Kokrajhar,,0.49,0.49,0.49,0.49,0.49,0.49,0.49,0.49,0.48,0.48,0.52,0.57,0.58,0.76,0.69,0.58,0.58,0.58,0.58,0.58,0.68,1.12
242,Madhya Pradesh,Chhindwara,,,,,0.47,0.43,0.51,0.47,0.43,0.6,0.44,0.51,0.61,0.65,0.83,1,0.75,1.08,0.51,0.72,1.03,1.11,1.11
243,Uttar Pradesh,Mahoba,0.31,0.6,0.45,0.69,,,0.38,0.18,0.88,0.54,0.35,0.71,0.62,0.35,0.16,0.09,0.6,0.44,0.66,1.11,0.69,0.55,0.79
244,Uttar Pradesh,Chitrakoot,0.61,0.87,0.74,1.11,,,0.37,0.57,0.7,0.59,0.3,0.81,0.67,0.16,0.13,0.17,0.84,0.6,0.86,0.77,0.9,0.83,0.7
245,Jharkhand,Saraikela kharsawan,,,,,,,,,,,,1,,0.77,0.72,0.71,,1.1,0.7,0.8,0.8,0.8,0.8
246,Madhya Pradesh,Indore,,,,,0.35,0.32,0.3,0.38,0.36,0.42,0.28,0.28,0.39,0.4,,,,0.96,0.37,0.46,1.08,1.1,1.1
247,Bihar,Arwal,,,,0.81,0.63,0.74,,0.87,0.83,1.01,0.56,0.84,1.1,0.89,0.88,0.81,0.8,0.71,0.86,0.59,1.02,0.97,0.79
248,Jharkhand,Khunti,,,,,,,,,,,,,,0.67,0.5,0.73,,1.1,0.9,0.9,0.9,0.9,0.9
249,Assam,Kamrup metro,,,,,,0.5,0.49,0.47,0.44,0.46,0.46,0.48,0.51,0.56,0.68,0.56,0.51,0.51,0.53,0.53,0.53,0.54,1.1
250,Tamil Nadu,Krishnagiri,,,,,,,,,,,,,,,1.09,0.81,,,,,,,
251,Bihar,Bhagalpur,0.84,0.69,0.62,0.74,0.69,0.59,0.55,0.68,0.77,0.65,0.53,1.02,0.6,1.08,0.28,0.61,0.71,0.71,0.53,0.58,0.67,0.72,0.69
252,Haryana,Panchkula,0.88,0.79,0.88,0.76,0.9,0.79,0.64,,0.82,0.99,1.08,1,0.94,1,0.5,1,1,0.43,0.5,1,1,1,
253,Haryana,Yamunanagar,0.75,0.83,0.84,0.82,0.83,0.77,0.8,0.79,0.78,0.85,1.03,1.08,1.03,1,1,0.75,1,0.79,0.51,1,1,1,
254,Assam,Biswanath,,,,,,,,,,,,,,,,,,,,,1.08,1.07,1.08
255,Himachal Pradesh,Mandi,0.19,0.2,0.3,,,0.24,0.35,0.34,0.07,0.09,0.63,0.91,0.64,0.72,0.08,0.64,0.07,0.94,0.92,0.94,1,1.08,1.08
256,Uttar Pradesh,Rae bareli,1.07,0.69,0.8,0.8,,,0.73,0.82,0.83,0.82,0.87,0.84,0.82,0.71,0.57,0.78,0.72,0.93,0.89,0.82,0.9,0.88,1.01
257,Uttar Pradesh,Unnao,1.07,0.69,0.8,0.8,,,0.73,0.82,0.83,0.82,0.87,0.84,0.83,0.7,0.56,0.78,0.71,0.63,0.64,0.81,0.91,0.88,1.01
258,Uttarakhand,Haridwar,0.6,0.58,0.5,0.6,0.6,0.31,0.7,0.55,0.7,0.59,0.81,0.64,0.48,0.63,0.31,1.05,0.71,0.53,0.63,0.82,1.07,0.99,0.99
259,Uttarakhand,Dehradun,0.57,0.58,0.51,0.52,0.58,0.52,0.61,0.62,0.41,0.6,0.7,0.66,0.73,0.91,0.84,0.72,0.85,0.65,0.88,1.03,1.06,0.81,0.91
260,Assam,Dhubri,,0.77,0.77,0.77,0.77,0.77,0.77,0.77,0.77,0.77,0.77,0.74,0.8,0.81,1.06,0.99,0.77,0.87,0.8,0.8,0.78,0.78,0.78
261,Uttar Pradesh,Sonbhadra,0.77,0.66,0.66,0.77,,,0.58,0.76,0.66,0.82,0.53,0.83,0.84,0.71,0.58,0.56,0.84,0.85,0.73,0.73,0.76,0.85,1.05
262,Jharkhand,East singhbum,,,,,,,,,,,,,1,0.75,0.72,0.67,,1.05,0.8,0.8,0.82,0.83,0.83
263,Uttar Pradesh,Kushi nagar,1.05,0.74,0.6,0.7,,,0.61,0.83,0.7,0.75,0.77,0.65,0.76,0.73,0.42,0.63,0.72,0.83,0.84,0.64,0.75,0.63,0.71
264,Uttar Pradesh,Gorakhpur,1.05,0.74,0.6,0.95,,,0.61,0.83,0.7,0.75,0.77,0.65,0.76,0.73,0.42,0.63,0.72,0.83,0.84,0.63,0.75,0.63,0.71
265,Uttar Pradesh,Deoria,1.05,0.74,0.6,0.74,,,0.61,0.83,0.7,0.75,0.77,0.65,0.76,0.73,0.42,0.63,0.72,0.83,0.84,0.63,0.75,0.63,0.71
266,Uttar Pradesh,Mirzapur,0.77,0.86,0.82,0.83,,,0.81,0.68,0.75,0.8,0.58,0.97,0.83,0.68,0.7,0.65,0.89,1.05,1.04,0.61,0.93,0.91,0.83
267,Madhya Pradesh,Mandla,,,,,0.41,0.41,0.41,0.41,0.41,0.38,0.27,0.27,0.41,0.63,0.68,0.91,0.96,0.99,0.65,0.65,1.02,1.04,1.03
268,Manipur,Chandel,,,,,,,,,1.04,0.73,0.83,0.89,0.8,0.92,0.8,0.97,0.95,0.95,0.84,,,,
269,Uttar Pradesh,Banda,0.33,0.77,0.76,0.94,,,0.48,0.41,0.74,0.48,0.39,0.88,0.83,0.19,0.13,0.42,0.78,0.68,0.99,1.04,1.04,0.68,0.87
270,Jharkhand,Ranchi,,,,,,,0.29,,,1.04,,1,1,0.71,0.67,,,0.45,0.7,0.8,0.8,0.7,0.7
271,Uttar Pradesh,Ghaziabad,0.63,0.8,0.77,0.9,,,0.7,0.72,0.88,0.8,0.7,0.88,0.88,0.67,0.53,0.73,0.97,1.03,1.03,0.97,1,0.94,0.95
272,Uttar Pradesh,Hapur,,,,,,,,,,,,,0.89,0.69,0.54,0.71,0.97,1.03,1.03,0.98,1.01,0.94,0.95
273,Uttar Pradesh,Gautam buddha nagar,0.62,0.8,0.76,0.9,,,0.71,0.72,0.89,0.8,0.7,0.88,0.89,0.7,0.57,0.75,0.97,1.02,1.03,0.98,1,0.95,0.95
274,Bihar,Aurangabad,0.99,0.87,0.82,0.86,0.65,0.52,0.87,0.8,0.58,0.7,1.03,0.99,0.95,0.72,0.7,0.77,0.88,0.83,0.77,0.33,0.46,0.65,0.49
275,Uttar Pradesh,Sant kabeer nagar,0.94,0.8,0.76,0.74,,,0.7,0.73,0.88,0.8,0.7,0.88,0.89,0.69,0.54,0.71,0.96,1.03,1.03,0.98,1.01,0.94,0.95
276,Uttar Pradesh,Meerut,0.63,0.8,0.76,0.9,,,0.7,0.73,0.88,0.8,0.7,0.88,0.89,0.69,0.54,0.71,0.96,1.03,1.03,0.98,1.01,0.94,0.95
277,Uttar Pradesh,Bulandshahr,0.63,0.8,0.76,0.9,,,0.71,0.72,0.88,0.8,0.7,0.88,0.89,0.69,0.54,0.71,0.96,1.03,1.03,0.98,1.01,0.94,0.95
278,Uttar Pradesh,Basti,0.94,0.8,0.76,0.64,,,0.71,0.73,0.88,0.8,0.7,0.88,0.89,0.69,0.54,0.71,0.96,1.03,1.03,0.98,1.01,0.94,0.95
279,Uttar Pradesh,Siddharth nagar,0.94,0.8,0.76,0.77,,,0.71,0.72,0.88,0.8,0.7,0.88,0.89,0.69,0.54,0.71,0.96,1.03,1.03,0.98,1.01,0.94,0.95
280,West Bengal,Birbhum,0.75,0.6,0.53,0.93,0.61,0.62,0.73,0.92,0.5,0.78,0.67,0.63,0.87,0.94,1.03,0.87,0.92,0.98,1,1.02,0.8,0.92,0.97
281,Jharkhand,West singhbhum,,,,,,,0.43,0.65,,1.03,0.8,0.98,0.97,0.77,0.72,,,0.89,0.89,0.86,0.87,0.87,0.87
282,Uttarakhand,Bageshwar,0.55,0.54,0.45,0.53,0.6,0.51,0.45,0.43,0.28,0.68,0.69,0.79,0.63,0.66,0.63,0.41,0.73,0.64,1.03,0.8,0.68,0.9,0.67
283,Uttar Pradesh,Hamirpur,0.37,0.85,0.7,1.01,,,0.45,0.4,0.78,0.65,0.5,0.62,0.67,0.47,0.2,0.4,0.93,0.87,0.97,1.02,1.03,0.87,0.63
284,Jharkhand,Lohardaga,,,,,,,0.49,0.7,,1.02,,0.98,0.98,0.63,0.73,0.51,,0.9,0.51,0.5,0.51,0.51,0.51
285,Uttar Pradesh,Baghpat,0.63,0.8,0.76,0.9,,,0.71,0.73,0.88,0.8,0.7,0.88,0.89,0.7,0.53,0.7,0.96,1.02,1.02,0.98,1.02,0.95,0.96
286,Jharkhand,Chatra,,,,,,,0.44,0.65,,1.02,,0.99,0.97,0.77,0.72,0.72,,0.93,0.91,0.92,0.93,0.71,0.71
287,Meghalaya,West garo hills,,,,,,,,,,0.84,0.84,0.84,,0.96,0.97,1.01,1.01,1.01,1.01,1.02,1.02,,1.02
288,Tripura,West tripura,,,,,0.49,1.02,0.6,0.45,0.71,0.84,0.59,0.76,0.86,0.75,0.79,0.66,0.67,0.7,0.64,0.65,0.64,0.68,0.8
289,Tamil Nadu,Virudhunagar,,,,,,,,,,,,,,,0.7,1.02,,,,,,,
290,Madhya Pradesh,Dhar,,,,,0.49,0.37,0.5,0.5,0.43,0.46,0.35,0.35,0.65,1.01,,,,0.92,0.63,0.48,0.9,0.94,0.94
291,West Bengal,24 paraganas north,0.85,0.45,0.56,0.6,0.57,0.62,0.49,0.65,0.54,0.82,0.9,0.88,0.75,0.86,0.89,0.58,0.85,0.82,0.74,0.92,1.01,0.86,0.85
292,Assam,Chirang,,,,,,0.55,0.55,0.54,0.49,0.53,0.52,0.53,0.59,0.84,0.78,0.54,0.66,0.55,0.5,0.55,0.5,1.01,0.45
293,Uttarakhand,Tehri garhwal,0.47,0.47,0.4,0.6,0.6,0.5,0.3,0.47,0.27,0.73,1.01,0.73,0.75,0.89,0.8,0.75,0.6,0.61,0.54,0.81,0.79,0.73,0.57
294,Assam,Marigaon,,0.69,0.69,0.68,0.69,0.68,0.68,0.68,0.68,0.68,0.68,0.63,0.76,0.8,1.01,0.77,0.75,0.77,0.76,0.85,0.85,0.85,1
295,Meghalaya,South west garo hills,,,,,,,,,,,,,,0.95,0.96,0.98,1,1,1,1,1,,1.01
296,West Bengal,Hooghly,0.61,0.5,0.37,0.57,0.56,0.61,0.61,0.56,0.6,0.64,0.6,1,1,0.63,0.63,0.57,0.55,1,0.33,0.33,0.35,0.37,0.4
297,Punjab,Amritsar,0.8,0.83,0.6,0.75,,1,1,1,1,,,,1,,,,,0.5,1,0.5,,,1
298,Chhattisgarh,Dantewada,,,,,,,,,,,,,,,,,,,,,,0.5,1
299,Chhattisgarh,Kondagaon,,,,,,,,,,,,,0.27,,,,,,0.33,,1,1,1
300,Himachal Pradesh,Hamirpur,0.2,0.29,0.4,,,,1,1,,,,0.5,0.5,0.82,,,,1,1,1,,,
301,Punjab,Fatehgarh sahib,,1,1,1,1,,,,,,,,,,,,,,,,,,
302,Madhya Pradesh,Tikamgarh,,,,,0.48,0.43,0.39,0.31,0.49,0.48,0.2,0.33,0.34,0.16,0.71,0.93,1,0.92,0.56,0.67,0.93,0.96,0.96
303,Rajasthan,Karauli,,,,1,1,,,1,1,0.75,0.92,1,1,,,,1,,,,,,
304,Madhya Pradesh,Betul,,,,,0.48,0.48,0.49,0.5,0.48,0.5,0.1,0.47,0.63,0.71,0.75,1,,0.63,0.46,0.4,0.68,0.71,0.71
305,Punjab,Nawanshahr,1,0.67,0.67,0.5,0.5,,,1,,,,,,,,,,,,,,,
306,Himachal Pradesh,Bilaspur,0.2,0.25,0.29,,,0.33,0.86,0.67,,,,,1,,,,,,,,1,1,1
307,Tamil Nadu,Nagapattinam,,,,,,,,,,,,,,,1,,,,,,,,
308,Punjab,Gurdaspur,0.8,0.78,0.88,0.83,0.33,0.5,0.33,0.5,0.5,0.67,0.47,0.73,1,0.7,0.6,0.7,1,1,1,,1,,1
309,Assam,Dibrugarh,,0.45,0.45,0.45,0.44,0.44,0.45,,1,0.44,0.44,0.46,0.48,0.58,0.67,0.52,0.52,0.52,0.54,0.55,0.56,0.34,0.94
310,Rajasthan,Sirohi,,,,,,,1,,,,,,,,,,,,,,,1,
311,Rajasthan,Rajsamand,,,,,,,1,,,,,,,,,,,,,,,,1
312,Arunachal Pradesh,West siang,,,,,,,,,,,,,,,,,0.53,0.7,1,1,,0.87,0.87
313,Madhya Pradesh,Burhanpur,,,,0.47,0.38,0.45,0.46,0.4,0.4,0.37,0.33,0.41,,0.73,,,,,1,,1,,
314,Rajasthan,Hanumangarh,,0.33,1,,1,1,1,1,,1,,1,,,,0.82,,,,,1,,
315,Punjab,Kapurthala,1,1,1,,,,,,,,,,,,,,,,,,,,
316,Meghalaya,East jaintia hills,,,,,,,,,,,,,,,,,,,,,,,1
317,Punjab,Jalandhar,1,,1,1,,,,,,,,,,,,,,,,,,,
318,Rajasthan,Jalore,,,,,,,,,,1,1,1,,,,,,1,,,1,,
319,Rajasthan,Dausa,,1,,1,,,,,,,,,,,,,1,,,,,,
320,Punjab,Rupnagar,0.57,0.83,0.5,0.5,0.6,0.25,1,,1,,0.9,,,,0.6,,,,,,,,
321,Madhya Pradesh,Balaghat,,,,,0.3,,0.3,0.3,0.3,0.36,0.27,0.27,0.5,0.5,,,1,0.45,0.46,0.53,0.43,0.53,0.53
322,Rajasthan,Jaisalmer,,,,,,1,1,,,,,,,,1,,,,,,,,
323,Punjab,Tarn taran,,,,,,,,1,1,1,0.67,,1,0.4,,,,,,,,,
324,Punjab,Sangrur,,,,,,,,,,1,,,,,,,,,,,,,
325,Madhya Pradesh,Khandwa,,,,,0.33,0.36,0.36,0.43,0.34,0.36,0.23,0.32,0.32,0.63,1,,,0.52,0.46,0.33,0.54,0.5,
326,Haryana,Mewat,,,,,,0.48,0.57,0.43,0.42,0.44,0.46,0.49,0.68,0.5,1,0.4,0.4,0.97,0.45,0.4,0.4,0.4,
327,Punjab,Mansa,,,,,,,,,,,,,1,,,,,,,,,,
328,Mizoram,Lunglei,,1,0.67,,0.4,,,,,,,,,,,,,,,,,,
329,Tripura,Gomati,,,,,,,,,,,,,1,0.73,0.78,0.65,0.72,0.76,0.64,0.64,0.69,0.66,0.75
330,Assam,Hailakandi,,,,,,,,,,0.44,,,,,0.5,,,,,1,0.67,1,0.5
331,Punjab,Hoshiarpur,0.44,0.43,0.33,0.43,0.43,0.5,0.25,0.33,0.33,0.33,0.62,0.6,0.5,0.75,0.5,0.5,0.5,1,,0.5,0.54,0.3,1
332,Meghalaya,Ri bhoi,,,,,,,,,,,,,,,,1,0.5,0.5,0.5,0.5,0.5,,0.67
333,Haryana,Palwal,,,,,,,,,,,,,0.4,,,,,1,1,,,0.4,
334,Punjab,S.a.s nagar,,,,,,,0.38,0.33,0.33,0.67,0.79,0.83,0.5,0.77,0.6,0.75,0.67,0.5,0.75,0.5,,,1
335,Punjab,Pathankot,,,,,,,,,,,,,1,0.7,,,,,,,,,
336,Chhattisgarh,Korba,0.29,0.3,0.27,0.27,0.25,0.23,0.25,0.25,0.31,0.28,0.27,0.34,0.28,0.28,0.33,0.25,0.32,0.33,0.31,0.4,0.5,1,0.5
337,Assam,Lakhimpur,,0.46,0.46,0.46,0.46,0.46,0.46,0.46,0.46,0.46,0.46,0.51,0.56,0.56,1,0.93,0.93,0.88,0.83,0.91,0.9,0.92,0.86
338,Punjab,Patiala,0.58,0.6,0.78,0.67,0.67,0.5,1,,,,0.67,,,,,,,,,,,,
339,Tamil Nadu,Karur,,,,,,,,,,,,,,,0.99,0.91,,,,,,,
340,Uttarakhand,Almora,0.51,0.51,0.47,0.62,0.6,0.45,0.37,0.4,0.27,0.56,0.43,0.98,0.24,0.85,0.75,0.59,0.76,0.36,0.92,0.77,0.68,0.9,0.76
341,Assam,Baksa,,,,,,0.52,0.52,0.11,0.36,0.33,0.26,0.38,0.43,0.84,0.57,0.88,0.57,0.88,0.65,0.97,0.98,0.98,0.98
342,Manipur,Imphal east,,,,,,,,,0.73,0.93,0.83,0.86,0.88,0.96,0.97,0.95,0.97,0.97,0.96,,,,
343,Haryana,Ambala,0.72,0.73,0.75,0.71,0.7,0.64,0.67,0.65,0.56,0.82,0.86,0.9,0.91,0.83,0.6,0.6,0.8,0.97,0.5,0.8,0.8,0.8,
344,Bihar,Kishanganj,0.47,0.83,0.51,0.38,0.49,0.6,0.63,0.58,0.52,0.68,0.6,0.69,0.81,0.9,0.73,0.77,0.66,0.57,0.39,0.84,0.85,0.74,0.97
345,Uttar Pradesh,Sitapur,0.72,0.7,0.78,0.8,,,0.69,0.68,0.76,0.76,0.81,0.79,0.78,0.6,0.55,0.65,0.75,0.71,0.74,0.73,0.82,0.74,0.97
346,Manipur,Imphal west,,,,,,,,,0.77,0.97,0.83,0.92,0.85,0.94,0.88,0.93,0.95,0.94,0.94,,,,
347,Uttar Pradesh,Kheri,0.73,0.68,0.81,0.77,,,0.89,0.92,0.86,0.78,0.95,0.83,0.81,0.82,0.72,0.89,0.87,0.84,0.96,0.87,0.95,0.87,0.91
348,Tamil Nadu,Namakkal,,,,,,,,,,,,,,,0.96,0.93,,,,,,,
349,Manipur,Churachandpur,,,,,,,,,0.81,0.72,0.75,0.84,0.83,0.92,0.83,0.95,0.95,0.96,0.93,,,,
350,Manipur,Bishnupur,,,,,,,,,0.79,0.95,0.78,0.84,0.8,0.92,0.82,0.94,0.94,0.95,0.94,,,,
351,Assam,Bongaigaon,,0.59,0.67,0.64,0.61,0.55,0.57,0.54,0.53,0.55,0.54,0.61,0.68,0.67,0.9,0.61,0.76,0.66,0.95,0.95,0.88,0.87,0.64
352,Madhya Pradesh,Seoni,,,,,0.36,0.36,0.39,0.36,0.36,0.36,0.27,0.27,0.58,0.65,0.7,0.87,0.95,0.81,0.52,0.69,0.81,0.81,0.81
353,West Bengal,Dinajpur dakshin,0.6,0.3,0.35,0.49,0.54,0.31,0.35,0.29,0.5,0.5,0.6,0.87,0.82,0.79,0.82,0.59,0.57,0.57,0.87,0.78,0.95,0.76,0.84
354,Madhya Pradesh,Niwari,,,,,,,,,,,,,,,,,,,,0.68,0.94,0.95,0.95
355,Manipur,Tamenglong,,,,,,,,,0.72,0.63,0.68,0.73,0.8,0.88,0.82,0.91,0.94,0.84,0.9,,,,
356,West Bengal,Paschim bardhaman,,,,,,,,,,,,,,,,,0.58,0.91,0.71,0.76,0.74,0.72,0.94
357,Manipur,Thoubal,,,,,,,,,0.71,0.89,0.83,0.86,0.87,0.92,0.84,0.91,0.94,0.9,0.94,,,,
358,Assam,Sonitpur,,0.52,0.54,0.53,0.53,0.54,0.54,0.54,0.53,0.53,0.54,0.55,0.61,0.62,0.81,0.81,0.82,0.89,0.86,0.94,0.87,0.83,0.84
359,Assam,Udalguri,,,,,,0.66,0.64,0.65,0.61,0.63,0.63,0.59,0.7,0.74,0.93,0.6,0.61,0.85,0.83,0.81,0.77,0.79,0.83
360,Manipur,Senapati,,,,,,,,,0.69,0.74,0.7,0.77,0.75,0.87,0.75,0.88,0.9,0.89,0.91,,,,
361,Arunachal Pradesh,Tirap,,,,,,,,,,,,,,,,,0.36,0.49,0.49,0.49,,0.49,0.91
362,Assam,South salmara mancachar,,,,,,,,,,,,,,,,,,,,,0.91,0.91,0.9
363,Assam,Hojai,,,,,,,,,,,,,,,,,,,,,0.9,0.9,0.91
364,Jharkhand,Latehar,,,,0.42,0.52,0.49,,0.7,,0.86,0.67,0.91,0.75,0.61,0.7,0.44,,0.56,0.57,0.56,0.56,0.56,0.55
365,West Bengal,Purulia,,0.68,0.42,0.71,0.63,0.21,0.61,0.88,0.53,0.67,0.67,,0.9,0.29,0.61,0.63,0.8,0.25,0.37,0.26,0.45,0.59,0.4
366,Uttar Pradesh,Shravasti,0.7,0.65,0.86,0.84,,,0.54,0.57,0.69,0.77,0.71,0.66,0.74,0.9,0.57,0.71,0.76,0.79,0.8,0.66,0.67,0.67,0.64
367,Jammu and Kashmir,Jammu,,,0.53,,,,0.55,0.55,,,,0.55,0.55,,,,,,0.9,0.9,0.9,,0.9
368,Jammu and Kashmir,Kishtwar,,,,,,,,,0.44,0.56,0.56,0.56,0.56,,,,,,0.9,,0.9,0.9,0.9
369,Assam,Karimganj,,,,,,,,,,0.47,0.44,,,,0.65,,0.66,0.4,0.69,0.6,0.7,0.75,0.9
370,Jammu and Kashmir,Rajauri,,,,,,,,,,,,,,,,,,,0.9,0.9,,0.33,0.33
371,Assam,Golaghat,,0.62,0.62,0.62,0.62,0.62,0.62,0.62,0.62,0.62,0.62,0.61,0.68,0.72,0.9,0.68,0.7,0.72,0.72,0.72,0.72,0.71,0.72
372,Madhya Pradesh,Anuppur,,,,,0.15,0.41,0.39,0.43,0.36,0.38,0.15,0.3,0.46,0.61,0.89,0.86,0.5,0.71,0.49,0.5,0.72,0.69,0.69
373,Tamil Nadu,Tiruvannamalai,,,,,,,,,,,,,,,0.8,0.89,,,,,,,
374,Jharkhand,Giridih,,,,,,,,,,,,,,,,,,0.88,0.86,0.86,0.85,0.87,0.72
375,Arunachal Pradesh,Upper subansiri,,,,,,,,,,,,,,,,,0.51,0.87,0.79,0.82,,0.82,0.82
376,Uttarakhand,Pauri garhwal,0.43,0.42,0.39,0.69,0.6,0.5,0.65,0.4,0.45,0.66,0.53,0.6,0.8,0.63,0.5,0.37,0.6,0.54,0.8,0.87,0.51,0.52,0.46
377,Uttarakhand,Chamoli,0.4,0.4,0.31,0.58,0.6,0.52,0.61,0.45,0.31,0.59,0.61,0.61,0.81,0.85,0.85,0.75,0.75,0.76,0.8,0.87,0.51,0.52,0.45
378,Uttarakhand,Rudra prayag,0.41,0.4,0.38,0.7,0.71,0.48,0.36,0.38,0.3,0.57,0.81,0.59,0.81,0.86,0.67,0.8,0.75,0.54,0.81,0.87,0.5,0.5,0.47
379,Arunachal Pradesh,Siang,,,,,,,,,,,,,,,,,0.53,0.64,0.64,0.62,,0.79,0.87
380,Uttar Pradesh,Maharajganj,0.86,0.74,0.6,0.72,,,0.61,0.83,0.7,0.75,0.77,0.65,0.76,0.61,0.42,0.63,0.72,0.83,0.84,0.63,0.75,0.63,0.71
381,Tripura,Unakoti,,,,,,,,,,,,,0.71,0.68,0.69,0.65,0.68,0.69,0.8,0.79,0.76,0.78,0.86
382,Tripura,North tripura,,,,,0.53,0.64,0.54,0.66,0.59,0.63,0.7,0.81,0.66,0.67,0.76,0.65,0.68,0.74,0.83,0.83,0.78,0.86,0.83
383,West Bengal,Darjeeling,,,,0.74,0.57,0.63,0.56,0.74,0.57,0.73,0.73,0.75,0.86,0.81,0.67,0.86,0.62,0.53,0.53,0.85,0.59,0.59,0.74
384,West Bengal,Alipurduar,,,,,,,,,,,,,,,,,0.57,0.51,0.56,0.85,0.5,0.7,0.59
385,Assam,Goalpara,,0.46,0.48,0.46,0.47,0.47,0.47,0.47,0.48,0.47,0.47,0.49,0.53,0.85,0.7,0.69,0.65,0.7,0.7,0.7,0.7,0.71,0.72
386,Jharkhand,Jamtara,,,,,,,,,,,,,,,,0.4,,0.85,0.8,0.73,0.8,0.85,0.85
387,Nagaland,Nuiland,,,,,,,,,,,,,,,,,,,,,,,0.84
388,Tripura,Khowai,,,,,,,,,,,,,0.53,0.61,0.84,0.68,0.63,0.65,0.66,0.67,0.64,0.65,0.78
389,Nagaland,Peren,,,,,,,,,,0.76,0.78,0.78,0.82,0.82,0.82,0.83,0.82,0.82,0.83,0.82,0.82,0.5,0.75
390,Nagaland,Chumoukedima,,,,,,,,,,,,,,,,,,,,,,,0.83
391,Tripura,South tripura,,,,,0.54,0.71,0.82,0.77,0.8,0.66,0.7,0.79,0.81,0.7,0.81,0.68,0.65,0.7,0.73,0.74,0.7,0.74,0.75
392,Assam,Dhemaji,,0.44,0.45,0.47,0.38,0.36,0.45,0.38,0.42,0.4,0.41,0.45,0.53,0.55,0.72,0.71,0.71,0.71,0.8,0.63,0.82,0.54,0.52
393,Arunachal Pradesh,Lower subansiri,,,,,,,,,,,,,,,,,0.82,0.53,0.32,0.34,,0.51,0.51
394,Arunachal Pradesh,East siang,,,,,,,,,,,,,,,,,0.51,0.51,0.79,0.82,,0.81,0.82
395,West Bengal,Coochbehar,0.63,0.46,0.39,0.39,0.32,0.25,0.3,0.45,0.28,0.46,0.41,0.53,0.54,0.42,0.53,0.45,0.61,0.48,0.46,0.82,0.43,0.48,0.37
396,Assam,Jorhat,,0.5,0.49,0.49,0.5,0.5,0.5,0.5,0.49,0.5,0.49,0.53,0.58,0.59,0.77,0.76,0.79,0.72,0.69,0.8,0.81,0.79,0.81
397,Arunachal Pradesh,Lower dibang valley,,,,,,,,,,,,,,,,,0.55,0.59,0.59,0.61,,0.8,0.79
398,Jammu and Kashmir,Badgam,,,,,,,,,,0.8,0.8,0.8,0.8,,,,,,,,,,
399,Jammu and Kashmir,Leh ladakh,,0.4,0.4,0.5,,,0.4,0.4,0.4,,,0.52,0.52,,,0.56,0.57,0.57,,,,,
400,Haryana,Charki dadri,,,,,,,,,,,,,,,,,,,,,,0.8,
401,Haryana,Mahendragarh,,,,,,,,,,,,,,,,,,0.8,0.5,,,,
402,Madhya Pradesh,Khargone,,,,,0.33,0.37,0.48,0.38,0.33,0.41,0.26,0.5,0.4,0.4,,,,,,,0.8,,
403,Jammu and Kashmir,Kargil,,,,,,,,,,0.41,,,,,,,,,,,,,
404,Assam,Barpeta,,0.5,0.5,0.5,0.5,0.5,0.5,0.5,0.5,0.5,0.5,0.5,0.55,0.5,0.73,0.8,0.54,0.53,0.54,0.54,0.54,0.61,0.61
405,Assam,Majuli,,,,,,,,,,,,,,,,,,,,,0.79,0.79,0.59
406,Tripura,Sepahijala,,,,,,,,,,,,,0.64,0.58,0.69,0.63,0.66,0.68,0.64,0.63,0.61,,0.79
407,Madhya Pradesh,Harda,,,,,0.59,0.48,0.48,0.33,0.43,0.41,0.36,0.36,0.43,0.36,,,,,0.33,0.46,0.79,0.5,0.4
408,Assam,Sivasagar,,0.41,0.44,0.36,0.43,0.43,0.36,0.37,0.57,0.43,0.41,0.57,0.43,0.49,0.63,0.78,0.69,0.75,0.74,0.74,0.66,0.65,0.67
409,West Bengal,Dinajpur uttar,0.53,0.46,0.29,0.45,0.4,0.37,0.37,0.56,0.3,0.5,0.51,0.57,0.53,0.62,0.77,0.31,0.55,0.63,0.61,0.58,0.61,0.54,0.58
410,Assam,Nalbari,,0.52,0.52,0.52,0.52,0.52,0.52,0.11,0.45,0.36,0.3,0.46,0.51,0.52,0.67,0.51,0.75,0.76,0.75,0.72,0.73,0.7,0.69
411,Assam,Karbi anglong,,0.54,0.48,0.52,0.46,0.48,0.48,0.47,0.48,0.48,0.49,0.5,0.57,0.61,0.76,0.6,0.62,0.61,0.6,0.61,0.61,0.61,0.61
412,Assam,Tinsukia,,0.41,0.45,0.42,0.37,0.36,0.35,0.39,0.44,0.41,0.47,0.53,0.53,0.33,0.74,0.54,0.57,0.6,0.59,0.63,0.63,0.64,0.58
413,Jharkhand,Ramgarh,,,,,,,,,,,,,,,,,,0.73,0.73,0.73,0.73,0.72,0.72
414,Assam,Nagaon,,0.36,0.36,0.36,0.36,0.36,0.36,0.36,0.36,0.36,0.36,0.42,0.47,0.46,0.61,0.69,0.69,0.64,0.72,0.64,0.64,0.64,0.65
415,Haryana,Rohtak,,0.71,,,,,,,,,,,,,,,,,,,,,
416,Mizoram,Kolasib,,0.6,0.58,0.67,0.6,0.71,,,,,,,,,,,,,,,,,
417,Punjab,Firozepur,,,,,,,,,,,,0.7,,,,,,,,,,,
418,Arunachal Pradesh,Papum pare,,,,,,,,,,,,,,,,,0.53,0.52,0.52,0.52,,0.69,0.69
419,Assam,Cachar,,0.54,0.5,0.53,0.53,0.52,0.53,0.5,0.42,0.48,0.46,0.53,0.52,0.57,0.67,0.68,0.66,0.69,0.66,0.66,0.66,0.66,0.57
420,Rajasthan,Udaipur,,0.67,,,,,0.67,,,,,,,,,,,,,,,,
421,Chhattisgarh,Janjgir-champa,0.27,0.35,0.32,0.31,0.31,0.32,0.33,0.33,0.31,0.36,0.29,0.33,0.35,0.35,0.28,0.36,0.4,0.27,0.5,0.5,0.67,,
422,Chhattisgarh,Narayanpur,,,,,,,,,,,,,,,,,,0.5,0.5,,0.67,0.5,0.5
423,Rajasthan,Dungarpur,,,,,,,,,0.67,,,,,,,,,,,,,,
424,West Bengal,Jalpaiguri,0.63,0.49,0.53,0.46,0.37,0.35,0.39,0.45,0.39,0.36,0.39,0.38,0.51,0.57,0.64,0.66,0.43,0.55,0.37,0.41,0.51,0.44,0.56
425,Arunachal Pradesh,Dibang valley,,,,,,,,,,,,,,,,,0.53,0.65,0.65,0.65,,0.65,0.65
426,Assam,West karbi anglong,,,,,,,,,,,,,,,,,,,,,0.54,0.61,0.62
427,Assam,Dima hasao,,0.33,0.5,0.33,0.33,0.33,0.5,0.5,0.33,0.5,0.5,0.43,0.44,0.59,0.57,0.57,0.61,0.4,0.58,0.58,0.6,0.6,0.6
428,Chhattisgarh,Raipur,0.33,0.38,0.35,0.35,0.29,0.33,0.33,0.33,0.33,0.35,0.38,0.36,0.42,0.39,0.46,0.42,0.49,0.49,0.49,0.36,0.61,0.61,0.61
429,Assam,Charaideo,,,,,,,,,,,,,,,,,,,,,0.6,0.6,0.6
430,Odisha,Nabarangpur,,,,,,,,,,,,,,,,,,,,0.56,,,
431,Haryana,Gurgaon,0.28,0.56,,0.45,0.46,,,,,,,,,,,,,,,,,,
432,Jammu and Kashmir,Samba,,,,,,,,0.54,0.55,0.55,0.55,0.55,0.55,,,,,,,,,,
433,Odisha,Nuapada,,0.31,,,0.34,,,,,,,,,,,,,,,0.54,,,
434,Odisha,Kendujhar,,0.39,0.36,0.39,0.41,,,,,,,,,,,,,,,0.54,,,
435,Odisha,Sundargarh,,0.33,,0.43,0.43,,,,,,,,,,,,,,,0.54,,,
436,Arunachal Pradesh,Anjaw,,,,,,,,,,,,,,,,,0.24,0.31,0.31,0.31,,0.31,0.53
437,Odisha,Kalahandi,,,,,0.43,,,,,,,,,,,,,,,0.53,,,
438,Odisha,Mayurbhanj,,0.45,0.38,0.45,0.4,,,,,,,,,,,,,,,0.52,,,
439,Odisha,Balangir,,0.34,0.34,0.34,0.35,,,,,,,,,,,,,,,0.52,,,
440,Telangana,Medak,,,,,,,,,,,,,,0.51,0.39,0.35,,,,,,,
441,Jammu and Kashmir,Pulwama,,0.49,0.51,0.51,,,,,,,,,,,,,,,,,,,
442,Jammu and Kashmir,Baramulla,,,,,,,,,,0.5,0.5,,0.5,,0.51,,,0.2,0.2,0.2,0.2,,
443,Haryana,Faridabad,,,,,,,,,,,,,,,0.5,,,,,,,,
444,Jammu and Kashmir,Udhampur,,,0.5,0.5,,,0.5,,,,,,,,,,,,,,,,
445,Chhattisgarh,Sakti,,,,,,,,,,,,,,,,,,,,,,,0.5
446,Mizoram,Saiha,,,,0.5,,,,,,,,,,,,,,,,,,,
447,Jammu and Kashmir,Reasi,,,,,,,,0.5,0.5,,,,,,,,,,,,,,
448,Mizoram,Lawngtlai,,,,,0.5,,,,,,,,,,,,,,,,,,
449,Chhattisgarh,Baloda bazar,,,,,,,,,,,,0.36,0.42,0.39,0.46,0.36,0.49,0.32,0.32,0.34,0.37,0.36,0.39
450,Chhattisgarh,Bemetara,,,,,,,,,,,,0.35,0.32,0.35,0.32,0.34,0.36,0.36,0.4,0.38,0.49,0.37,0.49
451,Chhattisgarh,Surguja,0.31,0.34,0.31,0.33,0.31,0.31,0.32,0.33,0.33,0.27,0.18,0.33,0.34,0.34,0.35,0.27,0.31,0.35,0.35,0.33,0.45,0.45,0.48
452,Chhattisgarh,Gariyaband,,,,,,,,,,,,0.36,0.36,0.29,0.32,0.39,0.39,0.38,0.38,0.36,0.45,0.39,0.39
453,Jammu and Kashmir,Doda,,0.43,0.44,0.45,,,0.44,0.44,,,,,,,,,,,,,,,
454,Chhattisgarh,Kabirdham,0.16,0.3,0.31,0.3,0.23,0.27,0.27,0.27,0.27,0.27,0.33,0.33,0.27,0.3,0.3,0.33,0.43,0.3,0.34,0.35,0.25,0.37,0.37
455,Chhattisgarh,Durg,0.25,0.3,0.31,0.35,0.22,0.43,0.34,0.36,0.34,0.3,0.34,0.35,0.36,0.29,0.38,0.3,0.35,0.35,0.35,0.23,0.4,0.41,0.39
456,Chhattisgarh,Mohla manpur ambagarh chouki,,,,,,,,,,,,,,,,,,,,,,,0.42
457,Chhattisgarh,Rajnandgaon,0.28,0.29,0.27,0.35,0.3,0.31,0.31,0.31,0.27,0.28,0.33,0.33,0.27,0.28,0.35,0.33,0.34,0.35,0.35,0.28,0.38,0.38,0.42
458,Chhattisgarh,Bilaspur,0.28,0.31,0.29,0.32,0.28,0.3,0.31,0.32,0.32,0.33,0.27,0.32,0.32,0.34,0.34,0.32,0.33,0.33,0.35,0.32,0.41,0.37,0.36
459,Chhattisgarh,Dhamtari,0.37,0.39,0.39,0.39,0.33,0.39,0.39,0.39,0.39,0.39,0.39,0.39,0.39,0.39,0.39,0.39,0.39,0.39,0.39,0.39,0.41,0.4,0.4
460,Chhattisgarh,Surajpur,,,,,,,,,,,,0.3,0.32,0.35,0.32,0.29,0.33,0.34,0.37,0.4,0.37,0.4,0.34
461,Chhattisgarh,Balrampur,,,,,,,,,,,,0.33,0.33,0.28,0.22,0.3,0.32,0.3,0.34,0.32,0.3,0.38,0.3
462,Chhattisgarh,Gaurella-pendra-marwahi,,,,,,,,,,,,,,,,,,,,0.33,0.36,0.37,0.36
463,Chhattisgarh,Mungeli,,,,,,,,,,,,0.32,0.34,0.35,0.34,0.35,0.35,0.27,0.32,0.16,0.32,0.32,0.32
464,Chhattisgarh,Balod,,,,,,,,,,,,0.17,0.29,0.3,0.34,0.29,0.35,0.32,0.35,0.32,0.35,0.33,0.33
465,Chhattisgarh,Bastar,0.29,0.29,0.3,0.28,0.31,0.25,0.31,0.23,0.35,0.3,0.31,0.31,0.33,0.17,0.33,,0.31,0.28,0.28,0.29,0.27,0.3,0.32
466,Chhattisgarh,Kanker,0.23,0.31,0.13,0.34,0.3,0.32,0.32,0.32,0.32,0.28,0.31,0.33,0.27,0.24,0.25,0.21,0.22,0.25,0.24,0.24,0.32,0.34,0.3
467,Chhattisgarh,Raigarh,0.28,0.29,0.29,0.28,0.27,0.28,0.32,0.31,0.32,0.29,0.33,0.32,0.33,0.32,0.34,0.33,0.33,0.32,0.28,0.32,0.34,0.33,0.32
468,Chhattisgarh,Korea,0.3,0.3,0.19,0.29,0.24,0.26,0.26,0.26,0.33,0.27,0.18,0.32,0.22,0.24,0.3,0.24,0.26,0.28,0.18,0.32,0.3,0.28,0.29
469,Chhattisgarh,Jashpur,0.28,0.3,0.3,0.28,0.29,0.26,0.29,0.28,0.28,0.29,0.29,0.31,0.28,0.31,0.31,0.28,0.31,0.31,0.28,0.29,0.31,0.32,0.33
470,Chhattisgarh,Manendragarh chirimiri bharatpur,,,,,,,,,,,,,,,,,,,,,,,0.31
471,Himachal Pradesh,Lahul and spiti,,0.25,,,,,,,,,,,,,,,,,,,,,
