Crop: Other Kharif pulses,,,,,,,,,,,,,,,,,,,,,,,,,
S.No.,State,District,2000 - 2001,2001 - 2002,2002 - 2003,2003 - 2004,2004 - 2005,2005 - 2006,2006 - 2007,2007 - 2008,2008 - 2009,2009 - 2010,2010 - 2011,2011 - 2012,2012 - 2013,2013 - 2014,2014 - 2015,2015 - 2016,2016 - 2017,2017 - 2018,2018 - 2019,2019 - 2020,2020 - 2021,2021 - 2022,2022 - 2023
,,,Yield (Ton./Ha.),Yield (Ton./Ha.),Yield (Ton./Ha.),Yield (Ton./Ha.),Yield (Ton./Ha.),Yield (Ton./Ha.),Yield (Ton./Ha.),Yield (Ton./Ha.),Yield (Ton./Ha.),Yield (Ton./Ha.),Yield (Ton./Ha.),Yield (Ton./Ha.),Yield (Ton./Ha.),Yield (Ton./Ha.),Yield (Ton./Ha.),Yield (Ton./Ha.),Yield (Ton./Ha.),Yield (Ton./Ha.),Yield (Ton./Ha.),Yield (Ton./Ha.),Yield (Ton./Ha.),Yield (Ton./Ha.),Yield (Ton./Ha.)
1,Uttarakhand,Udam singh nagar,0.5,0.64,0.4,,,0.59,,,12.67,,,,,,,1,,,,,1,,
2,Sikkim,Geyzing,1.19,1.22,1.33,,1.35,1.36,1.23,0.07,1,0.8,8.04,0.86,0.89,0.89,0.89,0.9,0.91,0.91,0.91,0.91,0.92,0.92,1.05
3,Karnataka,Davangere,0.32,0.32,0.32,0.32,0.32,0.32,2,0.87,0.84,0.88,1.17,1.36,3.57,0.69,2.87,7.77,0.37,0.99,0.59,0.81,0.82,0.55,0.59
4,Bihar,Siwan,,,1,4.8,0.56,0.57,,0.5,,1,0.72,,0.75,0.76,0.76,0.76,0.76,1,0.76,0.76,0.76,0.76,0.76
5,Kerala,Idukki,,,,,,,,,,,,,,,,1.35,3.97,3.97,3.96,4,3.72,4,3.72
6,Mizoram,Mamit,,,,1.1,,1.27,0.39,0.37,0.82,0.69,0.82,1.46,1.39,1.51,1.3,1.48,1.46,1.22,1.37,1.31,1.34,4,1.93
7,Jammu and Kashmir,Kathua,,,0.28,0.5,0.5,0.55,0.56,3.81,,0.6,3.85,,,,,,,,3.8,3.8,,,
8,Jammu and Kashmir,Jammu,,,0.27,0.52,0.52,0.52,0.52,0.52,,3.84,3.84,3.84,3.84,,3.84,,1.36,0.21,2.7,3.8,3.8,,0.2
9,Jammu and Kashmir,Udhampur,,,0.78,0.53,0.53,0.53,0.53,0.53,,1.12,1.45,1.83,1.71,,3.84,3.48,0.77,0.63,2.8,0.76,2.21,,
10,Himachal Pradesh,Lahul and spiti,0.35,0.22,0.28,,,3.37,3.39,,,,,,,,,,,,,,1.5,1.5,1.5
11,Mizoram,Hnahthial,,,,,,,,,,,,,,,,,,,,,2.28,3.24,1.54
12,Mizoram,Aizawl,1.95,,1.45,0.83,,1.32,0.94,0.15,1.2,2.17,2.51,1.28,0.71,3.08,2.72,1.76,1.96,1.82,1.78,1.48,2.58,2.26,0.95
13,Karnataka,Kolar,0.26,0.26,0.26,0.25,0.25,0.26,1.34,0.79,1.01,0.85,1.32,2.26,2.99,0.74,1.42,2.18,0.28,2.03,0.62,1.04,1.18,0.49,0.82
14,Telangana,Karimnagar,0.33,0.28,0.18,0.16,0.35,0.26,0.27,1,0.5,0.34,2.93,1.05,,0.25,0.55,0.35,,,,,,,
15,Puducherry,Pondicherry,,,,,0.93,0.9,,,1,0.67,1,1,1.23,1,1.5,,1.5,2.8,1,0.8,0.67,1,0.81
16,Chhattisgarh,Baloda bazar,,,,,,,,,,,,0.32,0.4,2.75,0.39,0.39,0.13,0.19,0.5,0.53,0.44,0.55,0.39
17,Rajasthan,Udaipur,0.17,0.55,0.11,0.61,0.38,0.36,0.78,0.74,0.53,0.08,0.53,0.69,0.39,0.54,0.64,0.36,2.67,1.45,0.94,0.38,0.98,0.51,0.77
18,Karnataka,Bengaluru urban,0.17,0.17,0.32,0.17,0.17,0.17,1.94,2.4,0.93,0.8,1.17,1.35,0.91,1.31,1.89,0.71,0.37,0.99,0.62,0.82,0.82,0.55,0.59
19,Karnataka,Ramanagara,,,,,,,,1.01,1.01,0.85,0.73,1.44,0.84,1.04,1.41,2.4,0.94,1.06,0.68,1.05,0.92,0.75,1
20,Bihar,Katihar,,,,2.3,,0.5,,0.57,0.5,0.67,,,,,,,,,0.76,,0.67,0.92,0.88
21,Rajasthan,Dungarpur,0.05,0.18,0.15,0.78,0.23,0.19,0.17,0.7,0.3,0.04,0.56,0.34,0.39,0.3,2.3,0.25,,0.49,0.75,0.52,0.79,0.35,0.55
22,Mizoram,Lunglei,1.31,,0.94,1.37,,1.24,1.82,0.28,0.23,1.07,0.83,0.64,1.45,2.23,2,1.42,1.58,1.69,1.75,1.59,1.4,1.41,1.33
23,Mizoram,Champhai,0.86,,0.52,0.8,,1.11,0.96,0.26,1.12,1.07,1.25,1.2,1.2,1.27,1.42,2.22,1.39,1.11,1.32,1.56,1.72,1.75,0.96
24,Karnataka,Bangalore rural,0.18,0.17,0.17,0.18,0.18,0.17,1.66,1.05,0.88,0.78,1.32,1.16,0.64,0.65,1.47,2.14,0.45,0.75,0.62,0.82,0.82,0.55,0.59
25,Rajasthan,Baran,0.17,0.25,0.1,0.5,0.5,,1,0.33,,,0.5,,2.14,,,,,,0.5,,,,
26,Kerala,Kasaragod,,,,,,,,,,,,,,,,0.93,2.04,2.05,1.38,,,,
27,Maharashtra,Wardha,0.35,0.27,0.25,0.25,0.33,0.5,0.5,2,0.5,,0.4,0.3,,,,,,,,,,,0.56
28,Arunachal Pradesh,Kamle,,,,,,,,,,,,,,,,,,,1.96,1.96,1.88,1.88,1.08
29,Andhra Pradesh,Visakhapatanam,0.49,0.59,0.47,0.52,0.42,0.42,0.45,,0.49,0.96,0.96,0.7,1.28,1.14,1.82,,1.18,1.22,0.33,1.04,1,0.97,
30,Karnataka,Chamarajanagar,0.44,0.44,0.45,0.44,0.45,0.47,0.3,0.5,0.53,0.74,1.16,1.77,0.64,0.73,0.4,0.32,0.37,0.68,0.62,0.82,0.82,0.55,0.59
31,Karnataka,Chitradurga,0.32,0.32,0.32,0.32,0.32,0.32,1.54,1.76,1.46,0.88,1.62,1.02,1.55,1.01,0.9,1.03,0.29,1,0.61,0.82,1.04,0.81,0.71
32,Arunachal Pradesh,West siang,,,,,,,,,,,,,,,,,0.87,0.8,1.66,1.68,1.55,1.55,1.28
33,Sikkim,Mangan,0.93,0.92,1,,0.67,1,1.67,0.74,0.9,0.91,0.91,0.94,0.92,0.92,0.93,0.94,0.94,0.95,0.94,0.95,0.96,0.96,0.98
34,Arunachal Pradesh,Upper subansiri,,,,,,,,,,,,,,,,,1.18,1.48,1.62,1.63,1.64,1.64,1.23
35,Mizoram,Kolasib,1.51,,0.87,0.63,,1.31,1.59,0.36,1.14,1.04,1.15,1.15,1.33,1.29,1.3,1.34,1.35,0.86,1.4,1.12,1.2,1.21,1.6
36,Rajasthan,Dholpur,0.19,0.35,0.08,0.71,0.31,0.21,0.4,0.38,0.53,0.07,0.54,0.71,0.38,0.57,0.66,0.47,1.6,0.44,,,,,
37,Maharashtra,Jalna,0.32,0.23,0.17,0.2,0.13,0.25,0.23,0.32,0.21,0.24,0.25,0.5,0.2,0.2,0.2,0.33,0.33,0.25,0.19,0.06,1.54,0.3,0.55
38,Uttarakhand,Champawat,0.69,0.7,0.7,0.91,0.74,0.53,0.34,0.63,0.65,0.72,0.85,0.97,0.97,0.91,0.92,1.11,0.99,1.2,1.28,1.24,1.27,1.53,1.31
39,Arunachal Pradesh,Shi yomi,,,,,,,,,,,,,,,,,,,,1.52,1.39,1.39,1.06
40,Himachal Pradesh,Kinnaur,1.48,1.48,1.19,,,0.82,0.91,,,,,,,,,,,,,,1.5,1.5,1.51
41,Mizoram,Saiha,,,,0.56,,1.14,0.71,0.31,0.88,0.85,0.3,0.26,0.8,0.7,0.75,0.8,1.2,1.2,1.33,1.28,1.5,1.5,1.14
42,Himachal Pradesh,Solan,1.5,1,1,,,,,,,0.53,,,,,,,,,,,0.8,,
43,Uttarakhand,Nainital,0.54,0.59,0.57,0.59,0.66,0.66,0.65,0.75,0.75,0.87,0.87,0.66,0.64,0.73,0.83,0.71,0.83,0.89,0.92,0.98,1.4,1.5,1.32
44,Tamil Nadu,Namakkal,0.2,,0.2,0.2,0.2,1.45,,,,,,,,,,0.58,,0.66,0.78,0.6,0.52,0.52,0.53
45,Sikkim,Namchi,1.18,1.31,1.31,,1.32,1.39,1.44,0.82,1.13,1.12,1,1,0.99,1.01,1.01,1.02,1.03,1.03,1.02,1.03,1.04,1.04,1.09
46,Andhra Pradesh,Chittoor,0.22,0.28,0.28,0.3,0.23,0.24,0.24,0.5,0.49,0.29,0.28,0.32,0.27,0.29,0.31,,0.29,0.48,0.33,0.43,0.71,1.44,1.22
47,Arunachal Pradesh,Tawang,,,,,,,,,,,,,,,,,1.3,1.35,1.35,1.4,1.44,1.43,1.08
48,Maharashtra,Chandrapur,0.37,0.29,0.24,0.26,0.68,0.44,0.39,0.6,0.35,0.33,0.6,0.23,0.26,0.5,0.27,0.23,0.5,0.14,0.55,0.55,1.43,0.36,0.65
49,Arunachal Pradesh,Namsai,,,,,,,,,,,,,,,,,1.42,1.05,1.04,1.04,1.04,1.04,1.2
50,Nagaland,Dimapur,1.15,,0.74,1.22,0.95,1.41,,1.06,0.9,,,,,,,,,,,,,1.23,1.26
51,Andhra Pradesh,Anantapur,0.18,0.13,0.1,0.04,0.11,0.21,0.18,,0.5,0.3,,0.33,,0.29,0.08,,0.94,1.41,,,0.7,1.38,0.92
52,Nagaland,Zunheboto,0.83,,0.53,1.41,0.95,0.93,,0.85,0.82,,,,,,1.06,1.21,1.2,1.2,1.19,1.2,,1.22,1.21
53,Nagaland,Phek,0.87,,0.4,1.41,1.24,1.04,,0.92,0.93,,,,,,1.15,1.15,1.16,1.17,1.17,1.18,,1.16,1.15
54,Uttarakhand,Pithoragarh,0.57,0.55,0.56,0.52,0.55,0.58,0.69,0.79,0.8,0.95,1.02,0.96,1,0.91,0.87,0.92,0.9,1.4,1.07,1.16,1.13,1.17,1.16
55,Maharashtra,Satara,0.36,0.27,0.48,0.29,0.49,0.31,0.25,0.46,0.3,0.34,0.51,0.4,0.3,0.5,0.45,0.48,0.48,1.1,0.61,0.61,1.11,1.4,1.3
56,Manipur,Bishnupur,0.48,0.5,0.5,0.5,0.5,0.51,0.52,0.49,1.25,0.92,1.38,1.17,0.96,1.11,1.12,1.16,1.2,1.15,1.12,,,1.12,1
57,Manipur,Imphal east,0.5,0.52,,0.5,0.52,0.5,0.51,0.5,1.26,0.94,1.38,1.18,1.05,1.1,1.15,1.15,1.2,1.11,1.11,,,0.91,1.05
58,Andhra Pradesh,Kadapa,0.17,0.14,,,0.16,0.15,0.17,,0.5,0.3,0.37,0.35,0.38,0.29,,,0.3,0.51,0.3,0.5,0.43,1.38,1.29
59,Karnataka,Mysore,0.5,0.48,0.48,0.47,0.48,0.45,0.71,0.57,0.53,1.2,0.54,0.55,0.42,0.49,0.53,1.37,0.29,0.67,0.62,0.59,0.69,0.6,0.51
60,Karnataka,Bidar,0.1,0.1,0.1,0.1,0.1,0.1,1.04,0.94,0.96,0.49,0.9,1.07,0.61,0.84,0.85,1.37,0.37,0.99,0.61,0.81,0.8,0.55,0.57
61,Nagaland,Mon,1.1,,0.43,1.37,1.03,0.85,,1.11,0.89,,,,,,1.2,1.21,1.22,1.22,1.23,1.23,,1.24,1.24
62,Uttarakhand,Tehri garhwal,0.51,0.51,0.51,0.46,0.67,0.56,0.64,0.78,0.78,0.55,0.77,0.63,0.69,0.69,0.92,0.84,0.82,0.67,0.9,0.9,1.1,1.03,1.37
63,Karnataka,Shimoga,0.39,0.43,0.43,0.43,0.43,0.41,0.79,0.75,0.69,0.57,0.9,1.06,1,0.75,0.86,1.37,0.39,1,0.68,0.79,0.79,0.55,0.6
64,Karnataka,Haveri,0.27,0.27,0.27,0.27,,0.27,0.55,0.58,0.53,0.43,0.89,1.07,0.97,0.74,0.85,1.36,0.38,0.97,0.62,0.81,0.82,0.55,0.59
65,Arunachal Pradesh,Tirap,,,,,,,,,,,,,,,,,0.95,1.33,1.33,1.25,1.31,1.31,1.31
66,Karnataka,Gulbarga,0.15,0.15,0.15,0.13,0.15,0.15,0.55,0.44,0.38,0.26,0.19,0.52,0.73,0.56,0.5,1.32,0.32,0.92,0.58,0.74,0.81,0.55,0.59
67,Uttarakhand,Chamoli,0.61,0.61,0.6,0.63,0.68,0.59,0.72,0.79,0.8,0.81,0.96,0.92,0.67,0.93,1.29,1.03,1.19,1.19,1.26,1.06,1.16,1.31,1.22
68,Manipur,Imphal west,0.52,0.48,0.56,0.53,0.5,0.5,0.52,,1.29,0.9,1.31,1.2,0.97,1.08,1.1,1.16,1.19,1.12,1.01,,,0.92,1.19
69,Kerala,Palakkad,,,,,,,,,,,,,,,,0.94,1.31,1.31,0.93,0.8,,,1
70,Andhra Pradesh,Annamayya,,,,,,,,,,,,,,,,,,,,,,,1.31
71,Arunachal Pradesh,Leparada,,,,,,,,,,,,,,,,,,,,1.13,1.17,1.17,1.3
72,Uttarakhand,Almora,0.64,0.57,0.59,0.89,0.84,0.62,0.62,0.68,0.68,1,1,1.15,1.15,1.15,0.59,1.1,0.67,1.28,1.19,1,0.92,1.25,1.08
73,Manipur,Ukhrul,,,,0.52,0.56,0.5,0.42,0.51,1.17,0.67,1.18,1.23,1.08,1.12,1.19,1.19,1.18,1.28,1,,,1,1
74,Arunachal Pradesh,Lohit,,,,,,,,,,,,,,,,,1.09,1.2,1.2,1.21,1.21,1.2,1.28
75,Nagaland,Mokokchung,1.02,,0.5,1.28,1,0.97,,1.11,0.78,,,,,,1.17,1.22,1.2,1.23,1.23,1.23,,1.23,1.2
76,Uttarakhand,Dehradun,0.53,0.53,0.52,0.46,0.58,0.6,0.59,0.83,0.83,0.84,1.06,0.69,0.86,0.85,1.12,1.12,1.17,1.28,1.24,0.99,0.96,0.99,0.97
77,Jammu and Kashmir,Doda,,,0.82,0.46,0.46,,1.2,,,1.2,1.2,1.19,0.69,,1.14,1.2,1.28,1.2,1.2,1.21,1.25,,
78,Manipur,Thoubal,0.51,0.51,,0.5,0.5,1,0.5,0.49,1.13,0.95,1.16,1.04,1.05,1.05,1.12,1.11,1.1,1.02,1.02,,,1.02,1.27
79,Rajasthan,Churu,0.2,0.25,0.06,0.43,0.51,0.07,0.02,0.33,1.27,0.05,0.3,0.23,0.3,0.42,0.31,0.21,0.44,0.63,0.49,0.64,0.59,0.19,0.46
80,Nagaland,Tuensang,0.89,,0.29,1.19,0.58,0.59,,1.17,0.8,,,,,,1.27,1.26,1.26,1.26,1.26,1.27,,1.25,1.25
81,Mizoram,Lawngtlai,,,,,,0.76,0.86,0.43,0.41,0.48,0.46,0.45,0.45,0.44,0.86,0.85,0.88,0.47,0.92,1.26,1.24,1.22,1.07
82,Nagaland,Kiphire,,,,,,,,,0.86,,,,,,1.26,1.25,1.25,1.25,1.25,1.25,,1.09,1.18
83,Nagaland,Shamator,,,,,,,,,,,,,,,,,,,,,,,1.25
84,Jharkhand,Simdega,,,,,,,,,,,,,,,,,,1.2,1.2,1.2,1.25,1.25,1.2
85,Kerala,Thiruvananthapuram,,,,,,,,,,,,,,,,1.24,0.98,0.96,1.1,,,,
86,Andhra Pradesh,Alluri sitharama raju,,,,,,,,,,,,,,,,,,,,,,,1.24
87,Nagaland,Longleng,,,,,,,,,0.75,,,,,,1.17,1.2,1.21,1.21,1.23,1.23,,1.23,1.21
88,Nagaland,Kohima,1.2,,0.45,1.23,0.96,1,,0.85,1.09,,,,,,1.15,1.15,1.16,1.17,1.17,1.17,,1.05,1.17
89,Arunachal Pradesh,Papum pare,,,,,,,,,,,,,,,,,1.23,1.09,1.09,1.11,1.12,1.12,1.19
90,Nagaland,Wokha,0.82,,0.45,1.23,0.85,0.9,,1.05,0.97,,,,,,1.19,1.19,1.2,1.19,1.19,1.19,,1.13,1.16
91,Rajasthan,Rajsamand,0.05,0.79,0.05,0.68,0.25,0.26,0.63,0.36,0.53,0.09,0.52,0.7,0.39,0.45,0.92,0.25,1,0.89,0.93,0.95,0.95,0.79,1.22
92,Sikkim,Gangtok,0.84,0.98,1.05,,0.11,1.21,0.1,0.96,1.13,1.12,0.91,0.91,0.93,0.96,0.96,0.97,0.98,0.97,0.98,0.98,0.99,0.99,1.04
93,Manipur,Senapati,0.51,0.51,0.51,0.51,0.51,0.51,0.51,0.51,1.1,0.6,1.2,1.21,1.12,1.13,1.16,1.16,1.13,1.18,1.15,,,0.87,0.87
94,Andhra Pradesh,Tirupati,,,,,,,,,,,,,,,,,,,,,,,1.21
95,Arunachal Pradesh,Anjaw,,,,,,,,,,,,,,,,,0.87,1.17,1.17,1.21,1.21,1.21,1.21
96,Kerala,Malappuram,,,,,,,,,,,,,,,,1.21,,0.25,0.21,,,,
97,Jammu and Kashmir,Poonch,,,0.5,0.5,0.5,,0.5,,,0.53,,1.2,1.2,,,,,,,,,,0.2
98,Jammu and Kashmir,Kishtwar,,,,,,,,0.53,,0.87,1.2,1.2,1.2,,,1.2,1.2,1.2,1.2,1.2,1.2,,
99,Karnataka,Yadgir,,,,,,,,,,,0.25,1.1,0.84,0.8,0.35,0.29,0.35,1,0.87,1.2,0.8,0.6,0.6
100,Jharkhand,Jamtara,,,,,,,,,,,,,,,,,,,0.61,0.54,,0.45,1.2
101,Karnataka,Chikballapur,,,,,,,,0.6,0.81,0.77,1.19,0.68,1.15,0.68,0.57,0.89,0.37,1.09,0.58,0.99,0.83,0.53,0.68
102,Maharashtra,Nagpur,0.36,0.26,0.24,0.3,0.41,0.34,0.36,0.46,0.4,0.32,0.42,0.46,0.38,0.27,0.2,0.17,0.5,0.33,0.45,0.37,1.18,0.36,0.56
103,Karnataka,Chikmagalur,0.23,0.23,0.23,0.23,0.23,0.23,0.93,0.98,0.98,0.75,1.16,0.61,0.73,0.78,0.46,0.52,0.53,0.78,0.69,1.18,0.82,0.55,0.59
104,Nagaland,Nuiland,,,,,,,,,,,,,,,,,,,,,,,1.17
105,Mizoram,Saitual,,,,,,,,,,,,,,,,,,,,,1.16,1.17,1.17
106,Nagaland,Chumoukedima,,,,,,,,,,,,,,,,,,,,,,,1.17
107,Manipur,Churachandpur,0.5,0.5,0.5,,,0.55,,1,1.11,0.6,1,1.1,0.97,1.17,1.15,1.15,1.13,1.13,0.8,,,0.95,0.87
108,Karnataka,Tumkur,0.32,0.32,0.32,0.32,0.32,0.32,0.59,1.17,1.11,0.92,0.89,0.89,0.57,0.59,0.53,0.56,0.1,0.45,0.62,0.82,0.82,0.55,0.59
109,Nagaland,Peren,,,,,,,,,0.87,,,,,,1.12,1.15,1.17,1.14,1.14,1.14,,1.06,1.08
110,Nagaland,Noklak,,,,,,,,,,,,,,,,,,,,,,1.15,1.16
111,Manipur,Tamenglong,1,0.6,,0.5,,,1,1,1.04,0.5,1.15,1.12,1.09,1.12,1.16,1.05,1.1,1.08,1.02,,,0.96,0.96
112,Gujarat,Rajkot,0.22,0.42,1,0.33,0.29,0.44,0.64,0.6,0.6,0.7,0.53,0.4,0.29,0.46,0.38,0.37,1.15,0.73,0.87,0.58,,,
113,Mizoram,Khawzawl,,,,,,,,,,,,,,,,,,,,,1.14,0.2,0.77
114,Uttarakhand,Uttar kashi,0.7,0.67,0.69,0.57,0.7,0.6,0.77,0.84,0.84,0.87,1.08,0.73,0.7,0.69,0.92,0.96,0.98,0.99,1.05,1.14,1.05,1.06,1.14
115,Kerala,Kollam,,,,,,,,,,,,,,,,1.14,0.45,0.46,0.57,,,,
116,Himachal Pradesh,Chamba,0.21,0.33,0.22,,,0.22,1.13,,0.33,0.44,0.33,0.33,0.86,0.89,0.81,0.93,0.33,0.94,0.82,0.92,0.79,0.79,0.79
117,Nagaland,Tseminyu,,,,,,,,,,,,,,,,,,,,,,,1.13
118,Uttarakhand,Rudra prayag,0.57,0.52,0.53,0.63,0.74,0.55,0.65,0.71,0.71,0.91,0.79,0.68,0.74,0.95,0.97,0.99,0.77,0.66,0.76,1.07,1.13,0.95,1.06
119,Manipur,Chandel,0.57,,,0.5,0.5,,,1,0.86,0.5,0.84,0.83,1,1.06,1.05,1.06,1.02,0.99,1.12,,,0.9,0.9
120,Uttarakhand,Bageshwar,0.69,0.54,0.63,0.79,0.85,0.54,0.65,0.76,0.75,0.98,0.75,0.8,0.8,0.74,1.1,1.03,0.9,0.7,1,0.9,1.1,0.97,0.94
121,Dadra and Nagar Haveli,Dadra and Nagar Haveli,0.74,0.97,0.97,0.88,0.85,1.09,,,,,,,,,,0.81,,0.85,,,,,
122,Karnataka,Dharwad,0.27,0.27,0.28,0.27,0.28,0.28,0.24,0.3,0.71,0.44,0.88,1.08,0.74,0.72,0.7,0.91,0.36,0.59,0.86,0.84,0.81,0.56,0.61
123,Karnataka,Hassan,0.28,0.27,0.27,0.28,0.29,0.28,0.59,0.43,0.37,0.5,0.69,0.64,0.47,0.96,0.94,0.62,0.17,1.08,0.62,0.55,0.52,0.16,0.51
124,Madhya Pradesh,Shahdol,0.32,0.37,0.31,0.28,,,0.35,,,,,1.06,0.58,0.6,,,,,,,,,
125,Arunachal Pradesh,Siang,,,,,,,,,,,,,,,,,0.85,0.95,0.95,0.94,0.98,0.97,1.05
126,West Bengal,Medinipur west,,1,1.05,1.05,0.93,0.93,0.85,0.85,0.88,,0.85,0.41,0.41,0.78,0.79,0.79,0.78,,,,,,
127,Jharkhand,Khunti,,,,,,,,,,,,,,,,,,,0.41,,,0.8,1.05
128,Himachal Pradesh,Sirmaur,0.34,0.47,0.21,,,0.33,0.36,0.4,0.4,0.45,0.37,0.38,0.97,0.75,0.77,0.72,0.36,0.85,1.05,1.05,0.87,0.83,0.8
129,Arunachal Pradesh,East siang,,,,,,,,,,,,,,,,,0.76,0.74,0.39,0.4,0.43,0.45,1.04
130,Jammu and Kashmir,Reasi,,,,,,,,0.52,,0.53,0.53,0.53,0.51,,,,,0.5,1.03,,,,
131,Karnataka,Mandya,0.37,0.34,0.38,0.38,0.41,0.37,0.48,0.91,0.68,0.37,0.5,0.77,0.58,0.6,0.67,0.6,0.38,0.38,0.62,1.03,0.49,0.51,0.61
132,Arunachal Pradesh,Lower subansiri,,,,,,,,,,,,,,,,,0.86,0.79,1,1.01,1.02,1.02,1.02
133,Gujarat,Mahisagar,,,,,,,,,,,,,,,0.51,0.53,1,1.01,0.93,0.62,1.02,,0.9
134,Tripura,Gomati,,,,,,,,,,,,,0.61,0.63,0.6,1,1,0.93,1.01,0.99,,,
135,Tripura,Dhalai,,,0.62,,0.71,0.72,0.77,0.68,0.7,0.73,0.74,0.58,0.68,0.77,0.63,1,,1,,1.01,,,
136,Tripura,South tripura,,,0.6,,0.58,0.54,0.56,0.57,0.57,0.64,0.68,0.63,0.58,0.56,0.51,,1,,,1.01,,,
137,Himachal Pradesh,Una,1,,0.42,,,,,,,,,,,,,,,,,,0.67,,
138,Bihar,Madhepura,,0.55,,,,,,,,,,,,1,0.83,1,1,1,1,1,1,1,1
139,Bihar,Bhojpur,0.45,0.54,,0.58,,0.48,,0.59,0.57,0.8,0.75,0.9,1,1,1,1,1,0.94,1,1,,,
140,Andhra Pradesh,Anakapalli,,,,,,,,,,,,,,,,,,,,,,,1
141,Bihar,Buxar,0.5,0.5,,,0.55,0.43,,,,,0.67,,,,1,,,1,1,1,,1,1
142,Bihar,Munger,0.5,,,,,,,0.62,,,0.67,0.75,0.75,,0.77,1,1,1,1,1,,,
143,Bihar,Purbi champaran,,,0.6,,0.5,0.51,,1,1,0.87,0.83,,,,,,,,,,,,
144,Tamil Nadu,Cuddalore,0.23,,0.23,0.24,0.23,0.72,,,,,,,,,,0.59,,,,,0.58,1,0.5
145,Bihar,Banka,0.51,0.58,0.55,0.54,0.54,0.55,,0.69,0.58,0.73,0.68,0.82,1,1,0.88,0.87,0.84,0.93,0.79,0.79,0.76,0.76,0.76
146,Karnataka,Kodagu,0.35,0.35,0.35,0.35,0.32,0.35,0.62,0.63,0.55,,,,,,,,,,0.72,0.67,0.17,0.6,1
147,Tamil Nadu,The nilgiris,,,,1,,,,,,,,,,,,,,,,,,,
148,Tamil Nadu,Kallakurichi,,,,,,,,,,,,,,,,,,,,,1,,
149,Bihar,Sitamarhi,0.68,0.57,,,,,,0.69,0.58,,,0.76,1,,,,,,,,,,
150,Gujarat,Jamnagar,,0.5,,,,0.5,1,0.5,0.5,1,0.33,0.4,0.33,0.39,0.41,0.41,,,,,1,,
151,Maharashtra,Washim,0.36,0.26,0.25,0.5,,0.33,0.5,0.5,,,1,1,1,0.63,0.5,,0.4,0.4,0.4,0.45,0.69,0.42,0.56
152,Tripura,Unakoti,,,,,,,,,,,,,0.62,0.68,0.62,,0.83,1,0.93,0.97,,,
153,Uttarakhand,Haridwar,,,,,0.25,,,,0.8,0.75,,,,1,,,1,,,,,1,
154,Gujarat,Amreli,0.17,0.25,1,0.5,1,,,0.67,0.55,0.6,0.5,,0.33,0.45,0.38,,,,,0.62,,,1
155,Maharashtra,Ratnagiri,0.4,0.2,0.38,0.56,0.56,0.44,0.5,0.5,0.38,0.5,0.5,0.57,0.6,0.5,0.67,0.5,1,,0.58,0.5,0.52,0.52,0.56
156,Bihar,Jehanabad,,1,,0.6,0.43,,,,,1,1,,0.75,0.75,,,,,,,,,
157,Rajasthan,Hanumangarh,0.5,0.33,,0.5,,,,0.25,1,,,0.5,0.4,,0.6,0.33,0.75,0.33,0.67,0.67,,0.33,0.4
158,Andhra Pradesh,Prakasam,0.5,0.55,,,,0.4,,,,,,,,,,,,,,,1,,
159,Tamil Nadu,Thiruvallur,0.25,,0.25,0.25,0.25,0.4,,,,,,,,,,0.6,,0.67,,1,1,,
160,Rajasthan,Barmer,0.5,,,1,0.33,,,,1,,1,,,1,,1,,,1,1,0.5,,
161,Gujarat,Kheda,0.53,0.44,0.67,,1,,1,0.5,0.63,0.67,0.5,0.5,,,0.5,0.5,0.44,0.44,0.46,,,,
162,Bihar,Aurangabad,0.56,0.5,0.55,0.22,0.55,0.58,,0.61,0.56,0.75,,0.75,1,1,0.8,0.75,0.77,0.75,,,,0.8,1
163,Rajasthan,Sawai madhopur,0.23,0.33,0.14,0.57,0.29,0.25,0.5,0.4,0.5,,0.5,0.75,0.33,,0.6,0.33,,0.33,1,,1,,
164,Maharashtra,Bhandara,1,,0.25,,,,1,,,,,0.3,,,,,0.5,0.33,0.84,0.5,,,
165,Rajasthan,Ganganagar,0.25,0.35,0.1,0.33,,,0.5,,0.53,0.14,0.67,0.75,,0.67,0.67,0.5,0.79,0.4,,,1,,
166,Bihar,Madhubani,0.53,0.67,0.56,0.52,0.5,0.4,,0.69,0.5,0.71,0.68,0.74,,1,1,1,0.67,0.67,0.67,,0.83,,0.71
167,Bihar,Nalanda,,,,0.55,0.56,0.58,,0.69,0.57,0.67,,0.95,1,,1,0.83,,,,,,,
168,Rajasthan,Kota,0.2,0.4,0.1,0.57,,,1,0.5,1,,0.6,0.6,0.33,,,,,,,1,,,
169,Rajasthan,Bikaner,0.22,0.33,,0.5,0.5,0.21,0.4,,0.5,,0.5,1,,,1,0.5,0.8,0.41,1,1,0.5,0.25,0.67
170,Goa,South goa,,,,,,,,,0.35,0.54,0.67,0.7,0.5,0.63,1,0.72,0.76,0.58,0.53,,,,
171,Jharkhand,Bokaro,,,,,,,,,,,,,,,,,,0.53,0.53,1,1,1,1
172,Tamil Nadu,Ariyalur,,,,,,,,,,,,,,,,1,,,,0.5,,,0.5
173,Rajasthan,Karauli,0.21,0.29,,0.57,0.29,0.33,1,0.5,,,,,,1,,,1,,,1,,,
174,Gujarat,Anand,,,,,,,,,0.67,1,0.25,,,,,,,,,0.61,0.5,,
175,Gujarat,Panch mahals,0.33,0.5,0.4,0.5,0.45,0.47,0.67,0.64,0.67,0.69,0.5,0.53,,0.52,,,,1,1,0.57,,0.7,
176,Tamil Nadu,Kanchipuram,0.25,,0.25,0.25,0.25,0.33,,,,,,,,,,0.56,,0.5,1,0.6,,,
177,Andhra Pradesh,Eluru,,,,,,,,,,,,,,,,,,,,,,,1
178,Tripura,Sepahijala,,,,,,,,,,,,,0.61,0.66,0.62,1,1,1,0.88,0.97,,1,
179,Gujarat,Junagadh,1,,,,,,,,0.5,,,,,,,,,,,,,,
180,Bihar,Arwal,,,,0.56,0.5,0.5,,,0.5,0.5,,0.75,,,0.76,1,,,,,,,
181,Rajasthan,Bundi,0.2,0.36,0.07,0.54,0.31,,1,0.4,,,0.5,0.67,0.38,0.55,1,0.5,,,1,,0.5,,0.5
182,Maharashtra,Palghar,,,,,,0.25,,,,,,,,,1,1,0.5,0.67,0.6,0.54,0.54,0.54,0.54
183,Karnataka,Udupi,,,,,0.4,,,,,,,,,,,,,,1,0.8,1,,
184,Maharashtra,Thane,0.33,0.25,0.25,0.43,0.46,0.23,0.44,0.44,0.42,0.38,0.44,0.87,1,0.75,1,1,,,0.56,0.5,0.51,0.58,0.75
185,Rajasthan,Banswara,0.15,0.36,0.14,0.44,0.26,0.26,0.29,0.47,0.53,0.09,0.52,0.69,0.38,0.54,0.64,0.47,0.74,0.39,0.56,0.75,0.67,0.38,1
186,Tamil Nadu,Thanjavur,0.29,,0.33,0.33,0.5,0.5,,,,,,,,,,,,1,,,,,
187,Bihar,Begusarai,0.53,0.52,0.5,0.55,0.55,0.57,,0.65,0.58,0.74,0.68,0.78,0.77,0.79,0.79,1,0.82,,,0.75,0.75,0.75,
188,Madhya Pradesh,Dhar,0.18,0.25,0.28,0.35,,,0.33,,,,,0.24,0.36,0.39,,,1,,,,,,
189,Gujarat,Bhavnagar,0.25,0.5,0.25,0.4,1,,,0.5,,1,0.55,,,,,,,0.61,0.45,0.61,0.55,0.51,0.67
190,Rajasthan,Jodhpur,0.2,0.34,0.1,0.55,0.31,0.19,0.4,0.36,0.53,0.11,0.53,0.68,0.33,0.56,0.64,0.46,0.72,,0.6,0.65,1,0.33,0.5
191,Maharashtra,Sindhudurg,0.4,0.29,0.3,0.29,0.38,0.33,0.42,0.45,0.38,0.4,0.45,1,0.5,0.5,0.67,0.6,0.67,0.5,0.5,0.45,0.45,0.45,0.66
192,Bihar,Nawada,,,0.55,0.57,,,,0.7,1,0.71,0.68,,1,0.9,1,0.96,0.78,0.76,0.76,0.77,0.79,0.78,0.78
193,Gujarat,Vadodara,0.5,0.6,0.56,1,0.67,0.5,0.6,0.75,0.5,1,0.5,0.45,0.5,0.47,0.46,0.45,0.47,0.46,0.47,0.65,,0.56,
194,Bihar,Sheikhpura,,,,,,,,,,,,,,,,,,1,1,,,,
195,Chhattisgarh,Balod,,,,,,,,,,,,0,0.32,,0.36,0.5,,,,,1,,
196,Bihar,Saran,,,,,,0.57,,,,0.71,,0.74,,,,,1,0.78,,,0.78,0.78,0.8
197,Himachal Pradesh,Mandi,0.17,0.2,0.26,,,0.71,0.55,0.38,0.39,0.57,0.37,0.38,0.99,0.97,0.91,1,0.38,1,1,1,0.69,0.68,0.68
198,Bihar,Rohtas,0.52,0.5,,0.54,1,0.5,,,,,0.69,,0.88,0.74,0.76,0.98,0.96,0.96,0.95,,,,
199,Tamil Nadu,Thenkasi,,,,,,,,,,,,,,,,,,,,0.5,1,1,0.57
200,Maharashtra,Akola,0.39,0.29,0.11,0.4,0.25,0.22,0.25,0.44,0.33,0.33,1,1,0.6,0.67,,,,,,,,,
201,Kerala,Wayanad,,,,,,,,,,,,,,,,1,0.78,0.78,0.64,,,,
202,Madhya Pradesh,Chhindwara,0.11,0.2,0.22,0.35,,,0.36,,,,0.22,0.32,0.41,0.44,,,1,,,,,,
203,Gujarat,Dohad,,,,0.67,0.33,0.33,0.4,0.5,0.5,1,0.5,0.33,0.33,0.4,0.37,0.37,0.38,,0.38,,,,
204,Rajasthan,Jaisalmer,,,,1,,,,,,0.13,0.5,0.5,,,,,0.17,,,,,,
205,Tripura,North tripura,,,0.61,,0.67,0.64,0.65,0.66,0.65,0.71,0.72,0.65,0.67,0.71,0.65,1,,0.94,0.9,0.98,,,
206,Rajasthan,Dausa,0.18,0.5,,0.55,0.31,0.21,0.41,0.36,0.52,0.1,0.53,0.71,0.38,0.56,0.67,0.47,0.72,0.4,0.5,0.67,1,,0.5
207,Tamil Nadu,Ramanathapuram,0.19,,0.18,0.18,0.18,0.18,,,,,,,,,,0.58,,,,,,1,
208,Kerala,Kozhikode,,,,,,,,,,,,,,,,1,0.5,0.53,1,,,,
209,Bihar,Jamui,0.52,,,0.53,0.51,,,,,0.85,0.86,0.77,0.76,0.75,1,0.74,0.75,,,,,,
210,Tripura,Khowai,,,,,,,,,,,,,0.78,0.91,0.61,,1,,0.87,0.94,,,
211,Maharashtra,Hingoli,1,,0.14,0.38,,0.33,0.5,1,0.5,0.33,0.33,0.5,0.14,0.29,,0.08,0.5,,0.31,0.08,0.51,0.08,0.27
212,Tamil Nadu,Chengalpattu,,,,,,,,,,,,,,,,,,,,0.6,,,1
213,Himachal Pradesh,Hamirpur,,0.5,,,,,1,,,,,,,,,,,,,0.82,,,
214,Andhra Pradesh,Nandyal,,,,,,,,,,,,,,,,,,,,,,,1
215,Madhya Pradesh,Sidhi,0.39,0.38,0.4,0.45,,,0.31,,,,,0.24,0.19,0.26,,,,1,,,,,
216,Himachal Pradesh,Kullu,0.2,0.26,0.15,,,0.4,0.42,,0.36,0.51,0.33,0.33,0.98,0.93,0.82,1,0.33,0.99,0.88,0.87,0.86,0.86,0.86
217,Uttarakhand,Pauri garhwal,0.57,0.53,0.55,0.77,0.81,0.58,0.63,0.73,0.71,0.94,0.68,0.68,0.96,0.95,0.98,0.82,0.73,0.7,0.72,0.78,0.78,0.8,0.93
218,Rajasthan,Bhilwara,0.01,0.98,,0.33,0.32,0.04,0.37,0.91,0.15,0.01,0.67,0.71,0.61,0.46,0.86,0.22,0.73,0.72,0.64,0.67,0.76,0.59,0.47
219,Mizoram,Serchhip,,,,,,0.87,0.92,0.83,0.74,0.85,0.85,0.85,0.85,0.84,0.86,0.86,0.87,0.87,0.9,0.96,0.96,0.95,0.98
220,Maharashtra,Latur,0.33,0.24,0.14,0.19,0.2,0.24,0.2,0.28,0.29,0.29,0.14,0.17,0.09,0.33,0.14,0.08,0.4,0.33,0.31,0.18,0.98,0.27,0.47
221,Goa,North goa,,,,,,,,,0.47,0.88,0.84,0.7,0.84,0.83,0.89,0.75,0.84,0.97,0.85,,,,
222,Rajasthan,Jalore,0.01,0.52,0.04,0.63,0.11,0.7,0.49,0.41,0.33,0.09,0.57,0.7,0.74,0.57,0.97,0.27,0.38,0.32,0.44,0.53,0.5,,0.04
223,Rajasthan,Sirohi,0.06,0.66,0.08,0.97,0.21,0.68,0.78,0.76,0.61,0.05,0.73,0.74,0.61,0.3,0.81,0.3,0.42,0.27,0.41,0.42,0.4,0.17,0.32
224,Arunachal Pradesh,Pakke kessang,,,,,,,,,,,,,,,,,,,,0.84,0.86,0.86,0.96
225,Andhra Pradesh,East godavari,0.44,0.6,,0.5,,,,,,,,,,,,,,,,,,0.96,
226,Bihar,Kishanganj,0.56,0.58,,,0.5,0.5,,0.58,0.58,,,,0.96,0.95,0.96,0.96,0.95,0.95,,0.96,0.95,0.96,0.93
227,Bihar,Supaul,,,,,0.55,0.62,,,,0.87,0.83,0.94,0.95,0.95,0.9,0.96,0.93,0.76,0.77,0.76,0.76,0.75,0.76
228,Himachal Pradesh,Shimla,0.21,0.3,0.17,,,0.35,0.33,0.33,0.3,0.52,0.25,0.25,0.9,0.9,0.9,0.82,0.25,0.89,0.84,0.85,0.96,0.95,0.95
229,Bihar,Purnia,0.52,0.58,0.55,,,0.5,,0.69,0.58,,,,,,,,,,0.96,,,,
230,Arunachal Pradesh,Lower dibang valley,,,,,,,,,,,,,,,,,0.86,0.89,0.89,0.9,0.9,0.91,0.95
231,Himachal Pradesh,Kangra,0.21,0.33,0.16,,,0.41,0.51,,0.37,0.59,0.45,0.45,0.95,0.94,0.85,0.9,0.45,0.9,0.94,0.94,,,
232,Bihar,Samastipur,0.73,0.67,,,,,,,0.58,0.83,0.67,,,0.75,0.76,0.77,0.75,0.95,0.94,0.94,0.75,0.76,0.76
233,Himachal Pradesh,Bilaspur,0.18,0.24,0.31,,,0.53,0.41,,,,,,,,,,,,0.95,0.95,,,
234,West Bengal,Purulia,0.32,0.42,0.33,0.39,0.36,0.36,0.28,,,,,,,0.47,0.49,0.49,0.49,0.95,,,,,
235,Kerala,Alappuzha,,,,,,,,,,,,,,,,0.95,0.75,0.77,,,,,
236,Jharkhand,Dumka,,,,,,,,,,,,,,,,,,0.72,0.72,0.94,0.7,0.7,
237,Sikkim,Pakyong,,,,,,,,,,,,,,,,,,,,,,,0.94
238,Kerala,Thrissur,,,,,,,,,,,,,,,,0.94,,,,,,,
239,Kerala,Ernakulam,,,,,,,,,,,,,,,,0.94,0.41,0.42,0.29,,0.52,,
240,Kerala,Kannur,,,,,,,,,,,,,,,,0.94,0.63,0.63,0.68,,,,
241,Kerala,Kottayam,,,,,,,,,,,,,,,,0.93,,0.77,,,,,
242,Karnataka,Belgaum,0.32,0.31,0.3,0.3,0.28,0.32,0.36,0.5,0.55,0.21,0.4,0.6,0.5,0.56,0.56,0.93,0.46,0.79,0.55,0.6,0.82,0.56,0.59
243,Telangana,Medak,0.18,0.16,0.04,0.21,0.17,0.34,0.55,,0.52,,,0.33,,0.6,0.92,0.44,,,,,,,
244,Rajasthan,Jhunjhunu,0.2,0.34,0.24,0.51,0.34,0.24,0.34,0.3,0.59,0.16,0.36,0.63,0.62,0.59,0.92,0.55,0.79,0.32,0.63,0.62,0.59,0.32,0.61
245,Tamil Nadu,Ranipet,,,,,,,,,,,,,,,,,,,,0.92,0.59,0.59,0.63
246,Arunachal Pradesh,Upper siang,,,,,,,,,,,,,,,,,0.81,0.82,0.84,0.85,0.86,0.86,0.92
247,Tripura,West tripura,,,0.63,,0.71,0.76,0.73,0.73,0.68,0.8,0.77,0.66,0.7,0.69,0.63,,,,,0.92,,,
248,Tamil Nadu,Madurai,0.17,,0.17,0.17,0.17,0.17,,,,,,,,,,0.59,,0.66,0.73,0.92,0.58,0.59,0.62
249,Tamil Nadu,Dharmapuri,0.21,,0.21,0.21,0.21,0.5,,,,,,,,,,0.59,,0.66,0.55,0.92,0.58,0.58,0.62
250,Tamil Nadu,Virudhunagar,0.19,,0.18,0.18,0.18,0.2,,,,,,,,,,0.58,,0.66,0.52,0.92,0.6,0.59,0.63
251,Maharashtra,Gadchiroli,0.37,0.22,0.25,0.31,0.33,0.25,0.2,0.33,0.32,0.33,0.57,0.54,0.35,0.24,0.29,,0.5,0.18,0.3,0.29,0.92,0.27,0.44
252,Tamil Nadu,Sivaganga,0.19,,0.18,0.18,0.18,0.3,,,,,,,,,,0.58,,0.67,0.5,0.92,0.57,0.58,
253,West Bengal,Dinajpur uttar,,,,,,,,,0.91,0.38,0.37,0.38,0.39,,0.51,0.51,0.58,0.56,0.7,,,,
254,Bihar,Khagaria,0.52,0.57,,0.56,0.5,0.5,,0.75,0.5,0.84,0.81,0.91,0.77,0.84,0.85,0.77,0.74,0.76,0.76,0.77,0.75,0.74,0.74
255,Tamil Nadu,Tirupathur,,,,,,,,,,,,,,,,,,,,0.91,0.58,0.58,0.62
256,Karnataka,Uttar kannad,0.35,0.25,0.35,0.35,0.35,,,,,,0.33,,,,,,,,0.9,0.75,0.67,0.5,0.67
257,Jharkhand,Hazaribagh,,,,,,,,,,,,,,,,,,0.68,0.68,0.68,0.68,0.9,0.88
258,Tamil Nadu,Krishnagiri,,,,,0.21,0.22,,,,,,,,,,0.58,,0.66,0.8,0.9,0.58,0.58,0.62
259,Jammu and Kashmir,Rajauri,,,0.53,0.52,0.52,0.53,0.53,,,0.73,,0.89,0.5,,,0.2,0.79,0.85,0.45,0.55,,,
260,Gujarat,Mahesana,0.26,0.44,0.55,0.38,0.55,0.46,0.58,0.59,0.6,0.76,0.5,0.43,0.46,0.47,0.45,0.46,0.75,0.89,0.73,0.63,0.55,0.66,0.51
261,Tamil Nadu,Theni,0.17,,0.17,0.17,0.17,0.16,,,,,,,,,,0.59,,0.66,0.73,0.88,0.59,0.59,0.62
262,Tamil Nadu,Vellore,0.19,,0.19,0.19,0.19,0.5,,,,,,,,,,0.58,,0.66,0.53,0.88,0.58,0.59,0.62
263,Karnataka,Bijapur,0.34,0.35,0.35,0.35,0.34,0.35,0.37,0.34,0.88,0.32,0.3,0.2,0.21,0.26,0.17,0.22,0.13,0.22,0.43,0.3,0.82,0.56,0.59
264,Bihar,Gopalganj,0.53,0.55,0.55,0.06,0.88,0.51,,,,,,0.75,,0.74,0.71,,0.75,,,0.75,0.76,0.78,0.76
265,Gujarat,Chhotaudepur,,,,,,,,,,,,,,,0.47,,,0.88,0.88,0.6,,,
266,Gujarat,Navsari,,,,0.56,0.57,0.5,0.6,0.5,0.67,0.75,0.67,0.5,0.5,0.54,0.51,0.51,0.61,0.88,0.61,,,,
267,Kerala,Pathanamthitta,,,,,,,,,,,,,,,,0.88,0.33,0.33,,,,,
268,Arunachal Pradesh,East kameng,,,,,,,,,,,,,,,,,0.78,0.84,0.84,0.84,0.85,0.85,0.88
269,Arunachal Pradesh,West kameng,,,,,,,,,,,,,,,,,0.74,0.81,0.81,0.82,0.85,0.85,0.87
270,Gujarat,Ahmadabad,0.25,0.5,0.76,0.61,0.63,0.66,0.62,0.64,0.66,0.8,0.5,0.49,0.36,0.46,0.45,0.43,0.87,0.87,,0.6,,,0.65
271,Karnataka,Bagalkot,0.34,0.34,0.18,0.34,0.33,0.34,0.44,0.49,0.87,0.36,0.32,0.28,0.37,0.32,0.44,0.4,0.35,0.15,0.46,0.52,0.82,0.55,0.59
272,Chhattisgarh,Korba,0.46,0.47,0.47,0.43,0.39,0.37,0.86,0.38,0.45,0.24,0.43,0.47,0.49,0.47,0.47,0.47,0.47,0.47,0.43,0.65,0.51,0.49,0.43
273,Tamil Nadu,Dindigul,0.21,,0.21,0.21,0.21,0.24,,,,,,,,,,0.59,,0.66,0.73,0.86,0.58,0.58,0.61
274,Rajasthan,Ajmer,0.06,0.34,0.03,0.48,0.14,0.1,0.27,0.21,0.46,,0.57,0.3,0.2,0.59,0.39,0.34,0.72,0.61,0.58,0.86,0.68,0.34,0.5
275,Jharkhand,Latehar,,,,,,,,,,,,,,,,,,0.85,0.29,0.29,0.86,0.29,0.29
276,Jharkhand,Garhwa,,,,,,,,,,,,,,,,,,0.85,0.2,0.2,0.53,0.51,
277,Bihar,Bhagalpur,0.55,0.57,0.56,0.57,0.49,0.52,,0.63,0.58,0.79,0.72,0.8,0.78,0.78,0.78,0.78,0.79,0.81,0.8,0.78,0.85,0.84,0.84
278,Bihar,Gaya,0.51,0.67,0.55,0.51,0.4,0.56,,0.59,0.58,0.73,0.68,0.75,0.85,0.77,0.78,0.79,0.78,0.77,0.77,,,,
279,Karnataka,Raichur,0.12,0.12,0.12,0.12,0.12,0.12,0.58,0.52,0.59,0.41,0.43,0.5,0.26,,,,,,0.8,0.74,0.83,0.6,0.5
280,Tamil Nadu,Pudukkottai,0.15,,0.15,0.15,0.15,0.21,,,,,,,,,,0.58,,0.67,0.57,0.83,0.6,0.57,0.67
281,Gujarat,Bharuch,0.5,0.33,0.5,0.6,0.33,0.5,0.75,0.83,0.8,0.78,0.56,0.56,0.55,0.54,0.55,0.54,0.54,0.54,0.54,,,0.58,
282,Bihar,Darbhanga,,,0.53,,,,,,,0.83,,,,,,,,,,,,,
283,Arunachal Pradesh,Changlang,,,,,,,,,,,,,,,,,0.76,0.76,0.76,0.75,0.76,0.76,0.83
284,Arunachal Pradesh,Lower siang,,,,,,,,,,,,,,,,,,,0.36,0.35,0.37,0.37,0.83
285,Tamil Nadu,Salem,0.2,,0.2,0.2,0.2,0.5,,,,,,,,,,0.58,,0.66,0.78,0.83,0.57,0.57,0.6
286,Karnataka,Koppal,0.12,0.12,0.12,0.12,0.12,0.12,0.23,0.38,0.82,0.51,0.35,0.31,0.45,0.41,0.25,0.72,0.33,0.55,0.36,0.48,0.82,0.55,0.6
287,Karnataka,Bellary,0.24,0.25,0.26,0.26,0.26,0.26,0.46,0.48,0.68,0.44,0.37,0.33,0.25,0.39,0.47,0.46,0.28,0.65,0.63,0.79,0.82,0.55,0.6
288,Bihar,Pashchim champaran,,,,,,,,,,0.71,0.68,0.75,0.76,0.75,0.76,0.76,0.76,0.76,0.76,0.77,0.77,0.79,0.82
289,Karnataka,Gadag,0.28,0.28,0.28,0.28,0.28,0.28,0.53,0.53,0.67,0.46,0.44,0.24,0.41,0.34,0.28,0.28,0.44,0.46,0.57,0.8,0.82,0.55,0.59
290,Uttar Pradesh,Rampur,,,,,,,0.82,,,,,,,,,,,,,,,,
291,Uttar Pradesh,Bijnor,,,,,,,0.82,,,,,,,,,,,,,,,,
292,Uttar Pradesh,Amroha,,,,,,,0.82,,,,,,,,,,,,,,,,
293,Andhra Pradesh,Sri sathya sai,,,,,,,,,,,,,,,,,,,,,,,0.81
294,Maharashtra,Kolhapur,0.37,0.27,0.33,0.3,0.55,0.36,0.35,0.46,0.36,0.3,0.3,0.33,0.19,0.35,0.36,0.3,0.4,0.44,0.68,0.68,0.81,0.53,0.53
295,Uttar Pradesh,Moradabad,,,,,,,0.81,,,,,,,,,,,,,,,,
296,Bihar,Vaishali,0.51,0.52,0.5,0.53,,0.49,,0.58,0.55,,,,,,0.81,0.8,,,,,,,
297,Tamil Nadu,Coimbatore,0.21,,0.21,0.21,0.21,0.24,,,,,,,,,,0.59,,0.66,0.8,0.6,0.58,0.58,0.62
298,Tamil Nadu,Villupuram,0.24,,0.24,0.24,0.24,0.38,,,,,,,,,,0.58,,0.66,0.8,0.51,0.5,0.5,0.5
299,Tamil Nadu,Tiruppur,,,,,,,,,,,,,,,,0.59,,0.66,0.8,0.51,0.52,0.51,0.51
300,Gujarat,Devbhumi dwarka,,,,,,,,,,,,,,,0.4,0.41,0.8,0.43,0.4,,,,
301,Uttar Pradesh,Lalitpur,,,,,,,0.8,,,,,,,,,,,,,,,,
302,Arunachal Pradesh,Longding,,,,,,,,,,,,,,,,,0.56,0.63,0.63,0.63,0.63,0.63,0.79
303,Rajasthan,Sikar,0.22,0.35,0.08,0.57,0.32,0.23,0.48,0.34,0.49,0.05,0.6,0.79,0.45,0.66,0.64,0.45,0.75,0.47,0.49,0.71,0.75,0.45,0.53
304,Gujarat,Surat,0.2,0.5,0.72,0.69,0.79,0.73,0.7,0.7,0.67,0.67,0.56,0.33,0.33,0.48,0.47,0.48,0.53,0.54,0.63,0.62,0.75,0.55,0.68
305,Jharkhand,Giridih,,,,,,,,,,,,,,,,,,0.78,0.78,0.78,0.78,0.78,0.64
306,Maharashtra,Pune,0.34,0.25,0.18,0.26,0.2,0.23,0.27,0.36,0.29,0.29,0.35,0.35,0.4,0.32,0.25,0.24,0.53,0.2,0.78,0.38,0.42,0.39,0.46
307,Maharashtra,Nanded,0.34,0.33,0.2,0.29,0.19,0.2,0.5,0.33,0.33,0.13,0.38,0.2,0.12,0.33,,0.1,0.5,,,0.15,0.78,0.29,0.48
308,Gujarat,Banas kantha,0.23,0.49,0.4,,0.55,0.48,0.61,0.67,0.65,0.77,0.5,0.55,0.36,0.48,0.47,0.45,0.58,0.5,0.54,,0.6,0.54,0.64
309,West Bengal,Birbhum,0.56,0.56,0.57,0.03,0.36,0.43,0.44,0.43,0.42,0.43,0.42,0.55,0.43,0.41,0.45,0.45,0.45,0.46,0.69,0.73,0.74,0.76,0.77
310,Bihar,Lakhisarai,,,0.56,,0.55,,,,,,,0.75,0.75,,,,,,,,,,0.77
311,Bihar,Patna,,,,0.55,,0.58,,,,0.6,0.67,0.75,0.76,0.75,0.76,0.76,0.75,0.76,0.76,,,,
312,Uttar Pradesh,Bareilly,,,,,,,0.76,,,,,,,,,,,,,,,,
313,Uttar Pradesh,Auraiya,,,,,,,0.76,,,,,,,,,,,,,,,,
314,Bihar,Kaimur (bhabua),,,0.55,0.54,0.56,0.56,,0.67,,,0.71,0.73,,,,,,,,0.76,0.75,,
315,Tamil Nadu,Karur,0.15,,0.15,0.15,0.15,0.09,,,,,,,,,,0.58,,0.66,0.75,0.5,0.5,0.5,0.51
316,Jharkhand,Pakur,,,,,,,,,,,,,,,,,,0.6,0.65,,0.75,0.75,0.5
317,Odisha,Kalahandi,0.75,,,,,,,,,,,,,,,,,,,0.44,,,
318,West Bengal,Coochbehar,,,,,,,,,,,,,,0.39,0.4,0.4,0.48,0.75,0.65,0.65,0.64,0.63,0.63
319,Gujarat,Gandhinagar,0.33,0.4,,0.42,0.33,0.5,0.7,0.75,0.67,0.72,0.56,0.42,0.4,0.44,0.43,0.43,,0.43,0.43,,,,
320,Maharashtra,Raigad,0.33,0.25,0.33,0.25,0.6,0.56,0.5,0.75,0.5,0.33,0.33,0.33,0.5,,,0.5,,0.5,,,0.49,,0.5
321,Rajasthan,Jaipur,0.19,0.51,0.03,0.6,0.52,0.18,0.43,0.55,0.68,0.18,0.62,0.75,0.28,0.51,0.51,0.47,,0.44,0.42,0.65,0.75,0.31,0.53
322,Madhya Pradesh,Panna,0.2,0.31,0.23,0.22,,,0.33,,,,,0.17,0.44,0.75,,,,,,,,,
323,Tamil Nadu,Tiruvannamalai,0.21,,0.21,0.21,0.21,0.43,,,,,,,,,,0.59,,0.66,0.53,0.75,0.59,0.57,0.56
324,Tamil Nadu,Erode,0.21,,0.21,0.21,0.21,0.5,,,,,,,,,,0.58,,0.66,0.75,0.57,0.58,0.57,0.61
325,Rajasthan,Jhalawar,0.2,0.35,0.1,0.56,0.31,0.2,0.41,0.36,0.52,0.09,0.53,0.69,0.38,0.55,0.65,0.45,0.74,0.4,0.56,0.66,0.67,0.33,0.57
326,Tamil Nadu,Tiruchirappalli,0.15,,0.15,0.15,0.15,0.16,,,,,,,,,,0.59,,0.66,0.73,0.74,0.57,0.55,0.54
327,Tamil Nadu,Perambalur,0.15,,0.15,0.17,0.17,0.55,,,,,,,,,,0.6,,0.71,0.6,0.73,0.57,0.5,0.6
328,Gujarat,Patan,,,,0.37,0.5,0.49,0.6,0.61,0.62,0.73,0.53,0.33,0.33,0.47,0.42,0.45,0.52,0.73,0.34,0.62,,0.45,
329,Gujarat,Aravalli,,,,,,,,,,,,,,,,0.4,,0.73,0.58,,,,
330,Haryana,Karnal,,,,,,,,0.73,,,,,,,,,,,,,,,
331,Maharashtra,Dhule,0.33,0.24,0.29,0.25,0.4,0.3,0.35,0.4,0.32,0.3,0.39,0.45,0.27,0.3,0.38,0.33,0.73,0.47,0.35,0.35,0.35,0.1,0.25
332,Rajasthan,Chittorgarh,0.2,0.35,0.09,0.56,0.31,0.21,0.41,0.36,0.48,0.1,0.53,0.7,0.39,0.56,0.64,0.45,0.72,,0.5,0.63,0.5,,
333,Uttar Pradesh,Budaun,,,,,,,0.72,,,,,,,,,,,,,,,,
334,Uttar Pradesh,Chandauli,,,,,,,0.72,,,,,,,,,,,,,,,,
335,Rajasthan,Tonk,0.19,0.35,0.09,0.55,0.31,0.22,0.41,0.36,0.53,0.1,0.53,0.7,0.38,0.55,0.66,0.44,0.72,0.41,0.56,0.65,0.64,0.34,0.58
336,Odisha,Gajapati,,0.5,,0.72,,,,,,,,,,,,,,,,0.46,,,
337,Maharashtra,Amravati,0.36,0.26,0.27,0.23,0.5,0.29,0.38,0.44,0.5,0.2,0.5,0.5,0.5,0.55,0.5,0.5,0.5,0.2,0.3,,0.72,,
338,West Bengal,Purba bardhaman,0.71,0.7,,,,,0.46,0.48,0.49,0.45,,,0.55,0.53,0.53,0.53,0.5,,,,,,
339,Rajasthan,Alwar,0.2,0.34,,0.55,0.36,0.21,0.43,0.33,0.5,0.13,0.56,0.7,0.39,0.54,0.7,,0.71,0.5,0.5,,,0.33,0.57
340,Rajasthan,Bharatpur,0.2,0.01,0.1,0.53,0.31,0.23,0.41,0.36,0.6,0.2,0.55,0.71,0.37,0.58,0.67,0.42,0,0.33,0.6,,,,
341,Jharkhand,Palamu,,,,,,,,,,,,,,,,,,0.6,0.24,0.64,0.64,0.71,0.64
342,Uttar Pradesh,Pilibhit,,,,,,,0.71,,,,,,,,,,,,,,,,
343,Maharashtra,Gondia,0.33,,0.33,0.38,0.4,0.4,0.67,0.43,0.29,0.33,0.4,0.17,0.4,,,,0.5,0.13,,0.47,0.71,0.57,0.55
344,Madhya Pradesh,Narsinghpur,0.38,0.66,0.53,0.59,,,0.67,,,,,,,0.71,,,,,,,,,
345,Odisha,Mayurbhanj,0.7,0.67,0.63,0.65,,,,,,,,,,,,,,,,0.45,,,
346,Bihar,Muzaffarpur,0.53,0.47,0.57,,,,,,,0.7,,,,,,,,,,,,,
347,Jharkhand,Dhanbad,,,,,,,,,,,,,,,,,,0.7,0.7,0.7,0.7,0.7,0.7
348,Jharkhand,Koderma,,,,,,,,,,,,,,,,,,0.6,0.6,,0.7,0.7,0.7
349,Jharkhand,Gumla,,,,,,,,,,,,,,,,,,0.7,,,,0.52,
350,West Bengal,Dinajpur dakshin,,,,,,,,0.37,,,,,,,,,,,,0.7,0.7,,
351,Jharkhand,Ranchi,,,,,,,,,,,,,,,,,,0.7,0.45,0.6,0.6,0.6,0.6
352,Jharkhand,Saraikela kharsawan,,,,,,,,,,,,,,,,,,0.7,0.7,0.5,0.5,0.5,0.5
353,Maharashtra,Sangli,0.37,0.27,0.04,0.05,0.4,0.58,0.57,0.45,0.39,0.33,0.7,0.36,0.35,0.49,0.5,0.29,0.33,0.37,0.21,0.21,0.6,0.37,0.34
354,Uttar Pradesh,Allahabad,,,,,,,0.7,,,,,,,,,,,,,,,,
355,Rajasthan,Pali,0,0.31,0.01,0.4,0.32,0.09,0.38,0.3,0.12,0.02,0.42,0.32,0.28,0.55,0.65,0.46,0.65,0.44,0.61,0.69,0.7,0.28,0.47
356,Uttar Pradesh,Etawah,,,,,,,0.7,,,,,,,,,,,,,,,,
357,Sikkim,Soreng,,,,,,,,,,,,,,,,,,,,,,,0.7
358,Uttar Pradesh,Jaunpur,,,,,,,0.68,,,,,,,,,,,,,,,,
359,Gujarat,Valsad,0.4,0.38,0.44,,0.5,0.5,0.67,0.67,0.5,0.67,0.55,0.5,0.4,0.49,,,,,0.4,0.62,0.55,0.58,0.68
360,Jharkhand,Ramgarh,,,,,,,,,,,,,,,,,,0.68,0.68,0.68,0.68,0.59,0.59
361,Rajasthan,Pratapgarh,,,,,,,,,0.54,0.09,0.54,0.68,0.38,0.57,0.6,0.5,0.67,0.4,0.5,0.6,0.67,0.36,0.6
362,Andaman and Nicobar Islands,North and middle andaman,0.67,0.48,,,,,,,,,,,,,,,,,,,,,
363,Maharashtra,Buldhana,0.36,0.26,0.17,0.25,0.18,0.25,0.2,0.67,0.33,0.25,0.6,,0.67,0.53,0.27,0.67,0.4,0.38,0.3,0.3,0.5,0.33,0.36
364,Karnataka,Dakshin kannad,,,,,,,,,,,,,,,,,,,0.5,0.67,0.5,,
365,Gujarat,Tapi,,,,,,,,,0.5,0.67,0.5,0.6,0.5,0.51,0.51,0.51,0.45,0.43,0.61,0.63,0.6,,
366,West Bengal,Darjeeling,0.65,,,,,,,,,,,,,0.64,0.65,0.65,0.66,0.64,0.64,,,,
367,Gujarat,Narmada,,,,,,0.5,,,,,,,,0.47,0.47,,0.48,0.49,0.65,,,,
368,Gujarat,Kachchh,,0.19,0.2,0.63,0.25,,,,,0.5,0.33,,,,0.4,,0.46,,,0.62,0.65,0.64,0.64
369,Jharkhand,Chatra,,,,,,,,,,,,,,,,,,0.64,0.63,0.65,0.64,0.64,0.65
370,Chhattisgarh,Mahasamund,0.39,0.37,0.36,0.32,0.31,0.37,0.35,0.64,0.31,0.29,0.29,0.32,0.36,0.39,0.35,0.36,0.11,0.36,0.37,0.14,0.01,0.01,0.25
371,Jharkhand,West singhbhum,,,,,,,,,,,,,,,,,,0.54,0.54,0.55,0.64,0.55,0.55
372,Madhya Pradesh,Ratlam,0.55,0.32,0.55,0.64,,,0.03,,,,,,,,,,,,,,,,
373,Maharashtra,Parbhani,0.38,0.25,0.17,0.33,0.15,0.3,0.23,0.5,0.29,0.33,0.55,0.55,0.1,0.25,0.64,0.08,0.21,0.15,0.16,0.14,0.18,0.24,0.17
374,Odisha,Kendujhar,0.59,0.6,0.62,0.64,,,,,,,,,,,,,,,,,,,
375,Odisha,Sonepur,0.44,0.49,0.05,0.64,,,,,,,,,,,,,,,,,,,
376,Arunachal Pradesh,Dibang valley,,,,,,,,,,,,,,,,,0.54,0.6,0.6,0.63,0.63,0.63,0.63
377,Jharkhand,East singhbum,,,,,,,,,,,,,,,,,,0.55,0.55,0.55,0.61,0.62,0.63
378,Madhya Pradesh,Gwalior,0.51,0.63,0.2,0.37,,,,,,,,,,,,,,,,,,,
379,Rajasthan,Nagaur,0.18,0.3,0.03,0.54,0.18,0.16,0.34,0.39,0.47,0.09,0.58,0.61,0.1,0.36,0.36,0.26,0.49,0.38,0.52,0.63,0.58,0.32,0.51
380,Jammu and Kashmir,Anantnag,,,0.53,0.53,0.52,0.52,0.53,0.53,,0.56,0.63,0.63,0.63,,0.03,0.63,0.61,0.63,0.62,0.63,0.63,,
381,Maharashtra,Nandurbar,0.35,0.26,0.22,0.3,0.28,0.3,0.35,0.32,0.29,0.37,0.32,0.5,0.43,0.33,0.23,0.4,0.33,0.43,0.26,0.33,0.26,0.23,0.63
382,Gujarat,Dang,0.29,0.25,0.63,0.55,0.6,0.5,0.59,,,,,0.47,,,,,,,0.46,,,,
383,Maharashtra,Jalgaon,0.35,0.26,0.37,0.27,0.23,0.24,0.36,0.34,0.33,0.3,0.36,0.3,0.23,0.38,0.22,0.3,0.63,0.48,0.42,0.33,0.5,0.05,0.51
384,Andhra Pradesh,Srikakulam,0.62,0.6,0.45,0.53,0.5,0.4,0.47,,,,,,0.5,,,,,,,,,,
385,Uttar Pradesh,Varanasi,,,,,,,0.62,,,,,,,,,,,,,,,,
386,Odisha,Anugul,0.5,,,0.62,,,,,,,,,,,,,,,,0.45,,,
387,Uttar Pradesh,Shahjahanpur,,,,,,,0.62,,,,,,,,,,,,,,,,
388,Maharashtra,Beed,0.36,0.27,0.2,0.28,0.25,0.25,0.22,0.35,0.29,0.21,0.4,0.39,0.17,0.62,0.2,0.11,0.44,0.3,0.23,0.23,0.39,0.26,0.3
389,Maharashtra,Nashik,0.35,0.26,0.33,0.26,0.45,0.3,0.35,0.44,0.32,0.41,0.4,0.55,0.36,0.55,0.3,0.25,0.39,0.52,0.39,0.47,0.62,0.34,0.47
390,West Bengal,Hooghly,0.61,0.58,,,,,,,,,,,,,,,,,,,,,
391,Uttar Pradesh,Ghazipur,,,,,,,0.61,,,,,,,,,,,,,,,,
392,Jharkhand,Lohardaga,,,,,,,,,,,,,,,,,,0.6,0.6,0.48,0.48,0.48,0.48
393,Gujarat,Surendranagar,,,,0.5,,,0.6,0.6,0.5,,0.5,0.29,0.33,0.42,0.37,0.4,,0.38,,,,,
394,Tamil Nadu,Tirunelveli,0.19,,0.19,0.19,0.19,0.15,,,,,,,,,,0.59,,,0.5,,,,0.6
395,West Bengal,Murshidabad,,,,0.6,,,0.6,,,,,,,,,,,,,,,,
396,West Bengal,Paschim bardhaman,,,,,,,,,,,,,,,,,,0.6,0.6,,,,
397,Gujarat,Botad,,,,,,,,,,,,,,,,,,0.5,,,0.6,0.5,
398,Madhya Pradesh,Neemuch,0.34,0.6,0.27,0.52,,,,,,,,,,,,,,,,,,,
399,Maharashtra,Ahilyanagar,0.34,0.25,0.18,0.15,0.25,0.27,0.27,0.4,0.29,0.25,0.17,0.18,0.16,0.3,0.27,0.24,0.6,0.14,0.13,0.12,0.6,0.11,0.55
400,Andhra Pradesh,Krishna,,0.6,,,,,,,,,,,,,,,,,,,,,
401,Uttar Pradesh,Gautam buddha nagar,,,,,,,0.6,,,,,,,,,,,,,,,,
402,Jammu and Kashmir,Srinagar,,,0.56,0.59,,,,,,0.25,0.43,0.44,0.43,,,0.26,0.26,0.26,0.26,0.26,0.26,,
403,Madhya Pradesh,Jabalpur,0.24,0.28,0.23,0.38,,,0.59,,,,,0.38,0.45,0.53,,,,,,,,,
404,Karnataka,Vijayanagar,,,,,,,,,,,,,,,,,,,,,,,0.59
405,Uttar Pradesh,Kannauj,,,,,,,0.59,,,,,,,,,,,,,,,,
406,Uttar Pradesh,Farrukhabad,,,,,,,0.59,,,,,,,,,,,,,,,,
407,Bihar,Araria,0.5,0.56,0.55,0.25,0.55,0.56,,,0.59,,,,,,,,,,,,,,
408,Tamil Nadu,Thoothukudi,0.19,,0.18,0.18,0.18,0.2,,,,,,,,,,0.58,,,,,,,
409,Bihar,Saharsa,,,,0.58,0.5,0.49,,,,,,,,,,,,,,,,,
410,Gujarat,Sabar kantha,0.4,0.45,0.38,0.39,0.38,0.4,0.49,0.51,0.52,0.58,0.5,0.5,0.41,0.44,0.4,,,,,,,,
411,Andhra Pradesh,West godavari,0.42,0.58,,,0.36,0.38,0.38,,,,,,,,,,,,,,,,
412,Uttar Pradesh,Bulandshahr,,,,,,,0.58,,,,,,,,,,,,,,,,
413,Uttar Pradesh,Baghpat,,,,,,,0.58,,,,,,,,,,,,,,,,
414,Odisha,Nayagarh,0.57,,0.56,0.57,,,,,,,,,,,,,,,,0.47,,,
415,Chhattisgarh,Gaurella-pendra-marwahi,,,,,,,,,,,,,,,,,,,,0.57,0.5,0.56,0.56
416,Madhya Pradesh,Jhabua,0.19,0.32,0.33,0.44,,,0.33,,,,,0.27,0.49,0.23,,,,0.57,,,,,
417,Madhya Pradesh,Seoni,0.09,0.24,0.25,0.31,,,0.24,,,,0.28,0.26,0.27,0.44,,,,0.57,,,,,
418,Uttar Pradesh,Sultanpur,,,,,,,0.57,,,,,,,,,,,,,,,,
419,Uttar Pradesh,Ghaziabad,,,,,,,0.57,,,,,,,,,,,,,,,,
420,Jammu and Kashmir,Badgam,,,0.53,0.5,0.51,0.51,0.54,0.51,,0.56,0.54,0.56,0.56,,,0.57,0.57,0.57,0.57,0.57,0.57,,0.27
421,Jammu and Kashmir,Kulgam,,,,,,,,0.52,,0.54,0.54,0.54,0.54,,,0.57,0.56,0.57,0.57,0.57,0.57,,
422,Jammu and Kashmir,Pulwama,,,0.33,,,0.49,0.54,,,0.54,0.54,0.54,0.54,,,0.54,0.54,0.54,,0.57,0.57,,
423,Odisha,Puri,0.57,,,,,,,,,,,,,,,,,,,,,,
424,Uttar Pradesh,Sant kabeer nagar,,,,,,,0.56,,,,,,,,,,,,,,,,
425,Madhya Pradesh,Betul,0.2,0.3,0.27,0.29,,,0.31,,,,,0.27,0.39,0.56,,,,,,,,,
426,Odisha,Balangir,0.56,0.51,0.55,0.53,,,,,,,,,,,,,,,,,,,
427,Uttar Pradesh,Balrampur,,,,,,,0.56,,,,,,,,,,,,,,,,
428,Uttar Pradesh,Siddharth nagar,,,,,,,0.56,,,,,,,,,,,,,,,,
429,Uttar Pradesh,Shravasti,,,,,,,0.56,,,,,,,,,,,,,,,,
430,Uttar Pradesh,Meerut,,,,,,,0.56,,,,,,,,,,,,,,,,
431,Chhattisgarh,Bilaspur,0.43,0.45,0.4,0.46,0.45,0.45,0.46,0.43,0.45,0.42,0.32,0.37,0.36,0.33,0.34,0.39,0.55,0.19,0.41,0.55,0.42,0.47,0.47
432,Jharkhand,Deoghar,,,,,,,,,,,,,,,,,,0.5,0.5,0.5,0.5,0.55,0.55
433,Uttar Pradesh,Muzaffarnagar,,,,,,,0.55,,,,,,,,,,,,,,,,
434,Uttar Pradesh,Gonda,,,,,,,0.55,,,,,,,,,,,,,,,,
435,Tamil Nadu,Kanniyakumari,0.18,,0.2,0.19,0.19,0.26,,,,,,,,,,0.55,,,,,,,
436,Uttar Pradesh,Bahraich,,,,,,,0.55,,,,,,,,,,,,,,,,
437,Uttar Pradesh,Kanpur dehat,,,,,,,0.55,,,,,,,,,,,,,,,,
438,Jammu and Kashmir,Shopian,,,,,,,,,,0.54,0.54,0.54,0.54,,,0.17,0.17,0.17,0.17,0.18,0.18,,
439,Odisha,Khordha,0.54,,0.54,0.4,,,,,,,,,,,,,,,,,,,
440,Jammu and Kashmir,Bandipora,,,,,,,,0.52,,0.54,0.54,0.53,0.54,,,0.49,0.48,0.48,0.48,0.48,0.48,,
441,Jammu and Kashmir,Kupwara,,,0.53,0.52,0.52,0.52,0.52,0.52,,0.53,0.53,0.53,0.53,,,,,,,,0.54,,
442,Uttar Pradesh,Hardoi,,,,,,,0.54,,,,,,,,,,,,,,,,
443,Chhattisgarh,Mungeli,,,,,,,,,,,,0.48,0.5,0.52,0.48,0.11,0.54,0.42,0.25,0.43,0.37,0.33,0.52
444,Uttar Pradesh,Azamgarh,,,,,,,0.54,,,,,,,,,,,,,,,,
445,Jammu and Kashmir,Baramulla,,,0.54,,,,0.54,0.52,,0.53,0.53,0.54,0.54,,0.53,0.54,0.54,0.54,0.54,0.54,0.54,,
446,Jammu and Kashmir,Ganderbal,,,,,,,,0.51,,0.53,,0.54,0.54,,0.51,,,,,,0.27,,
447,Uttar Pradesh,Deoria,,,,,,,0.54,,,,,,,,,,,,,,,,
448,Uttar Pradesh,Mau,,,,,,,0.54,,,,,,,,,,,,,,,,
449,Chhattisgarh,Gariyaband,,,,,,,,,,,,0.3,0.34,0.37,0.37,0.43,0.41,0.36,0.37,0.53,0.31,0.07,0.41
450,Uttar Pradesh,Barabanki,,,,,,,0.53,,,,,,,,,,,,,,,,
451,Uttar Pradesh,Basti,,,,,,,0.53,,,,,,,,,,,,,,,,
452,Chhattisgarh,Dhamtari,0.38,0.42,0.4,0.38,0.33,0.32,0.3,0.32,0.35,0.35,0.36,0.36,0.36,0.35,0.35,0.36,0.36,0.35,0.36,0.44,0.46,0.46,0.53
453,Uttar Pradesh,Maharajganj,,,,,,,0.53,,,,,,,,,,,,,,,,
454,Maharashtra,Solapur,0.34,0.25,0.18,0.06,0.22,0.26,0.27,0.42,,0.25,0.46,0.25,0.08,0.31,0.25,0.23,0.28,0.21,0.2,0.24,0.53,0.24,0.29
455,Uttar Pradesh,Ballia,,,,,,,0.53,,,,,,,,,,,,,,,,
456,Uttar Pradesh,Unnao,,,,,,,0.53,,,,,,,,,,,,,,,,
457,Madhya Pradesh,Hoshangabad,0.28,0.29,0.3,0.28,,,0.35,,,,,0.3,0.34,0.52,,,,0.38,,,,,
458,Arunachal Pradesh,Kra daadi,,,,,,,,,,,,,,,,,0.52,0.12,0.12,0.11,0.22,0.22,
459,Chhattisgarh,Bemetara,,,,,,,,,,,,,0,0.52,0,0.25,,0.01,0.1,0.06,0.22,0.38,0.34
460,Jharkhand,Godda,,,,,,,,,,,,,,,,,,0.51,0.52,0.5,0.51,0.45,0.45
461,Uttar Pradesh,Gorakhpur,,,,,,,0.52,,,,,,,,,,,,,,,,
462,Chhattisgarh,Durg,0.33,,0.25,,0.33,0.25,0.31,0.2,,,,,0.33,0,0.33,0.5,0.52,,,,0.33,0.5,0.43
463,Uttar Pradesh,Rae bareli,,,,,,,0.52,,,,,,,,,,,,,,,,
464,Uttar Pradesh,Agra,,,,,,,0.52,,,,,,,,,,,,,,,,
465,Uttar Pradesh,Etah,,,,,,,0.52,,,,,,,,,,,,,,,,
466,Madhya Pradesh,Guna,0.49,0.52,0.21,0.45,,,,,,,,,,,,,,,,,,,
467,Uttar Pradesh,Jalaun,,,,,,,0.51,,,,,,,,,,,,,,,,
468,Madhya Pradesh,Sehore,0.32,0.36,0.5,0.51,,,,,,,,,,,,,,,,,,,
469,Odisha,Sundargarh,0.45,0.39,0.5,0.51,,,,,,,,,,,,,,,,,,,
470,Uttar Pradesh,Kushi nagar,,,,,,,0.51,,,,,,,,,,,,,,,,
471,Chhattisgarh,Sakti,,,,,,,,,,,,,,,,,,,,,,,0.51
472,Chhattisgarh,Janjgir-champa,0.43,0.46,0.48,0.42,0.39,0.48,0.47,0.4,0.44,0.42,0.42,0.45,0.46,0.5,0.47,0.5,0.5,0.51,0.5,0.5,0.5,0.49,0.5
473,Odisha,Ganjam,,,,0.5,,,,,,,,,,,,,,,,0.45,,,
474,Arunachal Pradesh,Kurung kumey,,,,,,,,,,,,,,,,,0.5,0.33,0.33,0.33,0.33,0.33,
475,Madhya Pradesh,Indore,0.26,0.23,0.26,0.28,,,0.2,,,,0.5,,,0.33,,,,,,,,,
476,Jammu and Kashmir,Samba,,,,,,,,0.5,,,,,,,,,0.2,,,,,,
477,Puducherry,Yanam,,,,,,0.5,,,,,,,,,,,,,,,,,
478,Telangana,Adilabad,0.14,0.1,0.18,0.13,0.24,0.12,0.25,0.5,,,0.38,0.33,,0.26,0.34,0.24,,,,,,,
479,West Bengal,Bankura,0.44,0.37,0.41,0.41,0.4,0.43,0.38,0.5,,,,0.43,,,,,,,,,,,
480,Tamil Nadu,Mayiladuthurai,,,,,,,,,,,,,,,,,,,,,0.5,,
481,Chhattisgarh,Mohla manpur ambagarh chouki,,,,,,,,,,,,,,,,,,,,,,,0.5
482,Chhattisgarh,Rajnandgaon,0.33,0.34,0.34,0.35,0.35,0.31,0.33,0.3,0.31,0.25,0.28,0.28,0.27,0.3,0.29,0.22,0.35,0.35,0.33,0.41,0.5,0.38,0.42
483,Andaman and Nicobar Islands,Nicobars,0.5,0.5,,,,,,,,,,,,,,,,,,,,,
484,Gujarat,Gir somnath,,,,,,,,,,,,,,,,0.43,,,0.46,,0.5,,
485,Madhya Pradesh,Raisen,0.29,0.29,0.29,0.36,,,,,,,,0.5,,,,,,,,,,,
486,Madhya Pradesh,Bhopal,0.38,0.29,0.32,0.32,,,0.32,,,,,0.22,0.5,0.5,,,,,,,,,
487,Chhattisgarh,Manendragarh chirimiri bharatpur,,,,,,,,,,,,,,,,,,,,,,,0.5
488,Maharashtra,Yavatmal,0.36,0.27,0.5,0.29,0.2,0.4,,,,,,,,,,,,,,,,,
489,Madhya Pradesh,Rewa,0.35,0.34,0.34,0.28,,,0.5,,,,,0.2,,0.33,,,,,,,,,
490,Uttar Pradesh,Sitapur,,,,,,,0.5,,,,,,,,,,,,,,,,
491,Uttar Pradesh,Sant ravidas nagar,,,,,,,0.5,,,,,,,,,,,,,,,,
492,Uttar Pradesh,Sonbhadra,,,,,,,0.5,,,,,,,,,,,,,,,,
493,Uttar Pradesh,Fatehpur,,,,,,,0.49,,,,,,,,,,,,,,,,
494,Maharashtra,Dharashiv,0.33,0.23,0.16,0.16,0.24,0.22,0.25,0.29,0.33,0.13,0.29,0.25,0.05,0.22,0.05,0.09,0.48,0.36,0.25,0.19,0.49,0.25,0.38
495,Madhya Pradesh,Mandla,0.11,0.24,0.22,0.25,,,0.3,,,,,0.21,0.29,0.48,,,,,,,,,
496,Uttar Pradesh,Mirzapur,,,,,,,0.47,,,,,,,,,,,,,,,,
497,Madhya Pradesh,Morena,0.41,0.47,0.35,0.4,,,,,,,,,,,,,,,,,,,
498,Odisha,Bargarh,,,,,,,,,,,,,,,,,,,,0.47,,,
499,Odisha,Malkangiri,,,,0.29,,,,,,,,,,,,,,,,0.47,,,
500,Odisha,Nabarangpur,,,,,,,,,,,,,,,,,,,,0.46,,,
501,Madhya Pradesh,Mandsaur,0.32,0.46,0.33,0.41,,,,,,,,,,,,,,,,,,,
502,Madhya Pradesh,Sheopur,0.32,0.37,0.19,0.46,,,,,,,,,,,,,,,,,,,
503,Chhattisgarh,Kabirdham,0.29,0.27,0.28,0.29,0.34,0.26,0.29,0.24,0.28,0.27,0.22,0.33,,,,,,,,0.44,0.46,,
504,Madhya Pradesh,Sagar,0.32,0.29,0.21,0.32,,,0.3,,,,0.24,0.27,0.32,0.46,,,,,,,,,
505,Uttar Pradesh,Firozabad,,,,,,,0.46,,,,,,,,,,,,,,,,
506,Madhya Pradesh,Balaghat,0.3,0.31,0.3,0.39,,,0.29,,,,0.19,0.21,0.42,0.46,,,,,,,,,
507,Odisha,Boudh,0.35,0.33,,0.34,,,,,,,,,,,,,,,,0.46,,,
508,Odisha,Cuttack,0.42,,,,,,,,,,,,,,,,,,,0.45,,,
509,Uttar Pradesh,Kaushambi,,,,,,,0.45,,,,,,,,,,,,,,,,
510,Madhya Pradesh,Tikamgarh,0.25,0.45,0.22,0.32,,,0.25,,,,,0.24,0.25,0.39,,,,,,,,,
511,Gujarat,Porbandar,,,,,,,,,,,,,,,0.45,0.45,0.4,,,,,,
512,Odisha,Koraput,,0.28,0.28,0.3,,,,,,,,,,,,,,,,0.45,,,
513,Odisha,Kandhamal,0.45,,0.37,0.38,,,,,,,,,,,,,,,,0.41,,,
514,Madhya Pradesh,Ashoknagar,,,,0.45,,,,,,,,,,,,,,,,,,,
515,Madhya Pradesh,Shivpuri,0.39,0.45,0.17,0.44,,,,,,,,,,,,,,,,,,,
516,Odisha,Jajapur,,,,,,,,,,,,,,,,,,,,0.44,,,
517,Odisha,Jharsuguda,,,,,,,,,,,,,,,,,,,,0.44,,,
518,Chhattisgarh,Sarangarh bilaigarh,,,,,,,,,,,,,,,,,,,,,,,0.43
519,Odisha,Nuapada,,,,,,,,,,,,,,,,,,,,0.43,,,
520,Uttar Pradesh,Kheri,,,,,,,0.43,,,,,,,,,,,,,,,,
521,Madhya Pradesh,Ujjain,0.25,0.26,0.21,0.43,,,0.33,,,,,,,,,,,,,,,,
522,Chhattisgarh,Raipur,0.32,0.33,0.33,0.34,0.31,0.31,0.29,0.31,0.32,0.32,0.32,0.31,0.38,0.39,0.43,,,,,,,,
523,Uttar Pradesh,Kanpur nagar,,,,,,,0.43,,,,,,,,,,,,,,,,
524,Uttar Pradesh,Saharanpur,,,,,,,0.43,,,,,,,,,,,,,,,,
525,Andhra Pradesh,Spsr nellore,0.43,,,,,,,,,,,,,,,,,,,,,,
526,Odisha,Rayagada,,,,,,,,,,,,,,,,,,,,0.42,,,
527,Madhya Pradesh,Anuppur,,,,0.28,,,0.38,,,,,0.06,0.4,0.42,,,,,,,,,
528,Madhya Pradesh,Rajgarh,0.13,0.24,0.2,0.38,,,,,,,,,,0.42,,,,,,,,,
529,Maharashtra,Chhatrapati Sambhajinagar,0.33,0.24,0.18,0.29,0.09,0.1,0.21,0.27,0.2,0.21,0.42,0.29,0.1,0.25,,0.25,0.3,0.17,0.21,0.21,0.31,0.27,0.27
530,Uttar Pradesh,Jhansi,,,,,,,0.42,,,,,,,,,,,,,,,,
531,Uttar Pradesh,Mathura,,,,,,,0.41,,,,,,,,,,,,,,,,
532,Uttar Pradesh,Pratapgarh,,,,,,,0.41,,,,,,,,,,,,,,,,
533,Chhattisgarh,Dantewada,0.26,0.32,0.21,0.29,0.05,0.11,0.13,0.08,0.1,0.08,0.12,0.18,0.16,0.17,0.15,0.14,0.34,0.12,0.17,0.17,0.22,0.3,0.41
534,Uttar Pradesh,Aligarh,,,,,,,0.41,,,,,,,,,,,,,,,,
535,Uttar Pradesh,Lucknow,,,,,,,0.41,,,,,,,,,,,,,,,,
536,Haryana,Faridabad,0.18,,,,,,,0.41,,,,,,,,,,,,,,,
537,Odisha,Sambalpur,,,,,,,,,,,,,,,,,,,,0.41,,,
538,Jharkhand,Sahebganj,,,,,,,,,,,,,,,,,,0.41,0.4,,,0.4,0.41
539,Uttar Pradesh,Mainpuri,,,,,,,0.4,,,,,,,,,,,,,,,,
540,Uttar Pradesh,Faizabad,,,,,,,0.4,,,,,,,,,,,,,,,,
541,Chhattisgarh,Narayanpur,,,,,,,,0.04,0.05,0.11,0.17,,0.08,0.08,0.17,0.09,0.33,0.06,0.11,0.09,0.17,0.25,0.4
542,Odisha,Jagatsinghapur,0.4,,,,,,,,,,,,,,,,,,,0.33,,,
543,Uttar Pradesh,Hathras,,,,,,,0.4,,,,,,,,,,,,,,,,
544,Chhattisgarh,Kanker,0.26,0.39,0.17,0.3,0.15,0.12,0.12,0.12,0.1,0.16,0.12,0.14,0.14,0.12,0.06,0.03,0.22,0.05,0.16,0.07,0.1,0.23,0.33
545,Telangana,Nizamabad,0.22,0.2,0.17,0.16,0.25,0.17,0.39,,,,,,,,,,,,,,,,
546,Madhya Pradesh,Khargone,0.19,0.29,0.32,0.39,,,,,,,,,,,,,,,,,,,
547,Telangana,Rangareddi,0.18,0.22,,,0.27,0.34,0.38,,,,,,,,,,,,,,,,
548,Madhya Pradesh,Satna,0.26,0.38,0.24,0.33,,,0.31,,,,,0.27,0.29,0.35,,,,,,,,,
549,Chhattisgarh,Balrampur,,,,,,,,,,,,0.24,0.17,0.27,0.24,0.22,0.23,0.13,0.29,0.24,0.38,0.2,0.26
550,Chhattisgarh,Jashpur,0.28,0.29,0.29,0.28,0.24,0.25,0.25,0.26,0.27,0.27,0.27,0.28,0.28,0.28,0.28,0.31,0.35,0.31,0.31,0.32,0.31,0.3,0.38
551,Madhya Pradesh,Vidisha,0.35,0.38,0.32,0.34,,,,,,,,,,,,,,,,,,,
552,Chhattisgarh,Kondagaon,,,,,,,,,,,,0.1,0.12,0.13,0.09,0.09,0.33,0.08,0.08,0.09,0.09,0.07,0.38
553,Uttar Pradesh,Mahoba,,,,,,,0.37,,,,,,,,,,,,,,,,
554,Tamil Nadu,Thiruvarur,,,0.33,0.37,0.25,,,,,,,,,,,,,,,,,,
555,Madhya Pradesh,Datia,0.24,0.36,0.23,0.24,,,,,,,,,,,,,,,,,,,
556,Chhattisgarh,Khairgarh chhuikhadan gandai,,,,,,,,,,,,,,,,,,,,,,,0.36
557,Madhya Pradesh,Umaria,0.27,0.34,0.3,0.35,,,0.19,,,,,0.15,0.24,0.36,,,,,,,,,
558,Chhattisgarh,Bijapur,,,,,,,,0.12,0.12,0.04,0.17,0.15,0.16,0.12,0.19,0.11,0.34,0.13,0.15,0.13,0.22,0.17,0.35
559,Chhattisgarh,Surajpur,,,,,,,,,,,,0.22,0.23,0.2,0.16,0.27,0.31,0.26,0.28,0.35,0.29,0.35,0.32
560,Chhattisgarh,Sukma,,,,,,,,,,,,0.05,0.05,0.07,0.07,0.05,0.34,0.06,0.07,0.24,0.16,0.14,0.34
561,Madhya Pradesh,Bhind,0.18,0.34,0.32,0.34,,,,,,,,,,,,,,,,,,,
562,Chhattisgarh,Korea,0.31,0.28,0.29,0.28,0.15,,,,,,,,,,,,0.34,0.28,0.27,,,,
563,Telangana,Mahbubnagar,0.2,0.18,0.18,0.16,0.27,0.34,0.06,,,,,,,,,,,,,,,,
564,Madhya Pradesh,Barwani,0.19,0.3,0.2,0.33,,,,,,,,,,,,,,,,,,,
565,Madhya Pradesh,Dewas,0.22,0.33,0.3,0.28,,,,,,,,,,,,,,,,,,,
566,Andhra Pradesh,Kurnool,0.18,0.13,,0.26,0.17,0.22,0.33,,,,,,,,,,,,,,,,
567,Tamil Nadu,Nagapattinam,,,,0.33,,,,,,,,,,,,,,,,,,,
568,Chhattisgarh,Bastar,0.31,0.32,0.31,0.32,0.16,0.16,0.11,0.12,0.12,0.12,0.12,0.2,0.19,0.16,0.09,0.01,0.33,0.06,0.09,0.18,0.18,0.14,0.23
569,Madhya Pradesh,Damoh,0.2,0.29,0.17,0.25,,,0.33,,,,,,0,0.01,,,,,,,,,
570,Madhya Pradesh,Shajapur,0.27,0.26,0.24,0.33,,,0.32,,,,,0.31,,,,,,,,,,,
571,Chhattisgarh,Raigarh,0.28,0.29,0.28,0.24,0.26,0.28,0.29,0.29,0.29,0.29,0.29,0.26,0.3,0.31,0.31,0.31,0.31,0.3,0.3,0.29,0.29,0.29,0.26
572,Chhattisgarh,Surguja,0.31,0.28,0.28,0.27,0.24,0.24,0.25,0.26,0.25,0.2,0.24,0.28,0.31,,,,,,,,,,
573,Uttar Pradesh,Chitrakoot,,,,,,,0.3,,,,,,,,,,,,,,,,
574,Uttar Pradesh,Hamirpur,,,,,,,0.3,,,,,,,,,,,,,,,,
575,Madhya Pradesh,Singrauli,,,,,,,,,,,,0.23,0.24,0.29,,,,,,,,,
576,Madhya Pradesh,Chhatarpur,0.15,0.2,0.16,0.16,,,0.23,,,,,0.15,0.26,0.28,,,,,,,,,
577,Madhya Pradesh,Khandwa,0.11,0.18,0.21,0.28,,,0.01,,,,,0,,0.06,,,,,,,,,
578,Madhya Pradesh,Katni,0.16,0.22,0.18,0.22,,,0.23,,,,,0.19,0.28,0.24,,,,,,,,,
579,Telangana,Khammam,0.14,0.22,,,0.28,,0.18,,,,,,,,,,,,,,,,
580,Madhya Pradesh,Harda,0.26,0.27,0.25,0.28,,,,,,,,,,,,,,,,,,,
581,Uttar Pradesh,Ambedkar nagar,,,,,,,0.27,,,,,,,,,,,,,,,,
582,Haryana,Yamunanagar,0.27,,,,,,,,,,,,,,,,,,,,,,
583,Madhya Pradesh,Alirajpur,,,,,,,,,,,0.25,0.19,0.18,0.17,,,,,,,,,
584,Uttar Pradesh,Banda,,,,,,,0.25,,,,,,,,,,,,,,,,
585,Telangana,Warangal,0.19,0.18,0.18,0.16,0.24,0.13,0.18,,,,,,,,,,,,,,,,
586,Telangana,Nalgonda,,0.23,,,,,,,,,,,,,,,,,,,,,
587,Madhya Pradesh,Dindori,0.16,0.22,0.2,0.21,,,,,,,,,,,,,,,,,,,
588,Madhya Pradesh,Agar malwa,,,,,,,,,,,,,,0.05,,,,,,,,,
589,Madhya Pradesh,Burhanpur,,,,0.02,,,,,,,,,,,,,,,,,,,
