Crop: Sannhamp,,,,,,,,,,,,,,,,,,,,,,,,,
S.No.,State,District,2000 - 2001,2001 - 2002,2002 - 2003,2003 - 2004,2004 - 2005,2005 - 2006,2006 - 2007,2007 - 2008,2008 - 2009,2009 - 2010,2010 - 2011,2011 - 2012,2012 - 2013,2013 - 2014,2014 - 2015,2015 - 2016,2016 - 2017,2017 - 2018,2018 - 2019,2019 - 2020,2020 - 2021,2021 - 2022,2022 - 2023
,,,Yield (Ton./Ha.),Yield (Ton./Ha.),Yield (Ton./Ha.),Yield (Ton./Ha.),Yield (Ton./Ha.),Yield (Ton./Ha.),Yield (Ton./Ha.),Yield (Ton./Ha.),Yield (Ton./Ha.),Yield (Ton./Ha.),Yield (Ton./Ha.),Yield (Ton./Ha.),Yield (Ton./Ha.),Yield (Ton./Ha.),Yield (Ton./Ha.),Yield (Ton./Ha.),Yield (Ton./Ha.),Yield (Ton./Ha.),Yield (Ton./Ha.),Yield (Ton./Ha.),Yield (Ton./Ha.),Yield (Ton./Ha.),Yield (Ton./Ha.)
1,Rajasthan,Chittorgarh,0.12,1,,0.4,0.17,0.29,0.5,1,1,0.49,0.3,0.4,1.33,1,,1.23,0.94,"1,022.00",0.9,2,2.29,1.87,1
2,Bihar,Purbi champaran,,,0.71,0.8,1,1,1,5.55,55.55,1,,,,,,,,,,,,,
3,Rajasthan,Bharatpur,0.53,0.47,0.14,0.2,0.88,0.47,0.94,0.4,10,10,30,,0.52,0.61,,1,,1,1,1,,0.57,0.36
4,Madhya Pradesh,Vidisha,1.8,1.89,1.45,1.86,,,,0.32,0.38,0.4,2.06,1.57,1.38,14,,,,,,,,,
5,West Bengal,Coochbehar,,,,,6.5,6,6.5,6.5,6.6,6.8,4.88,3,3,2.6,2.85,2.83,2.9,9.15,8.5,8,8,8,8
6,Odisha,Koraput,8.47,,,,,,,,,,,,,,,,,,,5.1,,,
7,Odisha,Bhadrak,8,,,,,,,,,,,,,,,,,,,,,,
8,West Bengal,Purba bardhaman,5.7,7.71,7.2,6.76,7.13,7.48,7.11,7.43,7.43,7.92,5.45,5.11,5.09,5.03,5.04,5.06,5.09,,,,,,
9,West Bengal,Birbhum,4.7,4.7,5,5,3,5,5,4.7,4.8,5.5,3.5,3.4,4.7,4.04,4.4,4.38,4.5,7,2,3,3,3.21,3.5
10,West Bengal,Hooghly,3.8,3.75,4,4,4,4,4,3.8,3.86,3.71,6.33,4.5,5,,4,4.4,4.17,,,,,,
11,West Bengal,Purulia,2.4,2.95,5.2,4.36,4.14,4.14,5.7,4.3,5.4,4.28,4,4,4.25,6.03,4.25,4.97,4.59,4.08,4.08,4.5,4.6,4.65,4.72
12,West Bengal,Medinipur east,5.65,5.6,6,5.5,5.5,6,6,6,4,4,2.8,4,4,4,3.98,4.51,4.31,,,,,,
13,Chhattisgarh,Baloda bazar,,,,,,,,,,,,6,0.38,0.44,0.42,0.58,0.44,0.45,,,,,
14,Chhattisgarh,Dhamtari,0.27,0.38,0.33,0.33,0.33,0.33,0.25,0.25,0.33,,,,,,,0.5,0.5,,1,,6,,
15,West Bengal,Medinipur west,3.8,3.9,4.33,5.19,5.19,5.4,5.5,5.7,5.65,5.7,4.04,4,5.05,4.88,4.6,4.5,4.39,4.59,,,,,
16,West Bengal,Bankura,5.64,5.08,4.8,5.19,4.9,5.31,4.84,5.07,5.36,5.16,2.92,3,4.36,3.75,4.18,4.11,4.29,4.32,4.2,5,4.69,4.8,4.71
17,Bihar,Jehanabad,,,,0.67,0.78,0.81,0.83,4.44,5.56,1,,,0.81,0.8,0.8,0.8,0.8,,,0.83,,,
18,Bihar,Saran,,,0.62,0.7,1,0.8,0.86,4.21,5.56,,,,,0.81,0.81,0.8,0.82,0.79,0.8,0.79,0.78,0.78,0.82
19,Bihar,Supaul,,,0.71,0.72,0.86,0.82,,5.55,,0.8,,,0.81,0.8,0.8,0.8,0.81,,,,,,
20,Odisha,Balangir,3.61,,,,,,,,,,,,,,,,,,,5.45,,,
21,Odisha,Sundargarh,5.15,,,,,,,,,,,,,,,,,,,5.44,,,
22,Odisha,Rayagada,2.97,,,,,,,,,,,,,,,,,,,5.35,,,
23,Odisha,Kalahandi,4.55,,,,,,,,,,,,,,,,,,,5.32,,,
24,Odisha,Dhenkanal,5.29,,,,,,,,,,,,,,,,,,,,,,
25,Odisha,Ganjam,3.5,,,,,,,,,,,,,,,,,,,5.25,,,
26,Odisha,Nuapada,1.94,,,,,,,,,,,,,,,,,,,5.2,,,
27,Odisha,Nayagarh,4.63,,,,,,,,,,,,,,,,,,,5.05,,,
28,Rajasthan,Jhalawar,0.36,5.03,0.41,0.45,0.86,1.02,0.81,,,,,0.5,,,,,,,,0.5,,0.5,
29,Odisha,Kandhamal,2.07,,,,,,,,,,,,,,,,,,,5,,,
30,Odisha,Bargarh,3.5,,,,,,,,,,,,,,,,,,,5,,,
31,Odisha,Nabarangpur,4.7,,,,,,,,,,,,,,,,,,,5,,,
32,Odisha,Mayurbhanj,3.57,,,,,,,,,,,,,,,,,,,4.95,,,
33,Bihar,Muzaffarpur,,,0.67,0.67,0.67,0.67,0.67,3.7,4.76,,,,,,,,,,,,,,
34,Rajasthan,Udaipur,0.34,0.53,0.19,1.09,0.53,0.62,1,0.89,0.81,0.57,0.93,0.62,0.72,0.2,,0.1,0.52,4.74,1.69,1.17,2,2,1.57
35,Bihar,Samastipur,,,0.79,0.73,0.81,0.75,,,4.63,0.82,,,,0.8,0.8,0.79,0.79,0.8,0.8,0.81,0.81,0.81,0.8
36,Bihar,Katihar,,,,,0.75,0.88,0.87,4.57,4.59,0.82,,,,,,,,,0.75,0.82,0.8,,
37,Bihar,Araria,,,0.71,0.72,0.81,0.87,0.86,4.57,4.57,0.82,,,,,,,,,,,,,
38,Bihar,Madhubani,,,0.78,0.71,0.8,0.77,0.79,4.39,4.48,0.82,,,0.67,0.67,0.83,0.86,0.8,0.8,0.75,0.67,,,1
39,Bihar,Gaya,,,0.72,0.72,0.81,0.81,0.82,4.47,4.46,0.82,,,0.8,0.86,0.81,1,1,1,,,,,
40,Bihar,Nawada,,,0.71,0.72,0.81,0.81,0.83,4.46,4.43,0.82,,,0.8,0.81,0.8,0.81,0.79,0.8,0.81,0.82,0.79,0.79,0.85
41,Bihar,Bhagalpur,,,0.71,0.72,0.8,0.81,0.82,4.44,4.45,0.81,,,0.8,0.81,0.81,0.81,0.81,0.81,0.81,0.81,0.81,0.8,0.81
42,Bihar,Saharsa,,,0.71,0.72,0.87,0.81,0.83,4.42,4.44,0.81,,,0.79,0.8,0.86,0.81,0.82,0.81,0.82,0.81,0.79,0.81,0.83
43,Bihar,Begusarai,,,0.71,0.63,0.81,0.8,0.83,4.44,,0.8,,,0.81,0.77,0.83,0.83,0.81,,,0.78,0.79,0.83,
44,Bihar,Banka,,,0.71,0.72,0.8,0.81,0.82,4.43,4.44,0.82,,,0.8,0.81,0.8,0.81,0.81,0.81,0.81,0.81,0.81,0.81,0.81
45,Bihar,Sitamarhi,,,0.72,0.72,0.79,0.79,0.83,4.44,4.44,0.82,,,,,,,,,,,,,
46,Bihar,Madhepura,,,0.72,0.71,0.87,0.81,0.81,4.43,4.43,0.8,,,,0.81,0.8,0.81,0.81,0.8,0.81,0.81,0.78,,
47,Bihar,Khagaria,,,0.71,0.73,0.81,0.81,0.82,4.38,4.41,0.81,,,0.8,0.81,0.81,0.8,0.8,0.81,0.81,0.8,0.8,0.81,0.8
48,Bihar,Munger,,,0.7,0.7,0.8,0.8,0.82,4.35,,0.81,,,1,1,0.8,0.8,,1,1,1,1,,
49,Odisha,Baleshwar,4.33,,,,,,,,,,,,,,,,,,,,,,
50,Bihar,Gopalganj,,,0.62,0.72,0.68,0.81,0.82,4.2,4.26,0.82,,,0.86,,,,,,,,,,
51,Bihar,Siwan,,,0.62,0.72,0.68,0.81,0.82,4.2,4.19,0.81,,,0.8,0.8,0.8,0.81,0.81,0.81,0.81,0.81,0.81,0.81,0.81
52,Odisha,Deogarh,3,,,,,,,,,,,,,,,,,,,4.2,,,
53,Bihar,Arwal,,,,0.78,1,0.86,,4.17,4.17,0.83,,,0.86,0.83,,,,,,,,,
54,Bihar,Bhojpur,,,,,1,0.5,0.5,4.17,4.17,0.81,,,,,,,,,,,,,
55,Rajasthan,Sirohi,1.14,0.73,,4,3.58,4,3.5,0.33,2.5,2.17,3.18,,,,,,,,,,,,
56,Odisha,Gajapati,3.17,,,,,,,,,,,,,,,,,,,4,,,
57,Odisha,Kendujhar,,,,,,,,,,,,,,,,,,,,4,,,
58,Madhya Pradesh,Panna,1.23,1.82,0.96,1.85,,,,0.23,0.33,0.33,2.36,1.41,1.42,3.99,,,,,,,,,
59,Madhya Pradesh,Sehore,1.8,2.03,2.78,2.77,,,,0.21,0.5,0.58,3.94,3.16,3.07,2.15,,,,,,,,,
60,Madhya Pradesh,Sidhi,1.97,2.21,2.06,2.44,,,,0.39,0.45,0.4,2.29,1.47,2.94,3.9,,,,,,,,,
61,Bihar,Nalanda,,,0.71,0.72,0.81,0.57,0.57,3.85,3.85,,,,,,,,1,,,1,,1,1
62,Bihar,Vaishali,,,,,,1,,3.7,3.7,,,,,,0.8,,,,,,,,
63,Madhya Pradesh,Narsinghpur,2.72,3.24,2.17,3.21,,,,0.55,0.5,0.59,3.67,2,3,3.67,,,,,,,,,
64,Madhya Pradesh,Ratlam,2.2,1.22,1.1,2.2,,,,0.33,0.43,,,2.2,3,3.67,,,,,,,,,
65,Madhya Pradesh,Sagar,2.14,1.95,1.49,2.16,,,,0.37,0.39,0.5,2.38,1.52,2.4,3.53,,,,,,,,,
66,Odisha,Anugul,3.5,,,,,,,,,,,,,,,,,,,,,,
67,Madhya Pradesh,Gwalior,2.8,,,3.4,,,,,0.5,,,,,1,,,,,,,,,
68,Madhya Pradesh,Mandsaur,1.48,2.13,1.38,3,,,,,,,,,3.4,,,,,,,,,,
69,Bihar,Buxar,,,,,,,0.5,3.33,,0.75,,,,,,,,,,,,,
70,Madhya Pradesh,Shahdol,1.14,1.67,1.42,1.8,,,,0.3,0.3,0.28,1.85,1.14,2.44,3.26,,,,,,,,,
71,Madhya Pradesh,Dewas,1.7,2.41,2.11,2.3,,,,0.48,0.51,0.51,3,2.08,2.44,3.25,,,,,,,,,
72,Madhya Pradesh,Chhatarpur,1.04,1.46,1.11,1.5,,,,0.23,0.26,0.28,1.54,0.82,1.54,3.2,,,,,,,,,
73,Madhya Pradesh,Tikamgarh,2.81,3.07,1.37,2.64,,,,0.29,0.39,0.33,1.2,1,1.2,0.71,,,,,,,,,
74,Madhya Pradesh,Dhar,1.04,1.43,1.98,2.02,,,,2.21,0.41,0.41,2.27,1.74,2.32,3.06,,,,,,,,,
75,Madhya Pradesh,Singrauli,,,,,,,,,0.46,0.51,3.05,1.97,2.28,2.78,,,,,,,,,
76,Madhya Pradesh,Datia,3.02,2.94,2.05,2.29,,,,0.3,0.33,0.39,,1.57,2.33,,,,,,,,,,
77,Madhya Pradesh,Bhopal,2.15,1.8,1.82,1.77,,,,0.37,0.33,0.31,3,1.83,2.75,1,,,,,,,,,
78,Chhattisgarh,Narayanpur,,,,,,,,,,,,3,,,,,,,,,,,
79,Madhya Pradesh,Neemuch,2.05,2.29,1.47,2.93,,,,0.43,0.43,0.33,1.83,1.57,2.5,3,,,,,,,,,
80,Odisha,Sambalpur,3,,,,,,,,,,,,,,,,,,,,,,
81,West Bengal,Jhargram,,,,,,,,,,,,,,,,,,,2.9,2.7,2,2.25,1.91
82,Rajasthan,Bhilwara,0.03,0.39,0.03,0.68,0.43,0.15,1,0.87,1.64,0.31,0.85,2.86,1.07,2.12,,0.14,0.9,0.64,1.08,2.45,0.43,0.61,0.22
83,Madhya Pradesh,Hoshangabad,1.83,1.83,2.32,2.83,,,,,,0.5,,,,,,,,,,,,,
84,Madhya Pradesh,Sheopur,,,,2.83,,,,,0.33,0.4,,,,,,,,,,,,,
85,Madhya Pradesh,Khandwa,1.09,1.34,1.68,2.01,,,,2.82,0.42,0.39,2,1.87,1.56,1.61,,,,,,,,,
86,Madhya Pradesh,Rajgarh,0.93,1.64,0.9,2.22,,,,0.45,0.42,0.38,2.58,1.77,2.81,0.38,,,,,,,,,
87,Madhya Pradesh,Chhindwara,1.81,1.53,1.4,2.45,,,,0.5,0.43,0.44,2.58,1.88,2.79,1.48,,,,,,,,,
88,Bihar,Patna,,,0.67,0.67,0.67,0.5,0.5,,2.78,,,,0.75,,,,,,,,,,
89,Madhya Pradesh,Ujjain,,1.57,,2.75,,,,0.5,0.5,,,,,,,,,,,,,,
90,Chhattisgarh,Raigarh,0.25,0.32,0.31,0.33,0.3,0.33,0.34,0.35,0.36,0.35,0.03,2.61,0.36,0.3,0.39,0.52,0.52,0.5,0.66,0.5,0.52,0.47,0.47
91,Madhya Pradesh,Jabalpur,1.56,0.2,2.28,2.32,,,,0.28,0.5,0.45,2.38,2.2,2.6,2.13,,,,,,,,,
92,Madhya Pradesh,Guna,2.54,2.44,1.1,2.44,,,,0.4,0.39,,,,,,,,,,,,,,
93,Odisha,Sonepur,2.5,,,,,,,,,,,,,,,,,,,,,,
94,Madhya Pradesh,Harda,,2.5,2,,,,,,,,,,,,,,,,,,,,
95,Madhya Pradesh,Morena,2.1,2.43,1.7,1.67,,,,0.25,,,,,,,,,,,,,,,
96,Madhya Pradesh,Betul,1.48,1.77,1.64,1.67,,,,0.39,0.38,0.4,2.42,1.66,2.11,1.8,,,,,,,,,
97,Chhattisgarh,Kondagaon,,,,,,,,,,,,2.39,0.39,0.41,0.29,0.57,0.68,0.64,0.67,0.8,,0.8,0.75
98,Chhattisgarh,Bastar,0.38,0.38,0.32,0.39,0.38,0.39,0.36,0.42,0.32,0.34,0.41,2.39,0.45,0.45,0.43,0.33,0.4,0.41,0.39,0.5,0.06,,
99,Madhya Pradesh,Agar malwa,,,,,,,,,,,,,,2.38,,,,,,,,,
100,Madhya Pradesh,Raisen,2.37,1.7,1.74,2,,,,0.33,0.33,0.34,1.57,1.25,1.2,,,,,,,,,,
101,Madhya Pradesh,Balaghat,2.01,2.03,2.02,1.99,,,,0.42,0.42,0.43,2.33,2.09,2.17,2.32,,,,,,,,,
102,Madhya Pradesh,Rewa,1.94,1.95,1.95,1.56,,,,0.35,0.38,0.35,2.3,1.37,1.6,2.04,,,,,,,,,
103,Madhya Pradesh,Alirajpur,,,,,,,,,0.46,0.41,2.29,1.66,1.75,2.03,,,,,,,,,
104,Madhya Pradesh,Jhabua,2.05,1.46,0.91,2.12,,,,1.78,0.47,0.38,2.29,1.59,1.84,1.86,,,,,,,,,
105,Madhya Pradesh,Khargone,0.94,1.54,2.01,1.91,,,,2.27,0.32,0.34,1.91,1.06,1.39,1.64,,,,,,,,,
106,Madhya Pradesh,Shivpuri,1.94,2,0.51,2.24,,,,0.21,0.32,0.35,1.79,1.25,1.33,1.21,,,,,,,,,
107,Madhya Pradesh,Burhanpur,,,,2.15,,,,2.21,0.36,0.35,1.38,1.69,1.89,1.57,,,,,,,,,
108,Madhya Pradesh,Indore,0.75,,2.2,,,,,,,,,1.2,,,,,,,,,,,
109,Madhya Pradesh,Bhind,1.33,1.85,1.86,1.95,,,,0.25,0.33,0.33,2.2,1.5,1.32,1.29,,,,,,,,,
110,Madhya Pradesh,Satna,1.86,2.17,1.54,1.8,,,,0.27,0.29,0.29,1.86,1.16,1.87,1,,,,,,,,,
111,Madhya Pradesh,Mandla,0.81,1.5,1.48,1.57,,,,0.29,0.29,0.27,1.68,1.08,1.8,2.16,,,,,,,,,
112,Rajasthan,Bundi,0.47,0.11,2.15,,,2,1,1,1,1.08,,,0.5,,,,,,2,,,,
113,Madhya Pradesh,Katni,1.7,2.08,2.13,1.83,,,,,,,,,,1,,,,,,,,,
114,Madhya Pradesh,Seoni,0.6,2.1,1.66,2.11,,,,0.35,0.32,0.32,1.78,1.4,1.8,1.77,,,,,,,,,
115,Rajasthan,Dausa,0.6,0.68,,0.45,0.05,1.47,1.61,1,0.86,0.52,1.45,0.67,2.1,1,,,,,,,,,
116,Chhattisgarh,Janjgir-champa,0.29,0.36,0.32,0.38,0.34,0.38,0.32,0.36,0.38,0.35,0.5,2.07,0.3,0.37,0.37,0.44,0.5,0.41,0.47,0.44,,,
117,Madhya Pradesh,Anuppur,,,,1.74,,,,0.3,0.29,0.21,0.98,1.34,1.93,2.02,,,,,,,,,
118,Madhya Pradesh,Barwani,1.08,1.34,1.41,2.01,,,,0.86,0.18,0.17,0.93,0.71,1.3,1.34,,,,,,,,,
119,Chhattisgarh,Balod,,,,,,,,,,,,2,,,,,0.4,,,,,,
120,Rajasthan,Dholpur,0.67,,,0.22,,0.6,1.6,1,1,0.01,1,0.47,0.48,0.5,,1,1,1,,,1.29,2,2
121,Chhattisgarh,Raipur,0.23,0.33,0.3,0.32,0.32,0.27,0.29,0.3,0.3,0.29,0.29,2,0.57,0.43,,0.33,1,0.5,1,,1,,1
122,Rajasthan,Baran,0.56,0.58,0.09,0.45,0.56,0.56,0.89,0.67,1,0.67,,,2,,,,,,,,,,
123,Rajasthan,Rajsamand,0.01,0.42,,0.39,0.23,0.48,0.38,0.4,0.45,0.21,0.47,0.4,1,2,,0.25,2,2,2,2,2,2,2
124,Chhattisgarh,Jashpur,0.34,0.36,0.36,0.36,0.33,0.3,0.33,0.34,0.38,0.35,0.33,2,0.35,0.36,0.35,0.38,0.38,0.47,0.44,0.44,0.45,0.63,0.45
125,Rajasthan,Ajmer,,,,,,,,,,,,1,,,,,1,,,,2,,
126,Madhya Pradesh,Damoh,1.5,1.38,0.92,2,,,,,0.5,,,,,,,,,,,,,,
127,Chhattisgarh,Gariyaband,,,,,,,,,,,,1.95,0.38,0.3,0.33,0.6,0.67,,,,1,,
128,Chhattisgarh,Bilaspur,0.17,0.32,0.23,0.29,0.29,0.33,0.32,0.33,0.31,0.36,0.35,1.93,0.34,0.38,0.38,0.49,0.45,0.38,0.49,,,,
129,Chhattisgarh,Mahasamund,0.24,0.42,0.29,0.29,0.32,0.29,0.31,0.29,0.36,0.29,0.35,1.93,0.34,0.35,0.35,0.38,0.38,0.39,0.31,0.33,0.33,0.5,0.5
130,Madhya Pradesh,Umaria,1.25,1.52,1.51,1.65,,,,0.35,0.31,0.3,1.57,0.92,1.83,1.83,,,,,,,,,
131,Chhattisgarh,Rajnandgaon,0.28,0.37,0.26,0.34,0.35,0.33,0.3,0.31,0.27,0.32,0.25,1.82,0.25,0.28,0.44,,,,,,,0.5,
132,Chhattisgarh,Balrampur,,,,,,,,,,,,1.81,0.29,0.19,0.3,0.61,0.63,0.61,0.61,0.66,0.6,0.77,0.66
133,Chhattisgarh,Surajpur,,,,,,,,,,,,1.81,0.33,0.29,0.28,0.52,0.57,0.68,0.68,0.68,0.69,0.67,0.83
134,Chhattisgarh,Korea,0.32,0.33,0.3,0.28,0.26,0.24,0.27,0.26,0.33,0.24,0.2,1.8,0.27,0.28,0.31,0.34,0.34,0.34,0.26,0.32,0.25,0.5,0.5
135,Chhattisgarh,Surguja,0.3,0.33,0.3,0.34,0.29,0.3,0.33,0.33,0.32,0.27,0.19,1.8,0.3,0.29,0.28,0.3,0.29,0.27,0.35,0.31,0.36,0.32,0.38
136,Madhya Pradesh,Shajapur,1.54,1.24,1.23,1.79,,,,0.29,0.26,0.27,1.69,1.33,1.44,,,,,,,,,,
137,Rajasthan,Pratapgarh,,,,,,,,,0.9,0.49,0.52,0.23,0.53,1.67,,,,,0.81,,,,
138,Chhattisgarh,Korba,0.27,0.34,0.33,0.31,0.33,0.3,0.5,0.27,0.25,0.31,,1.65,0.38,0.31,0.38,0.4,,0.44,0.43,,,,
139,Haryana,Bhiwani,1.64,,,,,,,,,,,,0.47,,,,,,,,,,
140,Haryana,Rohtak,,0.77,0.36,0.56,0.65,,1.15,0.85,1.61,,,,0.34,,,,,,,,,,
141,Madhya Pradesh,Dindori,1.03,1.56,1.32,1.26,,,,0.17,0.2,0.17,1.06,0.6,0.86,1.47,,,,,,,,,
142,Rajasthan,Hanumangarh,0.49,0.5,,1.5,,,,,,,,,,,,,0.5,,,,,,
143,Chhattisgarh,Bijapur,,,,,,,,0.31,0.23,0.25,0.43,1.5,0.4,0.43,0.25,0.25,,,,,,,0.6
144,Chhattisgarh,Dantewada,0.34,0.35,0.27,0.37,0.27,0.31,0.71,0.31,0.33,0.2,0.33,1.47,0.28,0.33,0.42,0.29,0.43,0.25,0.5,0.2,,,
145,Chhattisgarh,Kanker,0.34,0.43,0.16,0.45,0.41,0.43,0.46,0.45,0.32,0.4,0.43,1.44,0.3,0.39,0.32,0.32,0.44,0.38,0.2,0.5,0.25,1,
146,Rajasthan,Alwar,0.43,0.33,,1.32,0.51,0.44,0.33,1.38,1.03,0.22,0.13,1.2,0.79,0.77,,0.75,0.52,,1,1,,,
147,Rajasthan,Dungarpur,0.12,0.28,0.12,1.2,0.27,0.3,0.11,1.2,0.07,0.13,0.39,0.27,0.92,0.43,,0.61,1.19,0.4,1.33,,,,
148,Jammu and Kashmir,Udhampur,0.47,0.48,,0.48,,1.05,,1.05,,1.05,1.05,1.06,1.05,,1.05,1.05,1.05,1.08,,,,,
149,Jammu and Kashmir,Reasi,,,,,,,,1.05,,,,,1.07,,,,,,,,,,
150,Jammu and Kashmir,Rajauri,0.5,0.47,,0.5,,0.5,,,,,,1.05,,,,,,,,,,,
151,Rajasthan,Sawai madhopur,0.3,0.45,0.14,0.57,0.52,0.26,0.26,0.25,0.25,0.24,0.25,0.6,0.6,0.6,,0.6,0.6,0.6,0.64,0.59,0.6,0.5,1
152,Bihar,Pashchim champaran,,,,,,,,,,,,,,1,1,1,,1,1,1,1,1,
153,Rajasthan,Karauli,0.19,0.13,,0.46,,,1,1,0.6,,0.43,0.5,1,0.55,,1,,,,0.5,1,,
154,Uttar Pradesh,Sitapur,,,0.5,0.5,0.26,,0.33,,,,0.33,,0.4,,,0.28,,,,1,,1,1
155,Himachal Pradesh,Una,,1,,,,0.53,0.19,0.19,,,,,,,,,,,0.25,,,,
156,Rajasthan,Ganganagar,0.57,0.25,,0.5,0.5,,,,,,1,0.35,,,,,,,,,,,
157,Chhattisgarh,Sarangarh bilaigarh,,,,,,,,,,,,,,,,,,,,,,,1
158,Bihar,Aurangabad,,,,,,1,1,,,,,,,,,,,,,,,,
159,Rajasthan,Jhunjhunu,0.2,1,,1,,,1,1,0.33,,,1,,1,,,,,,,,,
160,Uttar Pradesh,Jalaun,,,0.32,0.3,0.28,0.35,0.28,0.19,0.38,0.19,0.33,0.27,0.38,0.29,0.38,0.28,0.23,,,0.27,0.27,1,0.58
161,Uttar Pradesh,Jhansi,,,0.33,0.3,0.29,0.33,0.24,0.33,,,0.5,0.25,,0.25,1,0.33,0.5,0.21,,0.5,,0.5,0.5
162,Rajasthan,Kota,1,1,0.26,,,,,1,,,,,0.56,,,,,,,,,,0.25
163,Himachal Pradesh,Bilaspur,,1,,,,1,,,,,,,,,,,,,,,,,
164,Rajasthan,Jaipur,,0.33,,0.17,0.71,1,,1,0.75,,0.5,,,,,,,,,,,,
165,Rajasthan,Pali,,0.57,,0.51,0.5,0.21,0.44,0.59,0.18,,0.39,1,0.83,0.14,,0.88,1,0.5,1,1,0.36,0.75,1
166,Rajasthan,Banswara,0.05,0.19,0.13,0.28,0.16,0.21,0.06,0.28,0.23,0.08,0.13,0.14,0.14,0.13,,0.12,0.43,0.27,0.3,0.21,0.48,0.5,1
167,Chhattisgarh,Gaurella-pendra-marwahi,,,,,,,,,,,,,,,,,,,,,,1,1
168,Rajasthan,Tonk,0.13,0.29,,0.22,0.29,1,,0.25,,,0.33,,,,,,,,,,,,
169,Karnataka,Chikmagalur,,,,,,,,,,,,,,,,,,,,1,0.25,0.33,0.33
170,Uttar Pradesh,Budaun,,,,,0.5,,0.33,0.25,,,0.5,,0.33,,1,,,,,,,,
171,Karnataka,Kolar,,,,,,,,,,,,,,,,,,,0.24,1,0.5,0.5,0.4
172,Rajasthan,Bikaner,,,,,,,,,,,,1,,,,,,,,,,,
173,Uttar Pradesh,Etah,,,0.33,0.3,0.33,0.33,0.4,0.19,1,,0.5,0.25,0.38,0.31,,,0.22,0.2,0.2,0.25,0.28,0.59,0.59
174,Bihar,Rohtas,,,1,0.67,,0.57,0.57,,,,,,,,,,,,,,,,
175,Bihar,Lakhisarai,,,1,0.75,,,0.67,,,,,,,,,,,,,,,,
176,Bihar,Darbhanga,,,,,1,,,,,,,,,,,,,,,,,,
177,Rajasthan,Sikar,0.13,,,1,0.2,0.23,0.36,0.56,0.6,0.2,,,1,1,,,,,,,,,
178,Karnataka,Bengaluru urban,,,,,,,,,,,,,,,,,,,,1,0.25,0.36,0.4
179,Uttar Pradesh,Muzaffarnagar,,,,,,,,,0.5,,,,,,1,,0.33,0.25,0.17,0.33,0.33,0.67,0.67
180,Uttar Pradesh,Bijnor,,,0.5,,0.25,0.5,,,1,,,,,,,,,,,,,,
181,Chhattisgarh,Sukma,,,,,,,,,,,,1,,,,,,,0.5,,,,
182,Bihar,Sheikhpura,,,,0.7,1,0.75,,,,,,,0.75,,,,,1,,,,,
183,Himachal Pradesh,Kangra,,1,,,,0.42,0.18,0.18,,,,,,,,,,,,,,,
184,Uttar Pradesh,Kheri,,,0.29,0.29,0.29,,0.29,0.2,,,,,,,1,,,,,,,,
185,Uttar Pradesh,Sant kabeer nagar,,,,,0.33,,0.33,0.5,1,0.15,,,,,,,,,,,,,
186,Uttar Pradesh,Shamli,,,,,,,,,,,,,,,,,,,,,,,1
187,Jammu and Kashmir,Jammu,0.5,0.5,,0.49,,0.5,0.5,0.5,,0.5,0.5,0.5,0.5,,0.5,,0.87,0.88,,,,,
188,Tamil Nadu,Coimbatore,0.8,,,,,,,,,,,,,,,,,,,,,,
189,Rajasthan,Jalore,,0.5,,,0.29,0.25,,0.5,0.25,0.29,0.5,,,,,,,,,,,0.78,
190,Haryana,Sonipat,,,,,,0.78,,,,,,,,,,,,,,,,,
191,Bihar,Sheohar,,,,,,0.67,0.75,,,,,,,,,,,,,,,,
192,Tamil Nadu,Pudukkottai,0.74,,,,,,,,,,,,,,,,,,,,,,
193,Tamil Nadu,Tiruchirappalli,0.73,,,,,,,,,,,,,,,,,,,,,,
194,Dadra and Nagar Haveli,Dadra and Nagar Haveli,0.59,0.6,0.58,0.58,0.6,0.6,0.6,,,,0.66,0.73,0.73,,,,,,,,,,
195,Tamil Nadu,Thanjavur,0.73,,,,,,,,,,,,,,,,,,,,,,
196,Tamil Nadu,Villupuram,0.73,,,,,,,,,,,,,,,,,,,,,,
197,Tamil Nadu,Dharmapuri,0.73,,,,,,,,,,,,,,,,,,,,,,
198,Tamil Nadu,Salem,0.73,,,,,,,,,,,,,,,,,,,,,,
199,Tamil Nadu,Virudhunagar,0.73,,,,,,,,,,,,,,,,,,,,,,
200,Tamil Nadu,Namakkal,0.73,,,,,,,,,,,,,,,,,,,,,,
201,Tamil Nadu,Dindigul,0.73,,,,,,,,,,,,,,,,,,,,,,
202,Tamil Nadu,Erode,0.73,,,,,,,,,,,,,,,,,,,,,,
203,Tamil Nadu,Thiruvallur,0.73,,,,,,,,,,,,,,,,,,,,,,
204,Tamil Nadu,Cuddalore,0.73,,,,,,,,,,,,,,,,,,,,,,
205,Bihar,Kaimur (bhabua),,,0.71,,,0.5,,,,,,,,,,,,,,,,,
206,Tamil Nadu,Kanchipuram,0.7,,,,,,,,,,,,,,,,,,,,,,
207,Uttar Pradesh,Agra,,,,,0.28,,,,0.32,0.19,,,,0.33,0.4,0.29,0.17,,0.17,0.33,0.33,0.6,0.67
208,Karnataka,Bellary,0.24,0.28,0.27,,0.25,,,0.25,,,,,,,0.25,,,,,0.67,0.26,0.36,0.42
209,Uttar Pradesh,Chandauli,,,0.3,0.33,0.27,0.33,,0.17,,0.2,,0.25,0.33,0.33,,,0.33,0.33,,0.33,0.5,,0.67
210,Karnataka,Uttar kannad,,,,,,,,,,0.24,0.24,,0.25,,0.25,0.24,0.26,0.26,0.23,0.67,0.33,,
211,Tamil Nadu,Tirunelveli,0.67,,,,,,,,,,,,,,,,,,,,,,
212,Karnataka,Mandya,,,,,,,,,,,,,,,,,,,,0.67,0.29,0.35,0.38
213,Tamil Nadu,Karur,0.67,,,,,,,,,,,,,,,,,,,,,,
214,Karnataka,Gulbarga,0.21,0.18,0.2,0.25,0.25,,,,0.25,,,,,,,,,,,0.67,0.25,0.36,0.41
215,Uttar Pradesh,Ghazipur,,,0.3,0.33,0.2,0.38,0.33,0.22,0.25,0.19,0.4,0.33,0.38,0.27,0.25,,0.24,0.17,0.2,0.2,0.33,,0.67
216,Karnataka,Chitradurga,,,,,,,,,,,,,,,,,,,0.29,0.63,0.24,0.36,0.43
217,Uttar Pradesh,Kaushambi,,,0.33,0.33,0.27,,0.33,0.14,,0.19,0.31,0.27,0.4,0.26,0.39,,0.2,0.2,0.2,0.3,0.3,0.63,0.6
218,Karnataka,Raichur,,,,,,0.23,,0.23,0.23,,,,,,,,,,,0.62,0.2,0.4,0.38
219,Karnataka,Davangere,,0.24,0.29,,,0.17,,,,,,,,,,,,,,0.62,0.26,0.35,0.43
220,Karnataka,Bijapur,,,,,,,,,,,,,,,,,,,0.25,0.61,0.25,0.33,0.4
221,Uttar Pradesh,Mainpuri,,,,,,,,,,,,,0.39,0.29,,,0.25,0.21,0.18,0.25,0.2,0.59,0.6
222,Karnataka,Tumkur,,,,,,,,,,,,0.2,0.2,,,,,0.33,0.2,0.6,0.24,0.38,0.43
223,Uttar Pradesh,Bulandshahr,,,0.5,0.5,,,,,0.33,,,,,0.25,,,0.5,0.25,0.25,0.2,,0.5,0.6
224,Jammu and Kashmir,Kathua,0.5,0.5,,0.5,,0.5,,0.5,,0.55,0.53,0.6,0.6,,0.5,,,,,,,,
225,Uttar Pradesh,Allahabad,,,,0.3,0.28,0.35,0.28,0.2,0.32,0.17,0.32,0.29,0.36,0.28,0.38,0.28,,0.19,0.2,0.3,0.28,0.59,0.6
226,Karnataka,Bidar,0.25,0.25,0.25,0.25,,,,0.25,0.25,0.25,0.25,0.25,0.25,0.25,0.23,0.22,0.17,0.25,0.2,0.6,0.25,0.37,0.4
227,Karnataka,Hassan,,,,,,,0.17,,,,,,,,,,,,,0.6,0.25,0.36,0.41
228,Karnataka,Belgaum,0.25,0.25,,,,,,,,,,,,0.25,0.25,0.24,,,0.26,0.59,0.25,0.37,0.41
229,Karnataka,Chamarajanagar,,,,,,,,,,,,,0.25,,,,,,0.24,0.59,0.25,0.37,0.41
230,Uttar Pradesh,Sant ravidas nagar,,,0.31,0.31,0.27,0.35,0.29,0.2,0.31,0.18,0.32,0.26,0.37,0.26,0.38,0.27,0.24,0.19,0.19,0.29,0.27,0.58,0.59
231,Karnataka,Mysore,,,,,,,,,,,,,,,,,,,0.26,0.59,0.25,0.37,0.41
232,Uttar Pradesh,Chitrakoot,,,0.31,0.3,0.28,0.34,0.28,0.19,0.31,0.19,0.33,0.28,0.37,0.29,0.4,0.29,0.18,0.19,0.19,0.28,,0.58,0.59
233,Uttar Pradesh,Fatehpur,,,0.31,0.3,0.28,0.34,0.27,0.19,0.31,0.19,0.33,0.28,0.36,0.29,0.4,0.33,0.25,0.19,,0.27,0.27,,0.59
234,Karnataka,Bagalkot,0.26,0.23,0.23,0.26,,,,,,,,,,0.33,,,,,0.25,0.59,0.25,0.37,0.41
235,Uttar Pradesh,Banda,,,0.31,0.3,0.28,0.35,0.28,0.19,0.32,0.19,0.33,0.28,0.37,0.28,0.38,0.29,0.23,0.19,0.19,0.28,0.27,0.59,0.58
236,Uttar Pradesh,Kannauj,,,0.31,0.31,0.27,0.34,0.27,,0.32,0.18,0.33,0.29,0.38,0.28,0.37,0.25,0.24,0.19,0.18,0.29,0.29,0.58,0.59
237,Karnataka,Koppal,,,,,,0.22,,,,,,,,,,,,,0.25,0.59,0.26,0.38,0.4
238,Uttar Pradesh,Mahoba,,,0.32,0.3,0.28,0.34,0.28,0.2,0.32,0.18,0.33,0.27,0.37,0.28,0.38,0.29,0.23,0.19,0.19,0.29,0.26,0.58,0.59
239,Uttar Pradesh,Rae bareli,,,0.33,0.33,0.28,0.38,0.26,0.17,0.35,0.17,0.33,0.27,0.36,0.29,0.35,0.25,0.23,0.19,0.21,0.27,0.26,0.59,0.57
240,Uttar Pradesh,Hamirpur,,,0.32,0.3,0.28,0.35,0.28,0.19,0.32,0.17,0.33,0.27,0.37,0.28,0.38,0.28,0.23,0.19,0.19,0.29,0.27,0.59,0.59
241,Uttar Pradesh,Sonbhadra,,,0.32,0.3,0.27,0.34,0.28,0.19,,0.19,0.33,0.27,0.37,0.28,0.39,0.29,0.23,0.19,0.19,0.28,0.27,0.59,0.59
242,Uttar Pradesh,Varanasi,,,0.32,0.3,0.28,0.34,0.28,0.19,0.32,0.18,0.33,0.28,0.37,0.28,0.38,0.29,0.23,0.19,0.19,0.28,0.27,0.59,0.59
243,Uttar Pradesh,Azamgarh,,,0.31,0.31,0.27,0.34,0.28,0.19,0.32,0.21,0.33,0.28,0.36,0.28,0.38,0.3,0.24,0.18,0.19,0.29,0.26,0.58,0.59
244,Uttar Pradesh,Jaunpur,,,0.32,0.3,0.28,0.35,0.29,0.19,0.32,0.18,0.33,0.27,0.37,0.28,0.39,0.28,0.23,0.19,0.19,0.29,0.27,0.58,0.58
245,Karnataka,Dharwad,,,,0.25,,,,,,,,,,,,,,,,0.58,0.25,0.33,
246,Chhattisgarh,Sakti,,,,,,,,,,,,,,,,,,,,,,,0.58
247,Uttar Pradesh,Mirzapur,,,0.32,0.3,0.28,0.35,0.28,0.19,0.32,0.18,0.33,0.28,0.37,0.29,0.38,0.29,0.24,0.21,0.19,0.29,0.27,,0.58
248,Uttar Pradesh,Kushi nagar,,,0.32,0.3,0.28,0.35,0.28,0.19,0.32,0.18,0.32,0.28,0.37,0.28,0.39,0.28,0.23,0.19,0.19,0.29,0.27,,0.58
249,Uttar Pradesh,Kanpur dehat,,,,0.31,0.28,0.34,0.26,0.2,0.3,0.18,0.33,0.25,0.35,0.3,0.5,0.29,0.24,,0.21,0.26,0.22,,0.58
250,Karnataka,Haveri,0.5,,0.17,,0.5,,,,,,,,,0.2,0.2,,,,0.23,0.57,0.27,0.38,0.4
251,Uttar Pradesh,Lalitpur,,,,0.29,0.27,0.29,0.3,0.18,,,0.33,,,0.29,,,0.21,,0.21,,,0.57,0.57
252,Uttar Pradesh,Pratapgarh,,,0.32,0.3,0.28,0.34,0.28,,0.32,0.19,0.33,0.27,0.33,0.29,0.35,0.25,0.21,0.19,0.18,0.27,0.28,0.57,0.57
253,Karnataka,Gadag,,,,,,0.24,0.24,,,,,,,,,,,,0.29,0.57,0.5,0.38,0.4
254,Karnataka,Chikballapur,,,,,,,,,,,,,,,,,,,,0.57,0.5,0.33,0.42
255,Uttar Pradesh,Kanpur nagar,,,0.32,0.3,0.28,0.34,0.5,0.19,0.31,0.19,0.36,0.33,0.35,0.26,0.33,0.3,0.25,0.17,0.19,0.31,0.29,0.55,0.56
256,Karnataka,Shimoga,,,,,,,,,,,,,,,,,,,,0.56,0.25,0.33,0.4
257,Chhattisgarh,Khairgarh chhuikhadan gandai,,,,,,,,,,,,,,,,,,,,,,,0.56
258,Jammu and Kashmir,Samba,,,,,,,,0.5,,0.5,0.5,0.5,0.5,,,0.5,0.5,0.5,,,,,
259,Uttar Pradesh,Farrukhabad,,,0.3,0.25,0.31,0.4,0.27,,,,,0.33,,0.33,0.5,0.33,0.18,0.25,0.25,0.25,,0.5,0.5
260,Uttar Pradesh,Sultanpur,,,0.5,0.33,0.25,0.29,0.25,0.2,0.5,,0.5,0.27,0.5,0.5,,0.5,0.33,,,0.5,,,0.5
261,Uttar Pradesh,Bareilly,,,,,,0.5,,0.25,,0.22,,,,,,,,,,,,,
262,Uttar Pradesh,Gorakhpur,,,,,,,0.5,,,,,,,,,,,,,,,,
263,Karnataka,Bangalore rural,,,,,,,,,,,,,,,,,,,,0.5,0.5,0.35,
264,Karnataka,Ramanagara,,,,,,,,,,,,,,,,,,,0.21,0.5,0.27,0.25,0.4
265,Chhattisgarh,Durg,0.3,0.36,0.35,0.38,0.33,0.37,0.38,0.33,0.33,0.36,0.44,,0.33,0.29,,0.36,0.35,,,,0.06,,0.5
266,Karnataka,Yadgir,,,,,,,,,,,,,,,,,,,,,,0.5,
267,Uttar Pradesh,Ghaziabad,,,0.5,,,,,,,,,,,,,,,,,,,,
268,Himachal Pradesh,Sirmaur,,,,,,0.5,,,0.2,,,,,,,,0.25,,,,,,
269,Jammu and Kashmir,Poonch,0.5,0.5,,0.05,,,,,,,,,,,,,,,,,,,
270,Uttar Pradesh,Etawah,,,0.5,,0.33,,,0.33,,0.25,,,,,,,,,,,,,
271,Uttar Pradesh,Shahjahanpur,,,,0.4,0.5,0.25,0.5,0.33,0.3,,,,,,,,,,,,,,
272,Uttar Pradesh,Hathras,,,,0.4,,0.33,,,,,,,,,,0.5,,,,,,,
273,Uttar Pradesh,Mau,,,0.25,,,0.5,,,,,,,,,,,,,,,,,
274,Uttar Pradesh,Bahraich,,,0.29,,,,0.33,0.2,0.29,0.15,0.5,,,,0.33,,,,,,,,
275,Uttar Pradesh,Mathura,,,0.32,0.27,0.25,0.4,0.25,,,,0.5,,,,,,,,,,,,
276,Chhattisgarh,Manendragarh chirimiri bharatpur,,,,,,,,,,,,,,,,,,,,,,,0.5
277,Uttar Pradesh,Gonda,,,,,,,,,,0.5,,,,,,,,,,,,,
278,Uttar Pradesh,Unnao,,,0.25,0.29,0.31,0.38,0.22,0.33,0.32,,0.25,,0.5,,,,,,,,,,
279,Chhattisgarh,Mungeli,,,,,,,,,,,,,,,,,,,,,,,0.47
280,Haryana,Faridabad,,0.4,,,,,,,,,,,,,,,,,,,,,
281,Uttar Pradesh,Auraiya,,,,,,,,0.2,0.4,,,0.2,,,,,,,,,,,
282,Karnataka,Vijayanagar,,,,,,,,,,,,,,,,,,,,,,,0.38
283,Uttar Pradesh,Firozabad,,,0.36,0.33,0.2,0.29,0.2,,0.25,0.2,,,,,,,,,,,,,
284,Haryana,Jhajjar,,,,,,,,,,,,,0.35,,,,,,,,,,
285,Jammu and Kashmir,Anantnag,,,,,,,,,,,,,,,0.35,,,,,,,,
286,Haryana,Kaithal,,,,,,,0.34,,,,,,,,,,,,,,,,
287,Uttar Pradesh,Amroha,,,,0.33,,,,,,,,,,,,,,,,,,,
288,Chhattisgarh,Kabirdham,0.33,0.2,0.33,,,,,,,,,,,,,,,,,,,,
289,Uttar Pradesh,Saharanpur,,,0.33,,0.29,,0.29,,,,,,,,,0.25,,,,,,,
290,Uttar Pradesh,Moradabad,,,,0.33,0.29,,0.28,,,,,,,,,,,,,,,,
291,Uttar Pradesh,Barabanki,,,0.33,0.25,,,,,,,,,,,,,,,,,,,
292,Uttar Pradesh,Maharajganj,,,,0.33,0.27,0.33,0.27,0.2,,,,,,,,,,,,,,,
293,Uttar Pradesh,Deoria,,,,0.33,,,,,,,,,,,,,,,,,,,
294,Chhattisgarh,Bemetara,,,,,,,,,,,,,0.25,,,,,,,,,0.33,
295,Uttarakhand,Udam singh nagar,,,0.31,,,,,,,,,,,,,,,,,,,,
296,Uttar Pradesh,Baghpat,,,0.31,,,,,,,,,,,,,,,,,,,,
297,Uttar Pradesh,Meerut,,,0.29,,0.25,,,0.17,,,,,,,,,,,,,,,
298,Uttar Pradesh,Hardoi,,,,0.29,0.25,0.25,,,0.29,,,,,,,,,,,,,,
299,Uttar Pradesh,Pilibhit,,,,,0.28,,0.28,,,,,,,,,,,,,,,,
300,Karnataka,Udupi,,,,,,,,,,,,,,,,,,,,,0.25,,
301,Uttar Pradesh,Aligarh,,,,,0.25,,0.25,,,,,,,,,,,,,,,,
302,Himachal Pradesh,Solan,,,,,,,,,,,,,,,,,,,0.25,,,,
303,Haryana,Jind,,,,,,,,,,,,,0.25,,,,,,,,,,
304,Uttar Pradesh,Kasganj,,,,,,,,,,,0.17,,,,,,,,,,,,
