Crop: Small millets,,,,,,,,,,,,,,,,,,,,,,,,,
S.No.,State,District,2000 - 2001,2001 - 2002,2002 - 2003,2003 - 2004,2004 - 2005,2005 - 2006,2006 - 2007,2007 - 2008,2008 - 2009,2009 - 2010,2010 - 2011,2011 - 2012,2012 - 2013,2013 - 2014,2014 - 2015,2015 - 2016,2016 - 2017,2017 - 2018,2018 - 2019,2019 - 2020,2020 - 2021,2021 - 2022,2022 - 2023
,,,Yield (Ton./Ha.),Yield (Ton./Ha.),Yield (Ton./Ha.),Yield (Ton./Ha.),Yield (Ton./Ha.),Yield (Ton./Ha.),Yield (Ton./Ha.),Yield (Ton./Ha.),Yield (Ton./Ha.),Yield (Ton./Ha.),Yield (Ton./Ha.),Yield (Ton./Ha.),Yield (Ton./Ha.),Yield (Ton./Ha.),Yield (Ton./Ha.),Yield (Ton./Ha.),Yield (Ton./Ha.),Yield (Ton./Ha.),Yield (Ton./Ha.),Yield (Ton./Ha.),Yield (Ton./Ha.),Yield (Ton./Ha.),Yield (Ton./Ha.)
1,Tamil Nadu,The nilgiris,,,,21.67,1.25,1.5,1,1,,,,,,,,,0.2,,,,,0.5,2
2,Tamil Nadu,Thoothukudi,,,0.57,0.49,0.65,0.58,0.56,0.57,17,0.58,,0.56,,0.57,0.8,0.85,0.86,1.69,0.83,0.5,1.14,0.5,0.5
3,Chhattisgarh,Raigarh,0.15,0.28,0.17,0.25,0.04,0.21,16.4,0.32,0.26,0.23,0.25,0.25,0.28,0.27,0.34,0.29,0.44,0.32,0.44,0.35,0.4,1.31,0.39
4,Tamil Nadu,Theni,,,0.57,15.75,0.92,0.69,0.01,0.99,0.01,0.79,,0.47,,1.58,1.31,1.31,1,1.07,1.67,1.29,1.35,1.19,1.22
5,Chhattisgarh,Surguja,0.24,0.28,0.22,0.28,0.65,0.15,0.08,0.25,0.24,0.22,0.19,0.26,0.25,0.24,0.16,0.16,0.22,15.26,0.15,0.21,0.24,0.28,0.28
6,Tamil Nadu,Sivaganga,,,0.62,14.21,0.57,0.56,0.6,0.64,0.01,0.89,,1.71,,0.5,2.08,2,,2,2,,1.25,1.54,1.86
7,Sikkim,Gangtok,0.89,0.95,0.88,0.81,0.86,8.8,0.86,0.09,0.94,0.95,0.99,0.99,1.03,1.04,1.04,1.05,1.06,1.06,1.07,1.07,1.08,1.08,1.07
8,Uttar Pradesh,Kushi nagar,0.7,7.78,0.59,,0.34,0.77,0.6,0.61,0.6,0.43,0.84,,1.04,0.73,0.75,,0.37,0.67,0.81,0.63,0.85,,0.63
9,Tamil Nadu,Ramanathapuram,,,0.56,0.01,0.56,0.56,0.58,0.56,7.38,0.56,,0.56,,0.56,2,1.56,0.81,1.92,1,,0.95,1.21,1.67
10,Assam,Jorhat,0.46,0.39,0.36,0.41,0.38,0.38,0.4,0.38,0.4,6.5,0.49,,0.4,0.51,0.64,0.64,,0.4,,0.5,,,0.5
11,Madhya Pradesh,Khandwa,0.13,0.19,0.2,0.25,0.18,0.24,0.23,0.22,0.26,0.24,0.31,0.26,0.22,0.22,0.5,,5,0.65,0.48,0.44,,0.25,0.61
12,Rajasthan,Jhunjhunu,,,,,,,,,,,,,,5,,,,,,,,,
13,Jammu and Kashmir,Kathua,,,,5,,,,,,,0.43,0.42,0.42,,,0.46,0.43,0.44,0.46,0.42,0.55,0.7,0.7
14,Madhya Pradesh,Jabalpur,0.14,0.24,0.24,0.42,0.37,4.79,0.36,,0.33,0.3,0.53,0.39,0.37,0.75,0.43,0.33,1,1.09,0.71,0.93,,0.85,0.92
15,Tamil Nadu,Perambalur,,,,1.55,1.3,1.44,1.28,1.74,4.23,1.17,,2.01,,1.64,3.27,1.65,0.84,2.27,2,2.18,2.18,2.1,2.07
16,Tamil Nadu,Ariyalur,,,,,,,,,,1.61,,2.72,,2.63,3.83,2.72,1.32,2.96,2.33,2.13,1.55,1.69,1.98
17,Tamil Nadu,Cuddalore,,,,1.01,1.02,1.01,3.58,1.58,1.55,1.72,,2.46,,1.92,2.26,1.62,0.81,2.22,2.09,1.82,0.88,1.42,1.76
18,Gujarat,Kheda,,,0.27,,,,,,,,,,,,1.36,1.34,,2,2,1.8,0.75,1.42,3.18
19,Gujarat,Mahisagar,,,,,,,,,,,,,,,3.09,,,,,,,,
20,Gujarat,Banas kantha,0.18,0.25,0.36,0.33,0.33,,,,,,,,,,1.44,1.44,,1.87,1.87,1.65,1.85,1.67,3.06
21,Gujarat,Mahesana,0.24,0.33,0.42,,0.5,,,,,,,,,,1.1,1.11,,3,,,,1.45,2.5
22,Rajasthan,Chittorgarh,0.01,3,,1,,,0.71,0.67,,,,,,,,,,,,,,,
23,Tamil Nadu,Coimbatore,,,,0.63,1.38,0.68,1,1.33,0.75,1,,1,,,1.75,1.27,1,1.25,0.6,3,1.33,1,
24,Chhattisgarh,Bemetara,,,,,,,,,,,,0.13,0.2,0.23,0.22,0.2,0.29,2.88,0.4,0.31,0.37,0.35,0.41
25,Rajasthan,Pratapgarh,,,,,,,,,0.43,0.5,2.78,0.15,,,,0.08,,,,,,,
26,Tamil Nadu,Thanjavur,,,,1.27,1.22,1,2.75,1.33,0.25,,,2,,,,,,1.79,,0.43,1.33,2,2
27,Nagaland,Dimapur,1.2,1.13,2.67,1.11,1.01,1.13,0.61,,,,,,,,,,,,,,,1.2,1
28,Gujarat,Narmada,,,,,,,,,,,,,,,0.73,0.69,,0.71,,,,,2.48
29,Gujarat,Gir somnath,,,,,,,,,,,,,,,,,,,,,,1.9,2.4
30,Andhra Pradesh,Palnadu,,,,,,,,,,,,,,,,,,,,,,,2.37
31,Maharashtra,Akola,0.62,0.57,,,0.5,0.67,0.33,0.33,,1,2.37,,1,,0.5,,,,,,,,
32,Gujarat,Amreli,,0.15,,0.33,,,,,,,,,,,1.49,1.72,,,2.14,2,2.25,2.12,1.4
33,Gujarat,Surat,,,,0.17,0.5,,,,,,,,,,1.92,2.05,,0.53,0.53,,,,2.2
34,Rajasthan,Jalore,0,0.37,0,0.7,0.04,0.89,0.52,0.56,0.47,0.48,0.86,0.66,1.07,1.05,0.14,0.91,0.65,0.92,2.18,0.98,1.08,0.79,0.93
35,Maharashtra,Jalgaon,0.55,0.55,1,0.5,0.43,0.5,0.5,0.25,,0.5,2.17,0.4,0.29,0.62,0.51,0.69,,,,,,,
36,Assam,Goalpara,0.4,0.4,0.4,0.4,0.4,0.4,0.4,0.4,0.42,0.4,0.41,0.44,0.41,2.15,0.52,0.9,0.9,0.62,0.62,0.62,0.63,0.69,0.69
37,Tamil Nadu,Tiruvannamalai,,,,0.68,1.03,0.74,0.95,0.84,0.8,0.85,,1.24,,1.47,2.14,1.89,1.26,1.19,1.99,2.13,1.55,1.41,1.34
38,Tamil Nadu,Dindigul,,,0.63,0.74,0.85,0.82,1.1,1.22,2.14,0.89,,1.53,,0.02,0.96,1.15,0.91,1.05,1.83,1,1.25,1.29,1.67
39,Gujarat,Morbi,,,,,,,,,,,,,,,1.11,1.15,,1.87,1.88,1.7,2.1,,
40,Tamil Nadu,Madurai,,,0.57,0.07,0.62,0.62,0.6,0.6,0.62,0.62,,0.62,,0.6,1.5,1.63,0.51,0.91,1.35,2.1,1.17,1.5,1.68
41,Maharashtra,Dhule,0.64,0.66,0.61,0.82,0.53,0.63,0.53,0.57,0.2,0.17,2.06,0.5,0.33,0.35,0.3,0.63,,,,,,,
42,Telangana,Nagarkurnool,,,,,,,,,,,,,,,,,0.94,1.33,1.09,2.05,0.69,0.67,1
43,Tamil Nadu,Pudukkottai,,,,1.27,1.22,0.56,0.98,0.77,0.02,1.4,,2,,1.75,2.05,1.69,,2,2,1.79,1.26,1.63,2
44,Nagaland,Zunheboto,0.75,0.57,2,1.31,1.03,1.01,0.71,1.17,0.97,0.35,0.92,0.92,1.11,1.13,1.13,1.12,1.12,1.12,1.13,1.13,1.13,1.1,1.15
45,Tamil Nadu,Thiruvarur,,,,,,1,,,,,,,,,,,,,,,,,2
46,Rajasthan,Bhilwara,,,,,,,,,,,,,,,,,1.04,,,,2,1.33,
47,Tamil Nadu,Tiruchirappalli,,,,0.9,0.51,0.83,1.31,1.07,0.8,0.89,,1.25,,1.14,1.4,1,,2,1.75,1.83,1.13,1.38,2
48,Andhra Pradesh,Anantapur,0.7,0.44,0.2,0.21,0.46,0.53,0.11,,0.79,0.06,0.93,0.65,2,0.92,0.88,0.71,0.63,1.2,0.21,0.45,0.58,0.31,0.7
49,Nagaland,Kohima,1.1,0.76,1.99,0.15,1.02,1.05,0.73,0.92,0.94,0.36,0.97,0.97,1.12,1.12,1.12,1.12,1.12,1.13,1.13,1.13,1.13,1.11,1.14
50,Tamil Nadu,Thiruvallur,,,,1,0.5,,,,,,,,,,,0.75,,,,1.94,1.25,1.6,
51,Nagaland,Tuensang,0.65,0.56,1.93,0.99,0.98,1.02,0.73,1.02,0.91,0.34,0.95,0.95,1.12,1.13,1.12,1.12,1.1,1.13,1.13,1.13,1.13,0.9,1.13
52,Karnataka,Chikmagalur,0.69,0.75,0.82,0.61,0.61,0.77,0.66,0.46,,0.5,0.68,0.57,0.4,0.81,0.72,0.65,0.17,1.93,1.41,1.23,1.24,1.07,0.44
53,Nagaland,Phek,0.72,0.59,1.92,1.1,0.97,1.13,0.7,0.94,0.96,0.36,0.99,0.99,1.13,1.12,1.12,1.12,1.12,1.12,1.12,1.12,1.12,0.9,1.15
54,Tamil Nadu,Krishnagiri,,,,1.08,0.77,0.41,0.82,0.81,0.74,1.12,,1.92,,0.84,0.94,1.2,1.06,1.07,1.69,1.2,1,0.92,1.06
55,Nagaland,Mon,0.77,0.62,1.91,1.4,1.01,1.05,0.7,1.04,0.98,0.36,0.91,0.91,1.13,1.13,1.13,1.12,1.13,1.13,1.13,1.13,1.13,0.82,1.11
56,West Bengal,Nadia,0.46,0.99,1.9,1.49,1.8,,,,,,,,,,,,,,,,,,
57,Maharashtra,Kolhapur,0.57,0.65,0.93,0.57,0.76,0.37,0.48,0.52,0.52,0.36,1.89,0.38,0.22,0.35,0.42,0.38,,,,,,,
58,Maharashtra,Amravati,0.61,0.63,0.46,0.64,0.39,0.92,,0.5,0.45,0.4,1.89,0.5,0.5,0.5,0.33,,,,,,,,
59,Karnataka,Haveri,0.92,0.92,0.87,0.68,0.77,0.79,0.97,0.85,,0.78,0.44,1.14,0.85,1.4,1.01,0.47,1.07,1.87,0.9,0.8,1.43,1.24,0.07
60,Nagaland,Wokha,0.92,0.6,1.86,1.05,1.04,1.03,0.67,0.85,0.99,0.37,0.95,0.95,1.12,1.13,1.12,1.12,1.12,1.12,1.12,1.12,1.12,1.17,1.2
61,Uttarakhand,Tehri garhwal,1.17,1.13,1.02,,,,1.26,,,0.85,,1.33,1.42,1.47,1.52,1.45,1.51,1.32,1.55,1.56,1.68,1.84,1.72
62,Tamil Nadu,Chengalpattu,,,,,,,,,,,,,,,,,,,,1.8,1,1.73,1.83
63,Karnataka,Dharwad,0.97,0.62,1.2,0.62,0.46,0.75,0.92,0.6,,0.62,0.86,0.46,0.65,1.11,0.71,0.59,1.19,1.8,1.59,0.83,1.54,1.31,0.02
64,Rajasthan,Jaipur,0.02,1,1.8,0.55,,,,,,,,,,,,,,,0.83,,,,
65,Tamil Nadu,Erode,,,0.5,0.99,0.84,0.73,1.26,1,0.83,0.86,,1.27,,1.13,1.43,1.37,1.05,1.28,1.71,1.54,1.29,1.43,1.79
66,Uttarakhand,Champawat,1.48,1.5,1.23,,,,1.16,,,1.34,,1.3,1.27,1.32,1.38,1.45,1.42,1.76,1.51,1.47,1.67,1.44,1.71
67,Andhra Pradesh,Bapatla,,,,,,,,,,,,,,,,,,,,,,,1.75
68,Telangana,Komaram bheem asifabad,,,,,,,,,,,,,,,,,,,,1.73,,1,1.05
69,Telangana,Warangal,,,,,,,,,,,,,,,,,,,,1.73,1,,
70,Telangana,Warangal urban,,,,,,,,,,,,,,,,,,,,1.73,,0.67,
71,Uttarakhand,Rudra prayag,1.27,0.95,1.1,,,,1.25,,,1.51,,1.55,1.56,1.57,1.6,1.57,1.34,1.5,1.08,1.53,1.49,1.38,1.72
72,Telangana,Adilabad,0.65,0.25,0.49,,,,,,,,,,,,,,1,,,1.72,,,
73,Telangana,Jangoan,,,,,,,,,,,,,,,,,,,,1.71,0.67,1,
74,Telangana,Yadadri,,,,,,,,,,,,,,,,,,,1,1.71,0.57,,
75,Telangana,Mahbubnagar,0.91,0.24,0.44,0.53,0.55,0.74,0.47,1,0.67,0.66,0.42,0.66,1,0.75,0.63,0.8,,,1,1.71,0.57,0.83,
76,Telangana,Sangareddy,,,,,,,,,,,,,,,,,,,1,1.71,0.5,0.74,1
77,Telangana,Medak,0.94,0.22,0.3,0.5,,,0.5,,,,,,,,,0.8,,,1,1.71,0.5,1,1
78,Telangana,Wanaparthy,,,,,,,,,,,,,,,,,0.95,,,1.71,0.55,1,1.07
79,Telangana,Narayanapet,,,,,,,,,,,,,,,,,,,,1.71,0.59,0.67,
80,Tamil Nadu,Virudhunagar,,,0.52,0.48,0.52,0.55,0.55,0.52,0.78,0.52,,0.58,,0.57,1.23,0.7,0.27,1.7,1.09,0.98,1.08,1.42,1.7
81,Arunachal Pradesh,Kamle,,,,,,,,,,,,,,,,,,,1.69,1.7,1.7,,1.7
82,Telangana,Rangareddi,0.6,0.26,0.37,0.31,0.37,0.52,0.48,,0.57,0.5,1,0.62,,,,,,,,1.7,0.53,0.75,
83,Andhra Pradesh,Kurnool,0.69,0.75,0.62,0.8,0.64,0.89,0.66,1,0.78,0.01,0.93,0.65,1.16,0.92,0.88,1.21,0.93,1,0.47,1.48,0.85,1.25,1.7
84,Gujarat,Surendranagar,,,,0.33,0.33,,,,,,,,,,,1.21,,,,,1.7,,
85,Telangana,Peddapalli,,,,,,,,,,,,,,,,,,,,1.7,,,
86,Telangana,Suryapet,,,,,,,,,,,,,,,,,,,1,1.7,,,1
87,Telangana,Khammam,0.5,,,0.68,0.3,,0.52,,,,,,,,,,,,,1.7,0.6,1,
88,Telangana,Karimnagar,,,,,,,,,,,,,,,,,,,,1.7,0.5,,
89,Telangana,Jayashankar,,,,,,,,,,,,,,,,,,,,1.7,,,1
90,Madhya Pradesh,Sagar,0.22,0.23,0.21,0.29,0.27,1.69,0.26,0.14,0.28,0.33,0.34,0.65,0.71,0.24,0.6,,,1.09,0.26,,,0.5,0.5
91,Assam,Sonitpur,0.45,0.46,0.46,0.45,0.47,0.48,0.47,0.48,0.48,0.49,0.49,0.5,0.49,1.69,0.56,0.57,0.6,0.6,0.57,0.57,0.58,0.68,0.69
92,Telangana,Nalgonda,,,,0.67,,,,,,,,,,,,,,,,1.69,0.6,0.67,
93,Tamil Nadu,Kallakurichi,,,,,,,,,,,,,,,,,,,,1.68,1.24,1.14,1.14
94,Nagaland,Mokokchung,1.03,0.65,1.68,0.43,0.92,1.08,0.7,0.97,0.9,0.35,0.87,0.87,1.11,1.13,1.13,1.13,1.13,1.13,1.13,1.12,1.12,0.88,1.13
95,Himachal Pradesh,Sirmaur,0.66,1.67,0.52,,,1.01,0.4,0.63,0.74,0.2,0.33,0.4,0.39,0.4,0.41,0.41,0.41,0.41,0.4,0.61,0.75,0.76,0.76
96,Uttarakhand,Pithoragarh,1.41,1.27,1.25,,,,1.44,,,1.44,,1.51,1.08,1.1,1.35,1.39,1.19,1.36,1.29,1.47,1.37,1.31,1.67
97,Telangana,Mancherial,,,,,,,,,,,,,,,,,,,,1.67,,,
98,Telangana,Nirmal,,,,,,,,,,,,,,,,,,,,1.67,1,,
99,Telangana,Kamareddy,,,,,,,,,,,,,,,,,,,,1.67,1,,1
100,Gujarat,Patan,,,,0.45,0.44,,,,,,,,,,,1.19,,,,,,1.46,1.65
101,Maharashtra,Nashik,0.59,0.6,0.41,0.52,0.7,0.57,0.44,0.51,0.66,0.35,1.64,0.56,0.42,0.6,0.2,0.28,,,,,,,
102,Maharashtra,Nandurbar,0.61,0.63,0.6,0.46,0.79,0.63,0.52,0.52,0.43,0.4,1.63,0.57,0.58,0.6,0.28,0.27,,,,,,,
103,Uttarakhand,Uttar kashi,0.69,0.77,0.62,,,,1.24,,,0.92,,1.25,1.12,0.99,1.05,1.17,1.6,1.28,1.33,1.3,1.63,1.6,1.27
104,Puducherry,Pondicherry,,,,,1.17,1,,0.5,1,1,,,,1,,1.63,,1.6,1.22,1.21,1.2,1.2,1
105,Maharashtra,Wardha,0.67,0.5,,,,,,,,1,1.62,,,,,,,,,,,,
106,Rajasthan,Nagaur,,,,,,,,,,,,,,,,,,,,,,1.61,
107,Andhra Pradesh,Guntur,0.75,0.8,0.36,0.54,0.6,,,,,0.94,,,,1.25,,0.88,,0.32,0.86,0.79,1.52,1.61,
108,Maharashtra,Washim,0.57,0.5,,1,,0.33,1,1,1,,1.6,,0.79,0.43,0.33,0.43,,,,,,,
109,West Bengal,Darjeeling,1.6,1.6,1.6,1.32,1.35,1.35,1.35,1.6,1.6,1.6,1.48,1.48,1.4,1.45,1.4,1.41,1.42,0.8,1.24,1,,,
110,Maharashtra,Buldhana,0.64,0.7,,0.5,0.5,0.5,1,0.5,0.5,1,1.58,,0.67,0.63,0.29,0.53,,,,,,,
111,Gujarat,Anand,,,,,,,,,,,,,,,1.46,1.58,,,1.46,1.4,1.5,1.38,0.55
112,West Bengal,Kalimpong,,,,,,,,,,,,,,,,,,1.41,1.57,1.56,1.55,1.56,
113,Assam,Chirang,,,,,,0.48,0.48,0.47,0.51,0.49,0.46,0.52,0.46,0.79,0.57,1.57,1,0.7,0.56,0.61,0.63,0.68,1.05
114,Tamil Nadu,Karur,,,,1,1,,,,0.8,1,,,,1,1.57,1.19,0.5,1.4,,,,,
115,Madhya Pradesh,Satna,0.18,0.32,0.22,0.32,0.27,0.36,0.2,,0.27,0.26,0.37,0.28,0.29,0.26,0.67,0.27,1,,0.35,0.23,,0.31,1.57
116,Karnataka,Belgaum,0.61,0.64,0.81,0.41,0.6,0.95,0.78,0.52,,0.81,1.07,0.66,0.39,0.37,0.87,0.33,0.47,1.56,0.88,0.45,1.11,1.01,0.11
117,Gujarat,Junagadh,0.27,0.3,0.33,0.33,0.33,,,,,,,,,,1.11,1.15,,,1.3,1.35,1.55,1.46,
118,Tamil Nadu,Dharmapuri,,,,0.39,0.87,0.8,1.27,1.17,0.79,0.84,,1.17,,1.1,1.17,1.03,0.85,1.29,1.54,1.41,1.24,1.4,1.25
119,Tamil Nadu,Salem,,,0.61,0.8,1.16,0.86,0.92,0.94,0.7,0.81,,1,,1.14,1.37,1.53,1.39,1.06,1.14,1.18,1.47,1.09,1.26
120,Uttarakhand,Nainital,1.29,1.25,1.01,,,,1.34,,,1.5,,1.29,1.16,1.51,1.45,1.36,1.4,1.44,1.19,1.13,1.45,1.19,1.43
121,Uttarakhand,Dehradun,0.67,0.86,0.75,,,,0.79,,,0.77,,0.89,0.95,0.98,1.24,1.1,0.96,1.05,1,1.12,1.51,1.46,1.39
122,Tamil Nadu,Villupuram,,,,0.79,1.18,0.84,1.5,1.19,1.03,0.94,,1.16,,1.05,1.04,1.09,0.6,0.54,1.01,0.52,0.48,0.56,0.51
123,Maharashtra,Sindhudurg,0.64,0.58,0.7,0.67,0.56,0.71,1.5,0.83,0.75,0.5,1.45,0.47,,,0.31,0.94,,,,,,,
124,Telangana,Bhadradri,,,,,,,,,,,,,,,,,,,,1.5,,1,1
125,Uttar Pradesh,Sant ravidas nagar,0.31,1.5,1.5,,,,,,,,,,,,,,,,,,,,
126,Nagaland,Peren,,,,,,,,,,,,,,,,,,1.5,1.5,1.5,1.5,1.15,1.17
127,Karnataka,Udupi,,,,,,,,,,,,,,,,,,,,,1.5,,
128,Uttar Pradesh,Muzaffarnagar,1.5,,,,,,,,,,,,,,,,,,,,,,
129,Telangana,Nizamabad,1,,,0.57,,,,,,,,,,,,,,,,1.5,0.5,,
130,Uttar Pradesh,Rae bareli,1.46,1.32,1.33,,,,,1,,,,,1.4,1.5,,1,,,1,,1,0.91,1.09
131,Telangana,Jogulamba,,,,,,,,,,,,,,,,,0.94,1.33,0.87,1.5,0.39,0.72,1.04
132,Gujarat,Vadodara,,,,0.38,0.4,,,,,,,,,,,,,1.5,1.45,1.5,,,1.5
133,Uttar Pradesh,Pilibhit,1.5,,1.5,,,,,,,,,,,,,,,,,,,0.91,1.08
134,Karnataka,Kodagu,,,,,,,,,,,,,,,,,,,1.1,,1.5,,
135,Uttar Pradesh,Chandauli,0.77,1.5,0.5,,,,1,,,,,,,,,,,,,,,0.91,1.09
136,Uttarakhand,Almora,1.11,1.23,0.79,,,,1.23,,,0.96,,1.24,1.21,1.08,1.27,1.1,1.27,1.28,1.06,1.12,1.25,1.5,1.37
137,Uttarakhand,Chamoli,0.94,0.75,0.82,,,,1.03,,,0.97,,1,1.09,1.08,1.17,1.29,1.31,1.33,1.3,1.28,1.5,1.44,1.41
138,Maharashtra,Nagpur,,,0.5,0.67,,,0.5,,,,1.49,0.4,0.3,,,,,,,,,,
139,Chhattisgarh,Kondagaon,,,,,,,,,,,,0.2,0.18,0.18,0.2,0.09,0.3,0.22,0.34,0.29,0.88,1.49,0.98
140,Arunachal Pradesh,Kurung kumey,,,1.08,1.09,1.09,1.2,1.22,0.12,0.12,0.12,1.35,1.48,1.44,1.14,1.06,1.05,0.9,0.9,0.92,0.94,0.96,,0.97
141,Maharashtra,Yavatmal,0.67,0.75,,,,0.53,,,,,1.47,,,,0.38,,,,,,,,
142,Uttar Pradesh,Kannauj,1.46,,,,,,,,,,,,,,,,,,,,,,1.08
143,Uttarakhand,Bageshwar,1.1,1.46,0.6,,,,0.9,,,1.12,,0.62,0.75,0.75,1.18,1.02,1.03,0.82,1.05,1.26,1.44,1.34,1.25
144,Uttarakhand,Pauri garhwal,1.14,1.22,0.78,,,,1.14,,,1.11,,1.25,1.2,1.21,1.22,1.22,1.31,1.36,1.24,1.34,1.3,1.46,1.39
145,Maharashtra,Chhatrapati Sambhajinagar,0.59,0.64,,0.27,0.61,0.5,0.3,0.67,1.22,0.4,1.46,0.5,0.29,0.4,0.28,0.21,,,,,,,
146,Assam,Majuli,,,,,,,,,,,,,,,,,,,,,0.5,0.45,1.45
147,Tamil Nadu,Namakkal,,,0.59,0.51,0.67,0.67,0.44,0.86,0.79,0.83,,1.1,,1.04,0.98,1.36,1.06,1.13,1.45,1.23,1.02,1.01,0.99
148,Arunachal Pradesh,Lower subansiri,1.1,1.17,1.13,1.29,1.29,1.44,1.44,0.72,0.72,0.75,0.94,1.05,1.05,1.05,1.04,1.04,1.03,1.03,0.82,0.82,0.83,,0.82
149,Arunachal Pradesh,Papum pare,1.07,1.06,1.18,1.11,1.23,1.24,1.3,1.2,1.3,1.35,1.33,1.43,1.34,1.42,1.32,1.3,1.27,1.27,1.27,1.28,1.28,,1.27
150,Uttar Pradesh,Pratapgarh,1.24,0.96,1,,,,,0.63,,0.5,,,1.43,1.38,0.83,1,1,,,0.83,0.83,0.9,1.09
151,Maharashtra,Gadchiroli,0.67,0.53,0.27,1,0.6,0.5,0.67,0.33,1.43,0.5,1.05,0.4,0.25,,,,,,,,,,
152,Assam,Dhubri,0.55,0.55,0.55,0.55,0.55,0.55,0.55,0.55,0.57,0.56,0.56,0.59,0.57,0.57,0.71,1.42,0.9,0.9,0.91,0.91,0.93,0.93,0.93
153,Maharashtra,Nanded,0.73,0.78,0.45,0.88,0.5,0.56,0.5,0.7,0.25,0.15,1.41,0.22,0.33,0.25,0.3,0.73,,,,,,,
154,Arunachal Pradesh,Upper subansiri,1.11,1.09,1.09,1.09,1.09,0.94,0.9,1.19,1.09,1.09,1.29,1.41,1.39,1.35,1.3,1.29,1.28,1.27,1.27,1.27,1.28,,1.27
155,Uttar Pradesh,Kheri,0.67,0.71,0.57,,0.34,0.77,0.6,,0.63,0.42,0.84,0.93,1.4,0.71,1,,0.37,0.67,0.79,0.63,0.84,0.9,0.92
156,Chhattisgarh,Dhamtari,0.04,0.15,0.07,0.19,0.93,0.25,0.15,0.16,0.13,0.12,0.16,0.13,0.15,0.15,0.16,0.13,0.2,0.17,0.23,0.25,,1.4,0.4
157,Karnataka,Kolar,0.9,0.87,0.88,0.57,0.72,0.83,0.77,0.66,,0.73,0.66,0.73,0.49,0.61,0.64,0.57,0.36,0.98,1.02,1.4,1.25,1.07,1.19
158,Uttar Pradesh,Ballia,0.69,0.77,0.79,,0.34,0.68,0.63,0.6,0.63,,0.69,,1.39,1.31,0.95,0.91,0.89,0.82,0.87,0.8,0.84,0.91,1.08
159,Meghalaya,West jaintia hills,,,,,,,,,,,,,,1.32,1.35,1.38,1.39,1.39,1.38,1.38,1.38,,1.38
160,Madhya Pradesh,Katni,0.13,0.24,0.16,0.26,0.23,0,0.11,,0.23,0.12,0.21,0.17,0.39,1.39,0.5,0.67,1,1.08,1.09,1.38,,0.88,1.1
161,Rajasthan,Ajmer,1.38,,,,,,,,0.02,0.01,0.57,0.87,1.03,,,,,,,,,,
162,Madhya Pradesh,Barwani,0.12,0.16,0.2,0.22,0.18,1.36,0.21,0.25,0.25,0.21,0.25,0.24,0.26,0.27,,,,,0.6,,,,
163,Uttar Pradesh,Etah,,1.36,,,,,,,,,,,,,,,,,,,0.75,,1
164,West Bengal,Bankura,0.58,0.6,0.6,0.75,0.6,1.06,1.07,1.12,1.35,1.2,0.71,0.5,0.95,0.56,0.69,0.79,0.54,0.57,0.56,0.52,0.54,0.52,0.55
165,Arunachal Pradesh,East siang,1.13,0.78,1.15,1.22,1.11,1.23,1.23,1.14,1.23,1.23,1.23,1.35,1.27,1.27,1.2,1.19,1.18,1.18,1.18,1.18,1.19,,1.18
166,Meghalaya,South west khasi hills,,,,,,,,,,,,,,1.16,1.27,1.33,1.33,1.32,1.31,1.31,1.31,,1.29
167,Uttar Pradesh,Bareilly,1.33,1.14,1,,,,,,,,,,,,,,,,,,,,
168,Karnataka,Koppal,0.5,0.23,0.07,1.32,0.19,0.32,0.15,0.38,,0.19,0.45,0.38,0.35,0.49,0.36,0.13,0.22,0.56,0.33,0.37,0.42,0.47,0.34
169,Uttar Pradesh,Ghazipur,0.64,0.67,1.32,,,0.6,,,,,,,,,,1,,,,,,0.9,1.08
170,Himachal Pradesh,Lahul and spiti,0.41,0.4,0.41,,,,,,,,,,,,,,,,0.62,0.64,,1.31,1.3
171,Andhra Pradesh,Prakasam,0.84,0.78,0.45,0.78,0.6,0.88,0.89,1,1,0.9,1.25,0.99,1,1.31,1.1,1.03,1.04,0.68,0.55,0.81,1.17,0.87,1
172,Arunachal Pradesh,Tawang,1.07,1.07,1.07,1.2,1.2,1.2,1.2,1.2,1.3,1.2,1.2,1.31,1.2,1.2,1.17,1.17,1.14,1.14,1.14,1.15,1.15,,1.16
173,Uttar Pradesh,Varanasi,,1.31,0.6,,0.44,,,,,,,,,,,,,,,,,,
174,Tamil Nadu,Tirunelveli,,,0.59,0.02,0.66,0.56,0.63,0.59,0.8,0.58,,0.62,,0.57,1.31,0.97,,0.33,,,,,
175,West Bengal,Dinajpur uttar,0.81,1.12,1.31,1.21,1.29,1.12,0.93,0.93,0.94,,,,,,,0.29,0.3,,,,,,
176,Karnataka,Uttar kannad,,,,,,,,,,,,,,,,,,,0.75,0.33,1.3,1.09,0.73
177,Meghalaya,South garo hills,0.54,0.53,0.99,1.05,1.01,1.01,1.01,1.22,1.2,0.94,0.99,1.01,1.15,1.18,1.22,1.25,1.25,1.25,1.25,1.24,1.24,,1.29
178,Gujarat,Gandhinagar,,,,0.2,0.5,,,,,,,,,,,,,1.29,,,,,
179,Uttar Pradesh,Unnao,1,0.75,1.27,,0.38,0.75,0.57,,0.67,1,1,,,,,,,,,,,,
180,Meghalaya,East jaintia hills,1.22,1.21,1.21,1.19,1.21,1.21,1.21,1.21,1.23,1.22,1.12,1.14,1.27,,,,,,,,,,
181,Himachal Pradesh,Mandi,0.18,0.15,0.4,,,0.81,1.02,0.78,0.78,0.56,0.89,1.11,1.05,1.12,1.12,1.12,1.12,1.12,1.17,1.25,0.97,0.56,0.74
182,Andhra Pradesh,Kadapa,0.69,0.73,0.56,0.76,0.63,0.87,0.64,,0.78,0.54,0.93,0.65,1,0.92,0.88,1.07,0.42,0.64,0.64,1.06,0.61,1.25,0.91
183,Meghalaya,East khasi hills,1.06,1.06,1.06,1.06,1.14,1.12,1.13,1.13,1.13,1.09,0.99,1.03,1.17,1.18,1.22,1.25,1.25,1.23,1.23,1.23,1.23,,1.16
184,Meghalaya,Ri bhoi,0.7,0.7,0.68,0.73,0.87,0.86,0.95,0.91,1,1,0.92,1,1.04,1.08,1.15,1.24,1.21,1.21,1.21,1.19,1.19,,1.24
185,Meghalaya,West khasi hills,1.16,1.07,1.06,1.02,1.1,1.1,1.17,1.08,1.13,1.11,1.01,1.01,1.11,1.11,1.19,1.23,1.23,1.23,1.22,1.22,1.22,,1.24
186,Maharashtra,Hingoli,0.67,0.6,0.6,0.6,0.33,0.4,1,1,0.33,0.5,1.24,0.5,0.47,0.45,0.29,0.01,,,,,,,
187,Uttar Pradesh,Banda,0.6,0.54,0.6,,0.37,0.57,0.61,0.59,0.61,0.61,0.72,1.24,0.92,0.75,0.73,1,0.62,0.62,0.76,0.71,0.76,,0.71
188,Madhya Pradesh,Balaghat,0.37,0.38,0.4,0.43,0.38,0.37,0.41,,0.42,0.47,0.59,0.57,0.44,0.51,0.67,0.67,1,1.24,0.76,0.81,,0.8,0.94
189,Kerala,Palakkad,,,,0.78,,,,,,,,,0.98,0.88,0.78,0.71,0.67,0.72,0.73,0.75,0.74,1.21,1.24
190,Rajasthan,Udaipur,0.01,0.6,0.13,0.76,0.65,0.5,0.22,0.73,0.73,0.31,0.96,0.74,1,0.61,0.75,0.61,1.24,1,0.97,0.56,1,1,1
191,Karnataka,Bengaluru urban,0.51,0.57,0.88,0.58,0.73,0.82,0.15,0.68,,,,,0.25,0.33,0.5,0.5,,1,0.96,0.4,1.24,1,0.05
192,Tamil Nadu,Vellore,,,,0.58,0.54,0.56,0.64,0.69,0.73,0.97,,1.21,,0.9,0.94,1.22,0.8,1.05,0.92,0.95,0.79,0.79,0.96
193,West Bengal,Coochbehar,0.7,0.67,0.69,0.7,0.72,0.72,0.75,0.75,0.76,0.76,0.77,0.78,0.77,0.78,0.78,0.77,0.78,1.2,1.2,1.22,1.18,1.12,1.1
194,Karnataka,Ramanagara,,,,,,,,0.66,,0.27,0.67,0.58,0.48,0.6,0.67,0.5,0.43,0.6,0.87,0.44,1.22,0.96,0.11
195,Madhya Pradesh,Singrauli,,,,,,,,,0.36,0.35,0.4,0.33,0.24,0.95,0.5,0.67,0.86,0.97,0.92,1.2,,0.7,0.98
196,Karnataka,Chitradurga,0.6,0.53,0.36,0.31,0.59,0.39,0.3,0.37,,0.4,0.43,0.53,0.34,0.42,0.53,0.52,0.3,0.41,1.02,1.04,0.87,0.96,1.2
197,Nagaland,Kiphire,,,,,,,,,0.95,0.4,0.6,0.6,1.1,1.09,1.09,1.08,1.08,1.15,1.15,1.15,1.15,1.2,1.13
198,Assam,Marigaon,0.44,0.44,0.44,0.44,0.44,0.44,0.44,0.44,0.44,0.44,0.44,0.47,0.45,0.45,0.56,0.45,0.49,0.49,0.42,0.43,0.43,0.58,1.2
199,Arunachal Pradesh,Longding,,,,,,,,,,,,,,1.2,1.18,1.18,1.17,1.16,1.17,1.17,1.17,,1.18
200,Assam,Hojai,,,,,,,,,,,,,,,,,,,,,0.4,0.65,1.2
201,Madhya Pradesh,Raisen,0.33,0.38,0.39,0.45,0.41,0.65,0.44,,0.47,0.44,0.51,0.57,0.93,0.98,,0.53,0.82,,1,1.2,,0.75,
202,Arunachal Pradesh,Tirap,0.66,0.86,0.67,0.81,0.76,0.76,0.76,0.76,0.6,0.63,0.63,0.69,1,1.2,0.82,0.84,0.83,0.83,0.83,0.83,0.84,,0.84
203,Karnataka,Shimoga,0.89,0.83,0.79,,,0.33,,,,,,,,,,,,,1.1,0.55,1.19,1.1,0.7
204,Uttar Pradesh,Sitapur,0.69,0.65,0.59,,0.35,0.7,0.63,0.6,0.61,0.51,0.8,0.92,1.19,0.75,0.72,0.62,0.44,0.64,0.76,0.61,0.79,0.67,0.76
205,Madhya Pradesh,Umaria,0.12,0.27,0.02,0.38,0.35,0.25,0.26,,0.26,0.31,0.42,0.37,0.47,0.84,0.57,0.67,1,1.19,0.69,1.09,,0.91,0.87
206,Karnataka,Bidar,0.79,0.72,0.61,0.55,0.63,0.63,0.57,0.51,,0.54,0.47,0.44,0.32,0.38,0.35,,0.43,1,0.87,0.41,1.19,1,0.09
207,Arunachal Pradesh,East kameng,0.9,1.14,0.91,0.91,0.91,0.97,0.98,0.99,0.98,1.1,1.1,1.19,1.17,1.13,1.09,1.08,1.05,1.05,1.05,1.06,1.07,,1.07
208,Karnataka,Bangalore rural,0.53,0.86,,,,0.74,0.64,0.5,,0.5,0.47,0.45,0.44,0.64,0.65,0.31,,0.57,1,0.56,1.19,1.06,0.02
209,Nagaland,Tseminyu,,,,,,,,,,,,,,,,,,,,,,,1.18
210,Arunachal Pradesh,Anjaw,,,,,0.93,0.9,0.84,0.82,0.83,0.74,0.8,0.8,0.8,0.8,1.18,1.17,1.16,1.16,1.16,1.16,1.17,,1.16
211,Karnataka,Mysore,,,,,,,,,,,,,,0.33,,,,0.54,1.12,0.53,1.18,1.03,0.26
212,Madhya Pradesh,Mandla,0.09,0.21,0.2,0.25,0.22,0.08,0.22,0.22,0.24,0.2,0.3,0.25,0.18,0.78,0.27,0.81,1,0.92,1.04,1.06,,1.07,1.17
213,Andhra Pradesh,Spsr nellore,,,,,,,,,,,,,,,,0.88,0.67,,1,0.81,1.17,1,0.93
214,Karnataka,Chamarajanagar,0.86,0.77,0.73,0.56,0.45,0.65,0.23,0.33,,0.4,0.36,,,0.49,0.57,0.24,,,1.12,0.51,1.17,0.93,0.47
215,Rajasthan,Bharatpur,0.03,,,0.5,0.31,1.17,0.33,1,,,,,,,,,,,,,,,
216,Arunachal Pradesh,Dibang valley,0.68,0.74,0.75,0.85,0.7,0.8,0.8,0.71,0.73,0.73,1,1.17,1.15,1.17,1.17,1.04,1.01,1.01,1.02,1.02,1.02,,1.03
217,Nagaland,Noklak,,,,,,,,,,,,,,,,,,,,,,1.13,1.16
218,Dadra and Nagar Haveli,Dadra and Nagar Haveli,0.61,1.16,1.16,0.88,0.88,0.92,1.08,1,1,0.5,1,0.95,0.95,0.95,0.94,0.8,,0.75,,,,,
219,Nagaland,Longleng,,,,,,,,,0.89,0.33,0.84,0.84,1.11,1.11,1.11,1.11,1.16,1.16,1.16,1.16,1.16,1.12,1.15
220,Maharashtra,Satara,0.67,0.77,0.29,0.24,0.3,0.3,0.18,0.41,0.56,0.4,1.15,0.43,0.27,0.57,0.38,0.33,,,,,,,
221,Karnataka,Mandya,0.83,0.88,0.03,,,,,,,,,,,,,,,0.56,1.12,0.43,1.15,0.92,0.5
222,Karnataka,Hassan,0.75,0.64,0.77,,0.72,0.22,0.17,0.68,,0.68,0.78,0.58,0.39,0.52,0.46,0.44,0.12,,0.12,0.54,1.15,0.93,0.43
223,Assam,Kokrajhar,0.57,0.57,0.57,0.57,0.57,0.57,0.57,0.57,0.57,0.59,0.58,0.61,0.59,0.59,0.74,0.66,0.67,0.67,0.55,0.55,0.56,0.56,1.14
224,Nagaland,Chumoukedima,,,,,,,,,,,,,,,,,,,,,,,1.13
225,Nagaland,Shamator,,,,,,,,,,,,,,,,,,,,,,,1.13
226,Uttar Pradesh,Mahoba,0.67,0.68,0.55,,0.36,0.67,0.62,0.6,0.61,0.5,0.76,1.13,1,0.81,0.67,0.5,0.53,0.67,,0.73,0.8,,0.67
227,Nagaland,Nuiland,,,,,,,,,,,,,,,,,,,,,,,1.12
228,Arunachal Pradesh,Shi yomi,,,,,,,,,,,,,,,,,,,,0.84,0.87,,1.11
229,Madhya Pradesh,Chhindwara,0.12,0.17,0.15,0.26,0.23,0.56,0.26,0.28,0.25,0.34,0.26,0.41,0.51,0.36,0.7,0.53,1.11,0.98,0.37,0.66,,0.56,1.06
230,Assam,Baksa,,,,,,0.45,0.45,0.45,0.49,0.46,0.45,0.48,0.46,0.45,0.57,1.04,0.58,0.64,0.56,0.65,0.71,0.71,1.11
231,Sikkim,Mangan,0.92,0.65,0.57,0.8,0.77,0.78,0.93,0.71,0.95,1.1,0.95,0.93,0.92,0.93,0.93,0.96,0.97,0.97,0.98,0.98,0.98,0.98,0.99
232,Meghalaya,North garo hills,,,,,,,,,,,,,,1.03,1.05,1.07,1.08,1.09,1.08,1.06,1.06,,1.1
233,Andhra Pradesh,Srikakulam,0.72,0.63,0.65,0.7,0.53,0.76,0.74,,0.76,0.69,0.95,0.71,,,,0.58,0.63,1.09,0.83,0.71,1,1,
234,Rajasthan,Sirohi,0.01,0.8,0.01,0.8,0.33,0.78,0.67,0.75,0.56,0.21,0.82,0.72,1.03,0.59,0.12,0.84,0.72,0.58,1.06,1.01,1.09,0.89,0.88
235,Andhra Pradesh,Nandyal,,,,,,,,,,,,,,,,,,,,,,,1.09
236,Uttar Pradesh,Farrukhabad,,,,,,,,,,,,,,,,,,,,,,,1.09
237,Maharashtra,Bhandara,0.67,1,1,,,,,,,,1.09,,,,,,,,,,,,
238,Sikkim,Pakyong,,,,,,,,,,,,,,,,,,,,,,,1.09
239,West Bengal,Hooghly,1.08,,,,,,,,,,,,,,,,,,,,,,
240,Uttar Pradesh,Allahabad,0.67,0.7,0.62,,0.35,,0.6,0.6,0.6,0.4,0.84,,,,,0.7,0.36,0.64,0.8,0.6,0.84,0.92,1.08
241,Uttar Pradesh,Siddharth nagar,0.68,0.71,0.69,,0.34,0.77,0.6,,0.67,,,,,,,,,,,,,0.92,1.08
242,Uttar Pradesh,Azamgarh,0.75,0.77,1.08,,0.37,0.64,0.64,0.6,0.63,0.49,0.71,0.86,0.9,0.75,0.76,0.6,0.55,0.5,0.67,0.73,0.78,,0.77
243,Sikkim,Soreng,,,,,,,,,,,,,,,,,,,,,,,1.08
244,Sikkim,Geyzing,0.95,0.94,0.9,0.86,0.86,0.93,0.97,1.01,0.97,0.98,0.98,0.99,1.03,1.03,1.04,1.05,1.07,1.07,1.07,1.07,1.08,1.08,1.08
245,Arunachal Pradesh,Siang,,,,,,,,,,,,,,,,1.08,1.05,1.05,1.05,1.06,1.06,,1.07
246,Maharashtra,Latur,0.6,0.67,0.35,0.44,0.5,0.62,0.75,0.36,0.18,0.33,1.08,0.27,0.29,0.29,0.4,0.1,,,,,,,
247,Arunachal Pradesh,Pakke kessang,,,,,,,,,,,,,,,,,,,,1.06,1.08,,1.08
248,Uttar Pradesh,Deoria,0.71,0.85,0.63,,0.33,0.76,0.6,,,0.44,,1,1.08,,,,,,,,,,
249,Uttar Pradesh,Firozabad,,,,,,,,,,,,,,,,,,,,,,,1.08
250,Arunachal Pradesh,West kameng,0.97,0.97,0.97,0.97,0.97,0.97,0.97,0.97,1.05,0.99,0.98,1.07,0.98,0.98,0.98,0.98,0.96,0.96,0.96,0.96,0.97,,0.97
251,Tamil Nadu,Tirupathur,,,,,,,,,,,,,,,,,,,,0.75,0.93,1.07,0.9
252,Madhya Pradesh,Vidisha,0.3,0.33,0.28,0.32,0.32,0.63,0.36,,0.31,0.33,0.31,0.69,0.51,0.35,,0.4,1,,,,,,1.06
253,Uttar Pradesh,Bahraich,0.67,0.77,0.49,,0.34,0.77,0.6,0.59,0.6,0.42,0.84,0.93,1.06,0.72,,,0.36,0.67,0.82,0.61,0.85,,0.78
254,Uttar Pradesh,Chitrakoot,0.65,0.69,0.48,,0.36,0.67,0.61,0.6,0.61,0.51,0.78,1.06,1.01,0.73,,0.56,0.39,0.66,0.8,,0.83,,0.65
255,Meghalaya,East garo hills,0.84,0.83,0.83,0.83,0.83,0.84,0.84,0.86,0.86,0.86,0.85,0.86,0.95,1,1.01,1.05,1.06,1.05,1.05,1.04,1.04,,0.89
256,Karnataka,Gulbarga,0.68,0.64,0.59,0.57,0.64,0.84,0.32,0.22,,0.22,0.35,0.32,0.26,0.36,0.34,0.25,,0.5,1.05,0.39,1.01,0.81,0.25
257,Arunachal Pradesh,Kra daadi,,,,,,,,,,,,,,,,1.05,0.92,0.93,0.95,0.95,0.98,,0.98
258,Uttar Pradesh,Barabanki,0.76,0.78,0.4,,0.34,0.73,0.64,0.6,0.6,0.43,0.84,0.93,1.05,0.78,0.76,0.71,0.37,0.68,0.8,0.63,0.83,,0.77
259,Arunachal Pradesh,Namsai,,,,,,,,,,,,,,,,1.02,0.91,0.92,0.96,0.98,1.04,,1.05
260,Madhya Pradesh,Dindori,0.12,0.24,0.17,0.22,0.19,0.02,0.17,,0.21,0.19,0.23,0.24,0.49,0.88,0.33,0.81,1.05,0.98,0.74,0.98,,0.8,1.04
261,Madhya Pradesh,Rewa,0.28,0.33,0.28,0.31,0.34,0.26,0.34,,0.4,0.35,0.52,0.37,0.26,0.46,0.5,0.5,1,1.04,0.54,0.66,,0.66,0.83
262,Sikkim,Namchi,0.95,0.95,0.95,0.95,0.95,1,1,0.8,0.91,0.93,0.93,0.93,0.97,0.99,0.99,1.01,1.02,1.03,1.03,1.03,1.04,1.04,1.04
263,Madhya Pradesh,Sidhi,0.26,0.28,0.25,0.37,0.31,0.42,0.33,,0.33,0.32,0.38,0.32,0.42,0.6,0.57,0.83,0.83,1.04,0.64,0.79,,0.8,0.87
264,Karnataka,Chikballapur,,,,,,,,,,0.72,0.63,0.53,,0.61,0.5,0.35,0.32,0.7,0.9,0.52,1.04,1.03,1.04
265,Uttar Pradesh,Gorakhpur,0.67,0.74,0.84,,0.36,0.73,0.6,0.6,0.5,0.42,,1,1.04,0.71,0.76,0.77,0.36,0.67,0.77,0.57,0.87,,0.79
266,Uttar Pradesh,Hamirpur,0.67,0.65,0.66,,0.38,0.67,0.63,0.63,,0.67,0.71,1.03,1,1,,0.67,0.8,0.6,,,,,
267,Uttar Pradesh,Gonda,1.03,0.78,0.45,,,0.5,,,,,,,,,,,,,,,,,
268,Uttar Pradesh,Balrampur,0.67,0.77,0.52,,0.34,0.76,0.61,0.59,0.6,0.41,,0.94,1.03,0.73,0.75,0.72,0.36,0.64,0.79,0.61,,,0.87
269,Madhya Pradesh,Shahdol,0.2,0.27,0.27,0.37,0.3,0.24,0.31,,0.36,0.31,0.42,0.41,0.46,0.77,0.38,0.71,0.86,1.02,0.54,0.76,,0.87,0.49
270,Himachal Pradesh,Shimla,0.63,0.96,0.64,,,1.02,1.02,1.02,1.02,0.5,0.81,0.57,0.96,1.01,1.01,0.95,1.01,0.96,0.95,1.01,0.56,0.56,0.56
271,Andhra Pradesh,Visakhapatanam,0.44,0.53,0.4,0.43,0.39,0.41,0.42,0.42,0.44,0.44,1.01,0.62,0.54,0.54,0.56,0.3,0.41,0.38,0.4,0.46,0.48,0.72,
272,Karnataka,Bijapur,0.59,0.33,0.22,0.58,0.36,,,0.27,,,,,,,,,,0.52,1.01,0.39,0.88,0.86,0.22
273,Uttar Pradesh,Amethi,,,,,,,,,,,,0.93,1.01,0.76,0.76,0.68,0.47,0.65,0.78,0.68,0.81,,0.75
274,Gujarat,Aravalli,,,,,,,,,,,,,,,0.91,1.01,,,,,,,
275,Uttar Pradesh,Faizabad,0.74,0.73,0.44,,0.4,0.5,0.67,0.5,0.62,,0.83,1,,,,1,0.4,0.67,0.67,0.67,1,,0.88
276,Tamil Nadu,Tiruppur,,,,,,,,,,,,,,,,,1,1,,,,,
277,Bihar,Gaya,0.58,,1,0.71,0.71,0.74,,0.67,0.73,,0.77,0.75,0.77,0.74,0.75,0.71,,,,,,,
278,Jammu and Kashmir,Srinagar,,,,1,,,,,,,,,,,,,,,,,,,
279,Maharashtra,Chandrapur,0.69,0.71,0.5,0.64,1,0.63,1,1,1,,0.98,0.3,0.2,0.6,0.3,,,,,,,,
280,Assam,Dhemaji,0.65,0.68,0.61,0.69,0.67,0.68,0.67,0.67,0.7,0.7,0.71,0.65,0.75,0.69,1,0.81,0.82,0.82,0.41,0.59,0.56,0.29,0.42
281,Bihar,Madhubani,0.78,0.8,1,1,,1,,0.75,0.75,0.67,,,,,,,,,,,0.71,,
282,Uttar Pradesh,Hardoi,0.67,0.62,0.58,,0.38,,1,,,0.64,,,,,,,,,,0.9,,,
283,Uttar Pradesh,Kanpur dehat,,,,,0.33,,,,0.57,,,1,,0.67,,,0.67,,,0.83,0.67,,
284,Uttar Pradesh,Mau,0.86,0.52,0.61,,0.4,0.57,0.62,0.6,0.62,0.63,0.71,1,1,0.82,0.73,0.59,0.62,0.59,0.74,0.76,0.78,0.79,1
285,Arunachal Pradesh,Upper siang,0.68,0.95,0.8,0.8,1,1,1,0.77,0.5,0.6,0.6,0.66,0.65,0.86,0.87,0.94,0.92,0.92,0.92,0.92,0.93,,0.94
286,Madhya Pradesh,Narsinghpur,0.17,0.34,0.31,0.37,0.34,0.67,0.31,,0.31,0.32,0.44,0.38,0.31,0.33,,,,1,0.28,0.41,,0.45,0.59
287,Madhya Pradesh,Shajapur,,,0.22,,,,,,,,,,,,,,,,1,,,,
288,Uttar Pradesh,Maharajganj,0.69,0.86,0.71,,0.33,1,1,0.6,1,,1,,,,,,0.67,0.67,0.67,,0.67,,
289,Rajasthan,Dausa,0.05,1,0.25,,0.5,,,,,,,,,,,,,,,,,,
290,Madhya Pradesh,Ratlam,0.29,0.26,0.32,0.44,0.3,0.29,0.41,,0.45,0.4,0.59,,0.38,0.46,,,,,1,,,0.73,
291,Bihar,Purbi champaran,0.53,0.8,0.75,0.77,0.83,1,,1,1,0.78,0.73,,,,0.75,,,,,,,,
292,Bihar,Banka,,0.49,1,0.75,0.74,,,,,,,,,,,,,,,,,,1
293,Himachal Pradesh,Kullu,0.16,0.2,0.03,,,0.33,0.29,0.6,0.63,0.5,0.8,1,1,1,1,1,1,1,0.99,1,0.55,0.56,0.56
294,Bihar,Sheikhpura,,,,0.75,0.67,0.5,,,,,,,,,,1,1,,,,,,
295,Telangana,Rajanna,,,,,,,,,,,,,,,,,,,,,1,,
296,Andhra Pradesh,East godavari,0.53,0.48,0.38,0.58,0.44,0.55,0.52,1,0.39,0.48,0.99,0.62,,0.51,0.55,0.4,0.41,0.56,0.41,0.36,0.51,0.66,
297,Rajasthan,Rajsamand,0.01,0.62,0.01,0.6,0.18,0.59,1,1,0.09,0.18,0.5,1,0.35,,,,1,,,,,,
298,Kerala,Wayanad,,,,1,,,,,,,,,,,,,,,,,,,
299,Uttar Pradesh,Moradabad,1,1,0.5,,,,,,,,,,,,,,,,,,,,
300,Bihar,Nalanda,0.58,0.81,0.77,0.8,0.81,0.76,,0.83,0.76,1,,,,,,1,0.77,0.75,0.83,0.79,,1,1
301,Kerala,Kottayam,,,,1,,,,,,,,,,,,,,,,,,,
302,Uttar Pradesh,Bijnor,,,,,,1,,,,,,,,,,,,,,,,,
303,Gujarat,Sabar kantha,,,1,,,,,,,,,,,,,,,,,,,,
304,Assam,Sivasagar,0.6,0.6,0.6,0.67,1,0.67,0.75,0.6,0.4,1,0.5,0.5,0.67,0.6,0.63,0.6,0.63,0.57,0.33,0.33,1,0.64,0.6
305,Bihar,Munger,,,,0.78,0.83,0.75,,,0.8,,1,,,1,1,1,,1,1,1,1,1,
306,Tripura,Sepahijala,,,,,,,,,,,,,,,,,0.82,0.81,1,0.8,0.76,0.81,1
307,Telangana,Vikarabad,,,,,,,,,,,,,,,,,,,,,0.54,0.76,1
308,Uttar Pradesh,Jhansi,0.5,0.4,0.43,,0.4,,,,1,,0.8,0.9,0.95,0.83,,,0.7,0.65,0.7,0.78,0.74,0.64,
309,Bihar,Aurangabad,,1,0.67,1,1,,,0.73,0.73,,,,0.71,0.8,0.75,,,,,,,,0.8
310,Uttar Pradesh,Rampur,,1,1,,,,,,,,,,,,,,,,,1,,,
311,Rajasthan,Pali,0,0.48,0.2,0.56,0.5,0.3,0.59,0.49,0.75,,0.17,0.57,1,0.16,0.6,0.59,0.62,,,,,1,
312,Madhya Pradesh,Mandsaur,,,,,,,,,,,,,,,,,,,1,,,,
313,Bihar,Arwal,,,,,,,,,,,,,,,1,1,,,,,,,
314,Uttar Pradesh,Lucknow,0.68,0.69,0.58,,0.35,0.74,0.61,0.59,0.67,0.5,0.75,1,0.91,0.83,1,0.67,0.63,0.63,0.75,0.75,0.88,,0.5
315,Rajasthan,Barmer,1,,,1,1,0.67,,,,,,,,,,1,,,,,,,
316,Tamil Nadu,Kanchipuram,,,,,,,,,,,,,,0.5,,,,,,,,1,1
317,Madhya Pradesh,Alirajpur,,,,,,,,,0.28,0.24,0.28,0.22,0.32,0.43,,0.46,1,1,0.63,0.54,,0.46,0.62
318,Tripura,Unakoti,,,,,,,,,,,,,,,,,0.79,0.78,1,0.85,0.8,0.83,1
319,Himachal Pradesh,Chamba,0.21,0.25,0.14,,,0.07,0.3,0.3,0.3,0.14,0.23,0.67,0.28,0.29,0.29,0.41,0.29,0.43,0.88,0.98,1,0.75,0.76
320,Maharashtra,Palghar,,,,,,,,,,,,,,,1,0.61,,,,,,,
321,Tripura,Gomati,,,,,,,,,,,,,,,,,0.8,0.8,0.61,0.82,0.81,0.81,1
322,Bihar,Muzaffarpur,,0.75,0.75,0.74,,0.72,,1,0.67,0.75,1,1,0.81,1,0.83,0.86,0.8,,,,,,
323,Andhra Pradesh,Tirupati,,,,,,,,,,,,,,,,,,,,,,,1
324,Rajasthan,Jodhpur,,,,,,,,0.33,0.5,1,,0.5,,,,,,,,,,,
325,Uttar Pradesh,Bulandshahr,,,,,,,,,,,,,,,,,,,,,,,1
326,Uttar Pradesh,Mirzapur,0.47,0.58,0.54,,0.48,0.95,0.9,0.49,0.69,0.43,0.5,1,,,,,,,,,,,
327,Bihar,Buxar,,,0.5,1,,0.75,,,0.8,,,,,0.75,0.75,,,,,0.75,0.75,0.75,0.75
328,Arunachal Pradesh,Changlang,0.69,0.8,0.8,0.82,0.8,0.81,0.81,0.81,0.97,0.98,0.98,0.93,1,0.58,0.62,0.63,0.61,0.62,0.62,0.62,0.62,,0.65
329,Gujarat,Rajkot,,,,,,,,,,,,,,,,1,,,,,,,
330,Bihar,Sitamarhi,0.67,0.78,0.5,0.5,0.75,1,,0.72,0.74,,,,,,,,,,,,,,
331,Maharashtra,Gondia,0.75,0.67,1,0.5,0.25,0.6,,0.5,0.5,,0.79,,0.2,,,0.2,,,,,,,
332,Assam,Dibrugarh,0.48,0.48,0.48,0.48,0.48,0.46,0.44,0.44,0.5,,,,,,,,0.5,1,,0.63,,,
333,Bihar,Lakhisarai,,1,,,,,,,,,,,,,,,1,,,,,,
334,Uttar Pradesh,Fatehpur,0.59,0.58,0.59,,0.38,0.75,0.63,0.63,,,,,,,,1,,,,,,,
335,Arunachal Pradesh,Lohit,0.9,0.73,0.95,0.96,0.95,0.89,1,0.85,0.81,0.74,0.84,0.91,0.86,0.8,0.78,0.99,0.75,0.79,0.84,0.87,0.93,,0.94
336,Bihar,Bhojpur,1,,,0.79,0.83,0.76,,0.74,0.75,0.76,0.77,0.75,0.77,0.75,0.75,0.75,0.75,0.75,0.76,0.8,,,
337,Bihar,Nawada,0.52,0.79,0.75,0.76,0.74,0.71,,0.5,0.72,,,,,0.75,,,,1,,,,,0.75
338,Karnataka,Dakshin kannad,,,,,,,,,,,,,,,,,,,,0.38,1,,
339,Madhya Pradesh,Seoni,0.07,0.19,0.15,0.31,0.23,0.52,0.24,,0.25,0.24,0.28,0.25,0.36,0.27,0.5,0.29,1,0.89,0.31,0.4,,0.42,0.88
340,Bihar,Katihar,0.52,0.79,0.78,0.78,0.79,0.76,,0.77,0.78,0.79,0.77,0.76,0.75,,0.75,0.75,0.76,0.75,0.75,1,0.8,0.75,0.86
341,Uttar Pradesh,Mathura,0.6,,1,,,,,,,,,,,,,,,,,,,,
342,Uttar Pradesh,Budaun,1,,,,,,,,,,,,,,,,,,,,,,
343,Gujarat,Tapi,,,,,,,,,,,,,,,,,,,,,1,,
344,Bihar,Kishanganj,,1,0.74,0.74,0.74,0.74,,,0.74,,,,,,,,,,,,,,
345,Assam,Karimganj,,0.5,,0.6,0.6,0.67,,,0.67,0.5,0.5,,1,0.5,0.5,0.5,0.5,0.5,0.5,0.84,0.5,0.57,0.56
346,Uttar Pradesh,Ghaziabad,,,1,,,,,,,,,,,,,,,,,,,,
347,Chhattisgarh,Raipur,0.06,0.15,0.1,0.15,0.18,0.14,0.14,0.16,0.14,0.1,0.15,0.13,1,0.13,0.2,,,,,0.2,0.2,0.3,0.5
348,Tripura,West tripura,,,,,,,,,,,,,,,,,0.8,0.83,0.79,0.76,0.8,0.77,1
349,Gujarat,Bharuch,,0.33,,0.33,1,,,,,,,,,,,,,,,,,,
350,Rajasthan,Alwar,0.05,,0.1,1,,,,,,,,,,,,,,,,,,,
351,Bihar,Pashchim champaran,0.51,0.79,0.77,0.79,0.99,0.79,,0.78,0.79,0.79,0.78,,,,,,,,,,,,
352,Tripura,Dhalai,,,,,,,,,,,,,,,,,0.8,0.82,0.84,0.84,0.81,0.83,0.99
353,Tripura,Khowai,,,,,,,,,,,,,,,,,0.82,0.81,0.85,0.84,0.8,0.81,0.99
354,Arunachal Pradesh,West siang,0.81,0.85,0.83,0.84,0.84,0.87,0.85,0.85,0.86,0.87,0.88,0.98,0.82,0.83,0.84,0.84,0.83,0.83,0.83,0.83,0.85,,0.85
355,West Bengal,Murshidabad,,0.98,0.65,,,,,,,,,,,,,,,,,,,,
356,Karnataka,Yadgir,,,,,,,,,,,0.8,0.33,0.31,0.35,0.36,0.33,0.38,0.54,0.56,0.43,0.71,0.98,0.41
357,Uttar Pradesh,Lalitpur,0.73,0.73,0.44,,0.41,0.65,0.64,0.6,0.61,0.51,0.8,0.94,0.97,0.83,0.75,0.71,0.56,0.64,0.76,0.63,0.78,0.66,0.76
358,Assam,Darrang,0.65,0.65,0.65,0.65,0.64,0.66,0.66,0.67,,0.66,0.67,0.69,0.68,0.67,0.86,0.77,0.69,0.69,0.68,0.68,0.97,0.79,0.69
359,Madhya Pradesh,Anuppur,,,,0.35,0.31,0.33,0.29,0.21,0.32,0.17,0.23,0.29,0.46,0.53,0.67,0.69,0.85,0.96,0.53,0.96,,0.79,0.83
360,Maharashtra,Jalna,0.58,0.62,0.33,0.4,0.2,0.53,0.31,0.44,0.14,0.2,0.96,0.5,,0.4,0.53,,,,,,,,
361,Tripura,South tripura,,,,,,,,,,,,,,,,,0.79,0.61,0.79,0.79,0.79,0.79,0.96
362,Arunachal Pradesh,Lower siang,,,,,,,,,,,,,,,,,,,0.95,0.95,0.96,,0.96
363,Uttar Pradesh,Sonbhadra,0.68,0.64,0.68,,0.34,0.64,0.61,0.61,0.61,0.53,0.7,0.91,0.95,0.81,0.74,0.64,0.63,0.65,0.75,0.73,0.76,0.65,0.73
364,Maharashtra,Sangli,,,0.5,0.5,0.5,0.4,0.5,0.67,0.67,0.5,0.95,0.32,0.29,0.45,0.33,0.25,,,,,,,
365,Uttar Pradesh,Sant kabeer nagar,0.95,0.91,0.68,,0.34,0.77,0.61,0.58,,,,0.92,,0.67,,0.7,0.33,0.67,0.77,0.58,0.85,,0.75
366,Karnataka,Davangere,0.63,0.54,0.6,0.5,0.54,0.37,0.41,0.46,,0.55,0.45,0.71,0.41,0.35,0.33,0.4,0.22,0.42,0.95,0.33,0.76,0.77,0.05
367,Tripura,North tripura,,,,,,,,,,,,,,,,,0.79,0.81,0.83,0.84,0.81,0.84,0.95
368,Uttar Pradesh,Sultanpur,0.68,0.66,0.54,,0.36,0.66,0.64,0.61,0.62,0.64,0.77,0.92,0.94,0.8,0.71,0.6,0.71,0.71,0.57,0.75,0.71,0.63,
369,Himachal Pradesh,Kangra,0.14,0.25,0.13,,,0.22,0.32,0.78,0.78,0.45,0.72,0.91,0.84,0.89,0.89,0.9,0.9,0.94,0.89,0.91,,,
370,Maharashtra,Pune,0.64,0.59,0.44,0.42,0.4,0.53,0.43,0.52,0.33,0.4,0.94,0.34,0.26,0.33,0.28,0.74,,,,,,,
371,Uttar Pradesh,Shravasti,0.65,0.71,0.43,,0.4,0.57,,,,,0.84,,0.93,,,,,,,,,,
372,Arunachal Pradesh,Leparada,,,,,,,,,,,,,,,,,,,,0.89,0.9,,0.93
373,Madhya Pradesh,Bhopal,,,,,,,,,,,,,,,,,,,,,,,0.93
374,Himachal Pradesh,Kinnaur,0.41,0.41,0.44,,,0.41,0.49,0.49,0.49,0.22,0.36,0.58,0.4,0.45,0.45,0.62,0.45,0.92,0.44,0.65,0.84,,
375,Maharashtra,Dharashiv,0.61,0.61,0.4,0.36,0.53,,0.92,0.5,0.24,0.11,0.79,0.31,0.38,0.31,0.25,0.1,,,,,,,
376,Chhattisgarh,Bastar,0.15,0.23,0.14,0.24,0.28,0.2,0.23,0.25,0.2,0.16,0.19,0.2,0.22,0.19,0.21,0.1,0.31,0.24,0.35,0.3,0.91,0.83,0.88
377,Maharashtra,Beed,0.6,0.67,0.21,0.38,0.29,0.6,0.33,0.54,0.25,0.25,0.87,0.4,0.29,0.9,0.5,0.22,,,,,,,
378,Assam,South salmara mancachar,,,,,,,,,,,,,,,,,,,,,0.9,0.9,0.9
379,Karnataka,Bagalkot,0.63,0.37,0.25,0.58,0.35,0.28,0.27,0.33,,0.28,0.38,0.32,,,,,0.25,0.55,0.41,0.39,0.9,0.87,0.35
380,Gujarat,Dohad,,,,0.32,0.5,,,,,,,,,,0.83,,,0.9,,,,,
381,Arunachal Pradesh,Lower dibang valley,,,0.75,0.64,0.76,0.75,0.75,0.75,0.75,0.75,0.7,0.76,0.8,0.8,0.88,0.88,0.87,0.87,0.87,0.87,0.87,,0.89
382,Himachal Pradesh,Hamirpur,,0.67,0.5,,,,,,,,,,,,,,,,,0.89,,,
383,Bihar,Samastipur,0.88,0.8,,,,,,,0.78,0.79,0.79,0.79,0.78,0.75,0.78,0.77,0.77,0.76,0.76,0.76,0.76,0.76,0.76
384,Rajasthan,Bikaner,,,,,,,,,,,,,,,,,,,,0.88,,,
385,Gujarat,Chhotaudepur,,,,,,,,,,,,,,,0.87,0.79,,0.82,0.82,,,,
386,Maharashtra,Ahilyanagar,0.56,0.51,0.33,0.23,0.32,0.44,0.35,0.46,0.31,0.27,0.86,0.17,0.1,0.25,0.33,0.17,,,,,,,
387,Himachal Pradesh,Una,,,,,,,,,,,,,,,,,,,,0.86,,,
388,Bihar,Darbhanga,,,0.74,0.86,0.8,,,,,,,,,,,,,,,,,,
389,Bihar,Gopalganj,0.6,0.77,0.78,0.79,0.78,0.74,,0.76,0.77,0.77,0.78,0.75,0.81,0.79,0.8,0.86,,,,,,,
390,Andhra Pradesh,Vizianagaram,0.7,0.52,0.52,0.65,0.53,0.56,0.72,0.67,0.57,0.81,0.81,0.44,,0.57,0.73,0.61,0.74,0.74,0.71,0.84,0.55,0.71,0.86
391,Assam,West karbi anglong,,,,,,,,,,,,,,,,,,,,,0.85,0.85,0.85
392,Rajasthan,Dungarpur,0,0.1,0,0.81,0.85,0.14,0.08,0.79,0.05,0.07,0.52,0.14,0.64,0.17,0.24,0.26,0.8,0.69,0.8,0.06,0.8,0.77,0.43
393,Assam,Karbi anglong,0.32,0.32,0.31,0.32,0.33,0.33,0.33,0.33,0.33,0.33,0.39,0.36,0.38,0.36,0.48,0.66,0.84,0.84,0.83,,0.85,0.84,0.84
394,Himachal Pradesh,Solan,,,,,,,,,,,,,,,,,,,,0.84,,,
395,Assam,Udalguri,,,,,,0.6,0.6,0.61,0.6,0.61,0.6,0.62,0.61,0.62,0.78,0.67,0.65,0.44,0.6,0.72,0.7,0.71,0.84
396,Madhya Pradesh,Betul,0.14,0.23,0.19,0.22,0.16,0.42,0.2,,0.21,0.22,0.32,0.27,0.39,0.41,0.75,0.33,0.67,0.83,0.29,0.11,,0.5,0.67
397,Bihar,Khagaria,0.2,0.83,0.74,0.74,0.74,0.74,,0.73,0.74,0.76,0.77,0.75,0.76,0.75,0.75,0.75,0.75,0.75,0.75,0.75,0.75,0.75,0.75
398,Bihar,Kaimur (bhabua),0.62,,0.74,0.74,0.74,0.74,,0.8,,,0.83,,,,,,,,,,,0.75,
399,Kerala,Thrissur,,,,0.83,,,,,,,,,,,,,,,,,,,
400,Assam,Lakhimpur,0.54,0.54,0.55,0.54,0.56,0.55,0.57,0.57,0.56,0.63,0.57,0.66,0.66,0.58,0.83,0.54,0.54,0.73,0.45,0.45,0.45,0.42,0.41
401,Uttar Pradesh,Kanpur nagar,0.6,0.64,0.6,,0.4,,0.6,,,,,,,,0.73,0.71,0.35,0.65,0.82,0.65,0.82,,0.65
402,Bihar,Patna,0.56,0.79,0.78,0.77,0.82,,,0.5,,,,,0.75,,0.77,0.76,0.75,0.76,,,,,
403,Bihar,Begusarai,0.34,0.77,0.77,0.79,0.82,0.76,,0.77,0.79,0.77,0.78,0.79,0.79,0.77,0.79,,0.75,0.75,0.75,,,0.74,0.76
404,Bihar,Sheohar,0.56,0.78,0.8,0.82,0.8,,,,,0.78,0.76,0.74,0.76,0.75,0.75,0.74,0.75,0.76,,,0.75,,
405,Chhattisgarh,Khairgarh chhuikhadan gandai,,,,,,,,,,,,,,,,,,,,,,,0.82
406,Bihar,Bhagalpur,0.52,0.75,0.74,0.74,0.82,0.75,,0.78,0.77,0.78,0.77,0.75,0.76,0.75,0.75,0.76,0.75,0.75,0.75,0.75,0.75,0.76,0.76
407,Bihar,Saran,0.57,0.78,0.77,0.78,0.81,0.74,,0.76,0.77,0.77,0.77,0.76,0.77,0.76,0.75,0.76,0.76,0.76,0.75,0.76,0.75,0.75,
408,Karnataka,Tumkur,0.37,0.52,0.36,0.33,0.52,0.38,0.36,0.36,,0.7,0.52,0.32,0.28,0.39,0.37,0.38,0.06,0.63,0.44,0.52,0.81,0.81,0.28
409,Assam,Cachar,0.42,0.4,0.42,0.43,0.46,0.46,0.48,0.5,0.47,0.5,0.5,0.5,0.55,0.5,0.63,0.48,0.5,0.45,0.78,0.5,0.8,0.81,0.78
410,Gujarat,Panch mahals,0.29,0.21,0.19,0.25,0.43,,,,,,,,,,,,,0.8,0.8,,,,
411,Madhya Pradesh,Hoshangabad,0.19,0.23,0.25,0.27,0.21,0.4,0.24,0.27,0.27,0.26,0.37,0.32,0.37,0.34,,0.29,0.8,0.75,0.59,,,0.38,0.63
412,Bihar,Rohtas,0.5,,0.8,,0.8,,,,,,,,,,,,,,,,,,
413,Kerala,Alappuzha,,,,0.8,,,,,,,,,,,,,,,,,,,
414,Bihar,Araria,0.53,0.75,0.74,0.77,0.8,0.74,,,0.74,,,,,0.75,,,,,,,,,
415,Bihar,Saharsa,0.53,0.8,0.75,0.74,0.75,0.77,,,0.78,,,,,,,,,,,,,,
416,Bihar,Vaishali,0.53,0.74,0.77,0.78,0.78,0.78,,0.78,0.78,0.79,0.79,0.79,0.79,0.79,0.79,,0.78,,,,,,
417,Bihar,Purnia,0.52,0.79,,0.74,0.74,0.74,,0.72,0.74,,,,,,,,,,,,,,
418,Madhya Pradesh,Rajgarh,,,,,,,,,,,,,,,,,,,0.41,,,,0.79
419,Chhattisgarh,Rajnandgaon,0.17,0.27,0.15,0.28,0.25,0.21,0.24,0.31,0.18,0.18,0.16,0.16,0.23,0.24,0.29,0.21,0.38,0.22,0.48,0.45,0.72,0.79,0.75
420,Madhya Pradesh,Chhatarpur,0.2,0.3,0.22,0.35,0.35,0.27,0.3,,0.3,0.31,0.31,0.32,0.25,0.59,0.67,,,,0.54,,,0.79,0.78
421,Bihar,Madhepura,,0.78,0.77,0.78,0.73,0.74,,0.73,0.74,0.76,0.77,,,0.74,0.77,0.76,0.76,0.76,0.74,0.74,0.75,0.76,0.77
422,Kerala,Idukki,,,,0.78,,,,,,,,,,,,,,,,,,,
423,Maharashtra,Thane,0.71,0.78,0.49,0.66,0.5,0.38,0.66,0.66,0.52,0.46,0.57,0.68,0.65,0.63,0.62,0.55,,,,,,,
424,Assam,Tinsukia,0.5,0.49,0.5,0.5,0.52,0.49,0.47,0.45,0.44,0.4,0.46,0.46,0.45,0.52,0.62,0.54,0.57,0.58,0.58,0.78,0.65,0.65,0.65
425,Maharashtra,Raigad,0.7,0.78,0.53,0.56,0.55,0.42,0.6,0.65,0.51,0.48,0.46,0.55,0.44,0.33,0.52,0.38,,,,,,,
426,Assam,Kamrup,0.43,0.42,0.42,0.53,0.46,0.47,0.47,0.47,0.47,0.47,0.47,0.52,0.48,0.47,0.56,0.52,0.52,0.53,0.52,0.54,0.53,0.55,0.78
427,Maharashtra,Solapur,0.5,0.52,0.07,0.14,0.22,0.4,0.58,0.36,0.3,0.4,0.77,0.43,0.15,0.44,0.25,0.26,,,,,,,
428,Bihar,Supaul,0.62,0.76,0.74,0.74,0.74,,,,,,,0.76,0.76,0.75,,0.75,0.77,0.76,0.76,0.77,0.76,,
429,Bihar,Siwan,0.62,0.76,0.75,0.75,0.76,0.74,,0.74,0.75,0.76,0.76,0.76,0.76,0.75,0.76,0.76,0.76,0.76,0.75,0.75,0.75,0.75,
430,Jammu and Kashmir,Bandipora,,,,,,,,,,,0.69,0.68,0.76,,,0.41,0.65,0.58,0.39,0.36,0.35,,
431,Andhra Pradesh,Chittoor,0.25,0.27,0.22,0.34,0.34,0.32,0.25,,0.28,0.32,0.29,0.34,,0.31,0.4,0.42,0.38,0.53,0.5,0.75,0.53,0.44,0.43
432,Himachal Pradesh,Bilaspur,,,,,,,,,,,,,,,,,,,,0.75,,,
433,Bihar,Jehanabad,,,,,,,,,,,,,,,,,,,,,,,0.75
434,Uttar Pradesh,Kaushambi,0.67,0.75,0.5,,0.36,,0.62,0.56,0.6,,0.69,,,,,0.5,0.75,0.75,0.75,0.75,0.75,,0.75
435,Madhya Pradesh,Jhabua,0.12,0.19,0.18,0.25,0.24,0.24,0.24,0.2,0.26,0.23,0.25,0.22,0.27,0.46,0.75,,,,0.33,0.5,,0.5,0.72
436,Madhya Pradesh,Panna,0.13,0.22,0.14,0.18,0.18,0.62,0.15,,0.27,0.27,0.34,0.33,0.34,0.34,0.75,,,,0.5,0.5,,0.46,0.52
437,Uttar Pradesh,Jalaun,,,,,,,,,,,,,,,0.74,0.6,0.38,0.63,0.75,,,,
438,Uttar Pradesh,Auraiya,,0.75,,,,,,,,,,,,,,,,,,,,,
439,Maharashtra,Parbhani,0.75,0.6,0.43,0.5,0.56,0.5,0.4,0.5,0.29,0.5,0.71,0.5,0.4,0.22,0.26,0.12,,,,,,,
440,Kerala,Thiruvananthapuram,,,,0.75,,,,,,,,,,,,,,,,,,,
441,West Bengal,Jalpaiguri,0.74,0.59,0.71,0.57,0.67,0.69,0.69,0.69,0.69,0.69,0.5,0.52,0.52,0.52,0.5,0.52,0.54,,,,,,
442,Assam,Biswanath,,,,,,,,,,,,,,,,,,,,,0.56,0.74,0.69
443,Maharashtra,Ratnagiri,0.69,0.69,0.63,0.67,0.45,0.71,0.54,0.64,0.59,0.49,0.65,0.6,0.71,0.74,0.45,0.41,,,,,,,
444,Chhattisgarh,Bilaspur,0.16,0.29,0.17,0.31,0.26,0.23,0.26,0.32,0.26,0.3,0.28,0.29,0.32,0.33,0.37,0.33,0.53,0.37,0.6,0.47,0.5,0.72,0.7
445,Jammu and Kashmir,Rajauri,,,,,,,,,,,,,0.72,,,,,,,0.4,,,
446,Chhattisgarh,Gaurella-pendra-marwahi,,,,,,,,,,,,,,,,,,,,0.39,0.57,0.72,0.71
447,Meghalaya,South west garo hills,,,,,,,,,,,,,,0.66,0.67,0.7,0.7,0.7,0.7,0.69,0.69,,0.71
448,Assam,Barpeta,0.5,0.5,0.5,0.5,0.5,0.5,0.5,0.5,0.52,0.51,0.51,0.54,0.52,0.53,0.65,0.71,0.6,0.59,0.59,0.59,0.59,0.62,0.62
449,Jammu and Kashmir,Samba,,,,,,,,,,,,,,,,0.7,0.7,,0.32,,,,
450,Jammu and Kashmir,Jammu,,,,,,,,,,,,,,,,0.7,0.56,,0.7,0.7,,,0.68
451,Jammu and Kashmir,Udhampur,,,,,,,,,,,0.27,0.28,0.32,,,0.33,0.47,0.41,0.6,0.52,0.48,0.7,0.7
452,Uttar Pradesh,Basti,0.69,0.55,0.66,,0.35,0.56,0.63,,0.64,0.69,,,,,,,,,,,,,
453,Chhattisgarh,Mohla manpur ambagarh chouki,,,,,,,,,,,,,,,,,,,,,,,0.69
454,Karnataka,Gadag,0.65,0.44,0.52,0.58,0.49,0.37,0.32,0.33,,0.39,0.48,0.34,0.18,0.15,0.23,0.47,0.29,0.47,0.46,0.54,0.64,0.67,0.41
455,Uttar Pradesh,Hathras,,,0.67,,,,,,,,,,,,,,,,,,,,
456,Assam,Hailakandi,0.6,0.6,0.6,0.6,0.6,0.6,0.57,0.57,0.6,0.5,0.6,,0.57,0.63,0.67,0.6,0.67,0.67,0.6,0.5,0.5,0.67,0.5
457,Punjab,Mansa,,,,,,,,,,,,,,,,,,,,,,,0.67
458,Madhya Pradesh,Bhind,,0.41,,,,,,,0.25,,,,0.2,,,,,,0.67,,,,
459,Rajasthan,Kota,,,,,,,,,,,,,,0.67,,,,,,,,,
460,Punjab,Bathinda,,,,,,,,,,,,,,,,,,,,,,,0.67
461,Uttar Pradesh,Ambedkar nagar,0.67,0.5,0.4,,,,,,,,,,,,,,,,,,,,
462,Meghalaya,West garo hills,0.53,0.53,0.55,0.55,0.54,0.55,0.53,0.53,0.53,0.53,0.52,0.52,0.6,0.61,0.63,0.65,0.65,0.65,0.65,0.64,0.64,,0.66
463,Jammu and Kashmir,Leh ladakh,,,0.33,0.57,,,,,,,0.6,0.6,0.6,,,0.61,0.6,0.59,0.61,,,,
464,Madhya Pradesh,Neemuch,,,,,,,,,,,,0.65,,,,,,,,,,,
465,Assam,Nagaon,0.38,0.39,0.39,0.39,0.39,0.38,0.38,0.42,0.42,0.42,0.43,0.44,0.43,0.43,0.54,0.45,0.45,0.44,0.45,0.51,0.55,0.65,0.65
466,Madhya Pradesh,Dhar,0.09,0.1,0.19,0.27,0.25,0.23,0.28,0.17,0.28,0.29,0.45,0.33,0.44,,,,,,,0.65,,0.54,0.61
467,Uttar Pradesh,Jaunpur,0.65,0.6,,,0.4,,0.6,,,,,,,,,,,,,,,,
468,Karnataka,Bellary,0.64,0.37,0.22,0.45,0.38,0.27,0.18,0.27,,0.24,0.29,0.24,0.21,0.33,0.33,0.36,0.4,0.61,0.36,0.46,0.58,0.57,0.41
469,Chhattisgarh,Kanker,0.13,0.24,0.08,0.25,0.21,0.18,0.11,0.25,0.19,0.28,0.33,0.13,0.19,0.22,0.33,0.16,0.51,0.18,0.47,0.43,0.46,0.64,0.55
470,Chhattisgarh,Durg,0.08,0.21,0.12,0.24,0.19,0.17,0.18,0.24,0.15,0.15,0.19,0.13,0.19,0.12,0.19,0.14,0.16,0.21,0.33,0,0.56,0.57,0.63
471,Jammu and Kashmir,Kupwara,,,,0.6,,,,,,,0.63,0.63,0.63,,,0.63,0.63,0.63,0.63,0.34,0.34,,
472,Telangana,Medchal,,,,,,,,,,,,,,,,,,,,,0.63,0.5,
473,Odisha,Nayagarh,0.62,0.63,,0.59,0.61,,,,,,,,,,,,,,,0.5,,,
474,Assam,Nalbari,0.44,0.45,0.45,0.45,0.45,0.45,0.45,0.44,0.44,0.45,0.46,0.49,0.48,0.46,0.6,0.5,0.5,0.53,0.5,0.5,0.53,0.62,0.61
475,Karnataka,Raichur,0.56,0.37,0.22,0.58,0.36,0.27,0.23,0.33,,0.29,0.37,0.3,,,,,,,0.44,0.38,0.55,0.61,0.32
476,Andhra Pradesh,Annamayya,,,,,,,,,,,,,,,,,,,,,,,0.61
477,Odisha,Rayagada,0.54,0.6,0.6,0.6,0.61,,,,,,,,,,,,,,,0.52,,,
478,Kerala,Kasaragod,,,,0.6,,,,,,,,,,,,,,,,,,,
479,Assam,Golaghat,0.48,0.44,0.45,0.45,0.44,0.47,0.45,0.45,0.45,0.45,0.45,0.47,0.46,0.46,0.6,0.47,0.47,0.49,0.5,0.49,0.49,0.49,0.51
480,Andhra Pradesh,Parvathipuram manyam,,,,,,,,,,,,,,,,,,,,,,,0.6
481,Assam,Kamrup metro,,,,,,0.46,0.48,0.48,0.47,0.47,0.47,0.49,0.47,0.47,0.59,0.46,0.51,0.51,0.51,0.54,0.5,0.54,0.58
482,Assam,Bongaigaon,0.54,0.54,0.55,0.54,0.54,0.48,0.48,0.47,0.49,0.48,0.47,0.55,0.48,0.45,0.57,0.58,0.53,0.47,0.57,0.45,0.58,0.45,0.47
483,Madhya Pradesh,Damoh,0.15,0.26,0.14,0.31,0.27,0.17,0.21,0.17,0.36,0.31,0.44,0.45,0.35,0.25,,,,0.58,,,,,
484,Odisha,Kalahandi,0.38,0.45,0.44,0.48,0.58,,,,,,,,,,,,,,,0.53,,,
485,Uttar Pradesh,Baghpat,,,0.57,,,,,,,,,,,,,,,,,,,,
486,Jammu and Kashmir,Kargil,,,,0.56,,,,,,,0.55,0.55,0.55,,,0.57,0.57,0.57,0.55,,,,
487,Odisha,Sundargarh,0.32,0.56,0.37,0.46,0.46,,,,,,,,,,,,,,,0.51,,,
488,Odisha,Dhenkanal,0.52,,0.52,0.52,0.51,,,,,,,,,,,,,,,0.56,,,
489,Jammu and Kashmir,Badgam,,,,,,,,,,,,,,,,,,,,,,0.56,0.51
490,Odisha,Ganjam,0.55,0.55,0.45,0.55,0.53,,,,,,,,,,,,,,,0.53,,,
491,Rajasthan,Banswara,0,0.2,0.09,0.23,0.25,0.1,0.04,0.28,0.01,0.05,0.13,0.08,0.15,0.06,0.07,0.15,0.4,0.55,0.43,0.09,0.27,0.26,0.36
492,Odisha,Anugul,0.53,,0.5,0.5,0.5,,,,,,,,,,,,,,,,,,
493,Andhra Pradesh,West godavari,0.43,0.5,,,,,,,,,,,,,0.5,0.42,0.33,0.33,0.42,0.53,,,
494,Odisha,Kandhamal,0.32,0.22,0.23,0.22,0.22,,,,,,,,,,,,,,,0.52,,,
495,Odisha,Gajapati,0.5,0.46,0.47,0.45,0.47,,,,,,,,,,,,,,,0.52,,,
496,Odisha,Balangir,0.36,0.38,0.48,0.41,0.5,,,,,,,,,,,,,,,0.52,,,
497,Odisha,Koraput,0.38,0.51,0.26,0.35,0.37,,,,,,,,,,,,,,,0.52,,,
498,Odisha,Nuapada,0.22,0.25,0.33,0.36,0.37,,,,,,,,,,,,,,,0.52,,,
499,Chhattisgarh,Kabirdham,0.13,0.28,0.18,0.27,0.24,0.2,0.28,0.27,0.22,0.18,0.17,0.17,0.23,0.25,0.27,0.22,0.4,0.3,0.32,0.34,0.36,0.52,0.48
500,Andhra Pradesh,Alluri sitharama raju,,,,,,,,,,,,,,,,,,,,,,,0.5
501,Madhya Pradesh,Tikamgarh,0.29,0.32,0.17,0.35,0.23,0.32,0.21,0.16,0.3,0.29,0.31,0.18,0.18,0.31,,,,0.5,,,,,
502,Assam,Dima hasao,0.5,0.5,0.5,0.5,0.5,0.5,0.5,0.5,0.44,0.5,0.5,0.5,0.5,,,,,,,,,,
503,Madhya Pradesh,Khargone,0.16,0.2,0.22,0.26,0.18,0.14,0.19,0.26,0.25,,,,0.22,0.17,0.5,,,,,,,,
504,Madhya Pradesh,Guna,0.4,0.5,0.17,0.33,,,,,,,,,,,,,,,,,,,
505,Telangana,Siddipet,,,,,,,,,,,,,,,,,,,,,0.5,,
506,Jammu and Kashmir,Kishtwar,,,,,,,,,,,0.34,0.37,0.37,,,0.38,0.39,0.39,0.39,0.38,0.37,,0.5
507,Odisha,Kendujhar,0.28,0.29,0.32,0.34,0.38,,,,,,,,,,,,,,,0.5,,,
508,Madhya Pradesh,Indore,0.29,,0.33,,0.5,,,,,,,,,,,,,,,,,,
509,Madhya Pradesh,Datia,0.4,0.36,0.25,0.5,0.17,0.33,,,,,,,0.34,,,,,,,,,,
510,Telangana,Mahabubabad,,,,,,,,,,,,,,,,,,,,,,0.5,
511,Gujarat,Valsad,0.25,0.5,0.4,0.25,0.5,,,,,,,,,,,,,,,,,,
512,Odisha,Bargarh,,,,0.5,0.47,,,,,,,,,,,,,,,,,,
513,Madhya Pradesh,Morena,,,,,,,,,,,,,,,,,,,0.5,,,,
514,Chhattisgarh,Korba,0.18,0.29,0.21,0.27,0.22,0.23,0.24,0.28,0.27,0.21,0.25,0.31,0.24,0.25,0.33,0.22,0.42,0.33,0.42,0.37,0.41,0.5,0.41
515,Chhattisgarh,Mungeli,,,,,,,,,,,,0.29,0.29,0.34,0.38,0.33,0.5,0.28,0.38,0.36,0.44,0.49,0.48
516,Chhattisgarh,Balrampur,,,,,,,,,,,,0.26,0.26,0.23,0.29,0.2,0.28,0.49,0.33,0.2,0.23,0.24,0.34
517,Jammu and Kashmir,Doda,,,0.2,0.31,,,,,,,,,,,,,0.49,,,,,,
518,Odisha,Boudh,0.33,0.33,0.38,0.4,0.48,,,,,,,,,,,,,,,0.33,,,
519,Odisha,Mayurbhanj,0.43,0.4,0.35,0.4,0.4,,,,,,,,,,,,,,,0.48,,,
520,Chhattisgarh,Sukma,,,,,,,,,,,,0.21,0.22,0.19,0.2,0.19,0.19,0.23,0.34,0.29,0.46,0.46,0.38
521,Odisha,Malkangiri,0.37,0.4,0.41,0.41,0.39,,,,,,,,,,,,,,,0.46,,,
522,Chhattisgarh,Jashpur,0.2,0.28,0.23,0.31,0.28,0.2,0.32,0.3,0.26,0.17,0.26,0.25,0.27,0.27,0.29,0.24,0.37,0.45,0.41,0.36,0.34,0.26,0.39
523,Odisha,Nabarangpur,0.43,0.4,0.17,0.41,0.41,,,,,,,,,,,,,,,0.45,,,
524,Chhattisgarh,Bijapur,,,,,,,0.01,0.25,0.19,0.13,0.23,0.24,0.26,0.23,0.25,0.25,0.32,0.17,0.3,0.3,0.41,0.44,0.28
525,Jammu and Kashmir,Baramulla,,,0.18,0.4,,,,,,,0.43,0.43,0.43,,,0.4,0.4,0.4,,0.4,0.4,,
526,Madhya Pradesh,Sehore,0.36,0.33,,,,0.43,,,,,,,,,,,,,,,,,
527,Odisha,Sonepur,0.33,0.4,0.43,0.33,0.36,,,,,,,,,,,,,,,,,,
528,Madhya Pradesh,Ashoknagar,,,,0.29,0.32,0.43,,,,,,,,,,,,,,,,,
529,Chhattisgarh,Balod,,,,,,,,,,,,0.14,0.24,0.19,0.22,0.14,0.31,0.17,0.31,0.31,0.33,0.42,0.4
530,Chhattisgarh,Surajpur,,,,,,,,,,,,0.26,0.23,0.24,0.28,0.21,0.24,0.42,0.31,0.28,0.28,0.36,0.3
531,Rajasthan,Karauli,,0.4,,,,,,,,,,,,,,,,,,,,,
532,Jammu and Kashmir,Ganderbal,,,,,,,,,,,0.4,0.4,0.4,,,0.4,0.4,0.4,,0.35,0.35,,
533,West Bengal,Purulia,0.23,0.25,0.26,0.23,0.25,0.28,0.17,0.26,0.22,0.28,0.25,0.25,0.25,0.25,0.27,0.26,0.25,0.31,0.33,0.32,0.39,0.39,0.39
534,Karnataka,Vijayanagar,,,,,,,,,,,,,,,,,,,,,,,0.38
535,Chhattisgarh,Gariyaband,,,,,,,,,,,,0.15,0.26,0.15,0.15,0.14,0.21,0.14,0.25,0.23,0.34,0.38,0.37
536,West Bengal,Maldah,0.38,0.37,0.36,0.36,0.35,0.36,0.36,0.36,,,,,,,,,,,,,,,
537,Chhattisgarh,Janjgir-champa,0.21,0.29,0.25,0.37,0.27,0.23,0.26,0.36,0.28,0.31,0.29,0.31,0.33,0.33,0.18,0.18,0.18,0.1,,,,,
538,Chhattisgarh,Manendragarh chirimiri bharatpur,,,,,,,,,,,,,,,,,,,,,,,0.36
539,Madhya Pradesh,Harda,0.17,0.23,,0.22,0.21,0.34,0.19,,0.25,0.22,0.3,0.25,0.21,0.33,,,,,0.36,0.33,,0.33,
540,Chhattisgarh,Korea,0.19,0.26,0.2,0.26,0.15,0.15,0.18,0.23,0.21,0.15,0.21,0.22,0.21,0.18,0.24,0.21,0.29,0.28,0.36,0.29,0.24,0.27,0.35
541,Madhya Pradesh,Sheopur,,,,,0.35,,,,,,,,,,,,,,,,,,
542,Chhattisgarh,Narayanpur,,,,,,,0,0.22,0.16,0.15,0.19,0.2,0.17,0.18,0.2,0.09,0.17,0.19,0.35,0.25,0.27,0.35,0.27
543,Gujarat,Navsari,,,,0.33,,,,,,,,,,,,,,,,,,,
544,Madhya Pradesh,Burhanpur,,,,0.26,0.16,0.33,0.25,,0.25,0.24,0.2,0.33,0.33,,,,,,0.33,,,,
545,Gujarat,Bhavnagar,,,0.22,0.33,,,,,,,,,,,,,,,,,,,
546,Chhattisgarh,Dantewada,0.14,0.2,0.12,0.23,0.17,0.13,0.15,0.26,0.14,0.11,0.21,0.22,0.22,0.19,0.15,0.1,0.2,0.17,0.29,0.27,0.29,0.33,0.3
547,Madhya Pradesh,Shivpuri,0.23,0.28,0.15,0.31,0.22,0.09,0.21,0.17,0.27,0.3,0.31,0.3,0.2,0.25,,,,,,,,,
548,Chhattisgarh,Baloda bazar,,,,,,,,,,,,0.12,0.16,0.16,0.18,0.15,0.31,0.16,0.18,0.17,0.18,0.22,0.27
549,Chhattisgarh,Mahasamund,0.12,0.13,0.08,0.15,0.13,0.11,0.14,0.23,0.11,0.11,0.14,0.14,0.16,0.17,0.2,0.17,0.24,0.17,0.27,0.21,0.2,0.14,0.31
550,Jammu and Kashmir,Reasi,,,,,,,,,,,,0.3,,,,,,,,,,,
551,Madhya Pradesh,Dewas,0.29,0.16,0.23,0.2,,,,,,,,,,,,,,,,,,,
552,Gujarat,Dang,0.25,0.2,0.24,,0.23,,,,,,,,,,,,,,,,,,
553,Rajasthan,Tonk,,,,,,,,,,,,,,,,,,,0.25,,,,
554,Andhra Pradesh,Sri sathya sai,,,,,,,,,,,,,,,,,,,,,,,0.25
555,Uttar Pradesh,Saharanpur,,0.1,,,,,,,,,,,,,,,,,,,,,
556,Rajasthan,Ganganagar,,,0.03,,,,,,,,,,,,,,,,,,,,
557,Rajasthan,Baran,0.01,,,,,,,,,,,,,,,,,,,,,,
558,Chhattisgarh,Sarangarh bilaigarh,,,,,,,,,,,,,,,,,,,,,,,0
