Crop: Sunflower,,,,,,,,,,,,,,,,,,,,,,,,,
S.No.,State,District,2000 - 2001,2001 - 2002,2002 - 2003,2003 - 2004,2004 - 2005,2005 - 2006,2006 - 2007,2007 - 2008,2008 - 2009,2009 - 2010,2010 - 2011,2011 - 2012,2012 - 2013,2013 - 2014,2014 - 2015,2015 - 2016,2016 - 2017,2017 - 2018,2018 - 2019,2019 - 2020,2020 - 2021,2021 - 2022,2022 - 2023
,,,Yield (Ton./Ha.),Yield (Ton./Ha.),Yield (Ton./Ha.),Yield (Ton./Ha.),Yield (Ton./Ha.),Yield (Ton./Ha.),Yield (Ton./Ha.),Yield (Ton./Ha.),Yield (Ton./Ha.),Yield (Ton./Ha.),Yield (Ton./Ha.),Yield (Ton./Ha.),Yield (Ton./Ha.),Yield (Ton./Ha.),Yield (Ton./Ha.),Yield (Ton./Ha.),Yield (Ton./Ha.),Yield (Ton./Ha.),Yield (Ton./Ha.),Yield (Ton./Ha.),Yield (Ton./Ha.),Yield (Ton./Ha.),Yield (Ton./Ha.)
1,Chhattisgarh,Kabirdham,1,,0.91,0.77,0.78,0.86,70,,0.44,,1,1,,,,,,,,,,,
2,Tamil Nadu,Coimbatore,1.06,1.33,1.2,1.31,1.06,1.24,1.83,1.59,14.69,1.29,1.33,1.83,1.25,2,1.67,1,,1,1.4,,,,
3,Haryana,Sonipat,,,,,11.11,,,,,,,,,,,,,,,,,,
4,Rajasthan,Jhunjhunu,,,,,,10,1,,,,,,,,,,,,,,,,
5,Haryana,Panchkula,0.91,1.09,1.1,1.35,1.05,1.49,1.54,,,,,,,,,,3,7,2.52,1.91,2.29,1.22,
6,Haryana,Kurukshetra,,1.57,1.78,1.83,1.86,1.85,1.89,1.9,1.85,1.84,1.91,1.04,2.19,3.03,5.87,3.02,1.21,1.84,1.81,1.73,2.05,1.31,
7,Telangana,Adilabad,0.35,0.52,0.53,0.73,0.53,0.74,1.08,1.14,0.92,0.79,0.81,0.54,,1.61,0.93,0.83,1.79,2.13,1.95,,4.5,1.33,1.87
8,Tamil Nadu,Erode,1.31,1.63,1.36,1.66,1.73,1.97,2.62,2.01,4.34,2.14,1.43,1.55,1.08,1.19,1.43,1.12,,1.38,1.71,1,1.63,1.7,1.53
9,Telangana,Jagitial,,,,,,,,,,,,,,,,,1.77,,,,4,1.4,2
10,Uttar Pradesh,Kanpur nagar,,2.95,1.93,1.66,1.95,1.33,2.1,0.53,3.73,1.76,1.76,1.71,0.78,1.6,1.61,1.61,1.17,,1.37,,1.37,1.34,
11,Chandigarh,Chandigarh,,2.6,3,,,,,,,,,,,,,,,,,,,,
12,Tamil Nadu,Cuddalore,,2,1.16,1.29,0.52,0.71,1.12,1.23,0.93,1.33,1.2,1.88,1.13,1.21,2,1,0.56,1.33,1.73,1,3,1.8,1.55
13,Uttar Pradesh,Pilibhit,,1.94,1.43,1.69,1.96,1.2,1.57,3,1.89,2,2.17,1.8,0.8,1.6,1.71,1.67,1.17,,1.33,,1.44,1.36,
14,Andaman and Nicobar Islands,North and middle andaman,,,,,,,,,,,0.66,,,,,0.4,0.8,,3,,,,
15,Karnataka,Chikballapur,,,,,,,,0.98,0.96,0.98,0.95,1.11,1.26,1.11,1.33,1.13,0.33,1.06,,2.94,1,1.59,1.19
16,Telangana,Mahbubnagar,0.59,0.52,0.68,0.75,0.49,0.52,0.71,0.7,0.71,0.67,0.71,0.41,0.75,0.96,0.84,0.79,0.84,2.14,,,2.92,1.36,1.75
17,Uttar Pradesh,Farrukhabad,,2.11,1.93,1.66,1.95,1.36,1.6,1.67,1.62,2.91,2.6,1.71,0.77,1.6,,,1.17,1.44,1.36,1.39,1.38,1.37,1.36
18,Tamil Nadu,Namakkal,1.15,1.62,1.27,0.72,1.17,2.31,1.83,1.59,1.99,1.77,1.62,2.1,1.2,2.89,1.38,1.32,0.85,,,,1.5,2,1.41
19,Telangana,Jayashankar,,,,,,,,,,,,,,,,,,2,,,2.87,1.36,
20,Uttar Pradesh,Budaun,,1.93,1.42,1.69,1.97,1.21,1.52,2.86,,2.18,2,,1,1.6,,1.5,1.18,1.45,1.37,,1.37,1.34,1.36
21,Telangana,Vikarabad,,,,,,,,,,,,,,,,,1.75,2.13,2,2.22,2.83,1.38,2
22,Uttar Pradesh,Agra,,1.1,1,1.5,2,1,,2.83,,,,1.5,,,,,,,,,,,
23,Telangana,Jangoan,,,,,,,,,,,,,,,,,1.8,,,,2.83,1.36,1.85
24,Uttar Pradesh,Aligarh,,1.14,1.45,1.69,1.97,1.21,1.5,2.82,1.78,2.2,1.52,1.7,0.78,1.6,1.72,,1,1.44,1.36,1.4,1.37,1.34,1.36
25,Uttar Pradesh,Shahjahanpur,,1.93,1.45,1.71,2,1.21,1.5,2.82,2,2,2,1.67,,1.6,,1.67,,,1.36,,1.33,1.25,
26,Uttar Pradesh,Rampur,,1.14,1.09,1.69,1.8,1.46,1.66,2.82,1.97,1.48,1.33,1.67,1.33,1.43,0.75,1.38,1.38,1.29,1.4,1.4,1.36,1.33,
27,Uttar Pradesh,Unnao,,1.95,1.43,1.67,1.96,1.21,1.52,2.82,1.99,2.29,2.11,1.72,0.77,1.6,2.09,1.63,1.18,,1.36,1.38,1.37,1.34,1.37
28,Uttar Pradesh,Rae bareli,,1.95,1.44,1.67,2,1.2,1.5,2.82,2,2.31,2,1.73,0.79,,2,,1,,,1.5,,1,1.25
29,Uttar Pradesh,Etah,,1.14,1.44,1.69,1.96,1.21,1.5,2.82,1.77,2.2,1.53,1.7,0.78,,,,,,,,,,
30,Uttar Pradesh,Hardoi,,1.93,1.44,1.67,1.97,1.21,1.52,2.82,1.99,2.3,2.11,1.71,0.78,1.6,,1.62,1.17,1.45,1.37,1.38,1.37,1.34,1
31,Uttar Pradesh,Mainpuri,,1.16,1.43,1.69,1.96,1.21,1.49,2.82,1.77,2.2,2.12,1.71,0.78,1.64,1.71,1.61,1.17,1.42,1.36,1.43,1.33,1.36,1.37
32,Uttar Pradesh,Hathras,,1.14,1.42,1.7,1.97,1.21,1.5,2.81,1.76,2.19,1.5,1.75,0.75,,1.67,,1.22,,,1.33,1.37,1.33,
33,Uttar Pradesh,Firozabad,,1.15,1.4,1.7,1.96,1.21,1.5,2.81,1.77,2.19,2.13,1.72,0.78,1.6,1.71,1.61,1.18,1.44,,,1.37,1.34,1.37
34,Uttar Pradesh,Bareilly,,1.93,1.44,1.69,1.96,1.21,1.52,2.81,1.86,2.2,2.13,1.71,0.78,1.61,2,1.58,1.17,1.47,,1,1.35,1.35,
35,Karnataka,Shimoga,0.62,0.74,0.56,0.56,0.76,1.76,2.01,2.29,1.71,1.95,2.45,2.37,1.83,2.16,2.07,1.77,1.4,2.25,2.17,2.31,2.78,2.05,1.71
36,Uttar Pradesh,Moradabad,,1,1.1,1.6,1.8,1.43,1.6,2.75,2,,,,,,,,,,,,1.39,,
37,Telangana,Rangareddi,0.83,0.75,0.71,0.94,0.55,0.77,0.74,,0.93,0.85,1.03,0.99,,0.96,1.39,1.17,1.79,2.14,1.96,2.25,2.74,1.36,1.86
38,Telangana,Narayanapet,,,,,,,,,,,,,,,,,,,1.96,2.25,2.74,1.37,1.88
39,Telangana,Mancherial,,,,,,,,,,,,,,,,,,,,,2.74,1.36,2
40,Telangana,Warangal,1.65,1.63,2.05,1.47,0.57,1.03,1.18,,1.25,0.98,1.08,1.06,,0.96,1.43,1.14,2,2,2,,2.73,1.36,1.9
41,Telangana,Warangal urban,,,,,,,,,,,,,,,,,,,,,2.73,1.36,1.87
42,Telangana,Jogulamba,,,,,,,,,,,,,,,,,0.82,2.14,,2.21,2.72,1.36,1.86
43,Telangana,Nalgonda,0.8,0.68,0.49,1.1,0.57,1.04,1.18,2,1.25,0.93,1.07,1.04,,0.96,1.43,1.17,1.79,2.25,,,2.71,1.36,1.83
44,Telangana,Nirmal,,,,,,,,,,,,,,,,,1.81,,,,2.69,1.36,1.87
45,Telangana,Kamareddy,,,,,,,,,,,,,,,,,1.79,2.13,1.96,2.23,2.68,1.36,1.93
46,Telangana,Karimnagar,1.52,1.26,1.04,1.81,1.01,1.28,1.4,2,2.23,1.42,1.24,2.02,,1.44,1.49,1.38,,,2,2,2.68,1.36,1.87
47,Telangana,Nizamabad,0.95,1.22,0.8,1.05,0.54,1.14,1.35,1.53,1.23,0.78,0.96,1.26,0.82,0.56,1.3,0.88,1.25,1.1,1.96,2.23,2.68,1.37,1.63
48,Telangana,Medak,0.72,1.32,1.26,1.96,0.73,1.2,1.21,1.53,1.8,1.36,1.49,1.16,1.55,1.25,1.73,1.45,1.79,1.42,1.97,2.23,2.68,0.8,2.03
49,Telangana,Sangareddy,,,,,,,,,,,,,,,,,1.77,2.13,,2.24,2.68,1.36,1.87
50,Telangana,Siddipet,,,,,,,,,,,,,,,,,1.86,2.21,1.96,2.23,2.68,1.5,2.01
51,Telangana,Bhadradri,,,,,,,,,,,,,,,,,,2.14,2,,2.67,1.36,1.86
52,Telangana,Rajanna,,,,,,,,,,,,,,,,,1.8,2.2,2,2,2.67,1.36,1.87
53,West Bengal,Medinipur west,2.67,0.15,0.15,1.1,0.99,1.42,1.48,1.6,1.3,0.65,0.78,1.72,1.41,1.39,1.52,1.57,1.58,1.09,1.17,1.14,1.3,1.06,
54,Telangana,Mahabubabad,,,,,,,,,,,,,,,,,,,2,,2.66,1.36,1.87
55,Telangana,Khammam,0.81,,0.81,1.09,0.56,1.04,1.18,1,1.25,0.98,1.08,1.04,,0.96,1.43,1.18,1.79,2.11,2,,2.65,1.36,1.89
56,Telangana,Peddapalli,,,,,,,,,,,,,,,,,,,,,2.65,1.36,2
57,Telangana,Nagarkurnool,,,,,,,,,,,,,,,,,1.79,2.2,2,2.27,2.64,1.36,1.85
58,Tamil Nadu,Salem,1.31,1.4,1.11,1.29,1.06,0.99,2.61,2.33,1.33,2.36,1.52,1.81,2.06,1.08,1.44,1.22,0.67,1.33,0.5,0.91,,1.29,0.84
59,Telangana,Suryapet,,,,,,,,,,,,,,,,,,,,,2.6,1,
60,Telangana,Komaram bheem asifabad,,,,,,,,,,,,,,,,,1.7,,,2,2.57,1.36,2
61,Rajasthan,Jodhpur,,,,,2.5,2.51,2.5,2.5,,,,,,,,,,,,,,,
62,West Bengal,Medinipur east,,,1.13,0.78,1.3,1.19,1.13,1.1,1.03,1.49,1.1,1.12,1.8,1.8,1.78,1.78,1.78,1.66,2.5,,,,
63,Telangana,Mulugu,,,,,,,,,,,,,,,,,,,2,,2.5,1.35,2
64,Nagaland,Dimapur,0.83,1.26,2.37,1.04,1,0.77,0.88,1.04,0.75,0.92,0.53,0.52,0.6,0.61,0.6,0.61,0.62,0.61,0.62,0.62,0.62,,
65,Tamil Nadu,Tiruvannamalai,1,1.11,1.18,1.3,1.06,2.04,2.36,2.33,1.33,2.11,1.91,1.75,1.44,1.64,1.73,1.38,1.04,1.75,0.71,2.27,1.46,1.5,1.6
66,Uttar Pradesh,Etawah,,2.35,1.86,,2,1,1.25,,1.83,2.22,2.21,2,,1.56,1.65,1.58,1.25,1.44,1.33,1.38,1.33,1.33,
67,Uttar Pradesh,Auraiya,,2.33,1.91,1.66,1.95,1.35,1.38,1.15,1.82,2.27,2.18,,,,,,,2,,,,,
68,Nagaland,Zunheboto,0.83,0.94,1.38,2.33,,,,,0.5,0.75,0.75,0.75,0.67,0.83,0.86,0.88,0.88,0.88,0.88,0.88,0.88,1,0.91
69,Nagaland,Kohima,0.89,1.67,1.46,2.33,,,,0.95,0.75,0.67,1,1,1,0.83,0.86,0.88,0.88,0.88,0.88,0.88,0.88,,
70,Uttar Pradesh,Bulandshahr,,1.92,1.44,1.67,1.97,1.28,1.51,1.65,1.86,2.33,2.16,1.75,0.78,1.5,,,,,1.33,1.5,1.5,1.5,1.5
71,Tamil Nadu,Tiruchirappalli,1.3,2.12,1.85,2.06,1.18,1.11,1.41,1.77,1.72,1.55,1.1,1.78,1.71,1.33,2.13,1.43,0.8,1.88,2.28,0.94,0.48,1.46,1.92
72,Andhra Pradesh,East godavari,1.11,0.87,1.02,1.11,0.89,1.09,0.77,,1.01,0.97,1.24,1.06,,1.12,0.96,1.08,0.77,0.94,0.31,1.03,2.27,1.85,1
73,Uttar Pradesh,Sitapur,,1.93,1.5,1.5,1.97,1,1.52,,,2.25,,,,,2,,1,,,1,,1,
74,Uttar Pradesh,Kaushambi,,,1,2,2,1.5,1,1.5,1.8,2.25,2.25,1.75,0.86,,,2,1.2,,1.33,,,1.4,
75,Uttar Pradesh,Kanpur dehat,,,,1.69,1.97,1.39,1.36,1.17,1.83,2.24,,1.72,0.78,1.61,,1.61,1.18,1.45,,,1.39,1.36,
76,Uttar Pradesh,Gorakhpur,,1.92,1.46,1.67,2,1.27,,1.67,,2.23,,,,1.61,,1.61,1.18,,,1.38,,,1.36
77,Uttar Pradesh,Jhansi,,,,,1.92,,,,,2.22,2.14,,,1.6,1.71,1.61,1.17,,,1.38,,,
78,Punjab,S.a.s nagar,,,,,,,,,,,,,2.22,,,,1.75,1.83,1.7,1.67,1.67,,2
79,Uttar Pradesh,Azamgarh,,2,1.5,1.67,2,1.33,1.5,,1.89,2.22,2.13,1.67,0.76,1.75,1.69,1.63,1.25,1.33,1.33,1.33,1.33,1.33,1.36
80,Tamil Nadu,Dindigul,1.24,1.41,1.29,1.41,1.23,1.57,2.21,1.52,1.74,1.61,1.28,1.51,1.24,1.52,1.32,1.16,0.86,1.26,0.74,1.35,0.86,1.37,1.24
81,Uttar Pradesh,Jaunpur,,1.94,1.42,1.67,2,,1.5,2,1.82,2.21,2.17,1.78,,1.61,1.69,1.59,1.17,1.4,1.43,1.38,1.4,1.33,1
82,Uttar Pradesh,Sultanpur,,1.15,1.1,1.67,1.96,1.28,1.56,1.63,1.86,2.21,2.12,1.71,0.79,1.62,1.67,1.75,1.17,1.44,1.38,1.38,1.39,1.35,1.43
83,Uttar Pradesh,Kasganj,,,,,,,,,,2.2,1.53,1.71,0.8,1.5,1,,,1.43,,1.33,,1.29,1.35
84,Uttar Pradesh,Maharajganj,,1.95,1.5,,,,,2,2,2.2,2,1.71,0.75,1.58,1.69,1.6,1.18,,,1.36,,,
85,Punjab,Fatehgarh sahib,,,,,,,,,,,,,2.2,,,,1.7,1.75,2.15,1.96,1.8,,1.86
86,Uttar Pradesh,Basti,,,,,2,,,1.64,1.85,2.2,2,1.7,0.77,,,1.62,,,,,,,1.38
87,Punjab,Hoshiarpur,,,,1.71,,,,,,,,,2.2,,,,1.43,,,,,,
88,Uttar Pradesh,Ghazipur,,1.91,1.44,1.6,2,1.27,1.5,1.6,1.89,2.2,2.12,1.7,0.78,1.61,1.73,1.61,1.21,1.44,1.38,1.38,1.38,1.33,1.43
89,Uttar Pradesh,Ballia,,2,1.67,1.67,2,1.29,1.5,1.64,1.85,2.2,2.13,1.72,0.78,1.6,1.72,1.6,1.17,,1.36,1.43,1.36,1.36,1.33
90,Tamil Nadu,Tirunelveli,0.9,1.33,1.15,0.92,0.75,1.01,1.57,1.87,1.59,1.58,1.33,1.72,0.82,1.04,2.19,1.6,0.8,0.87,1.52,0.93,1.75,1.71,1.6
91,Uttar Pradesh,Fatehpur,,1.93,1.45,1.6,2,1.25,1.5,1.63,1.86,2.18,,1.5,0.67,1.67,1.7,,1,1.5,,1.33,1,,
92,Haryana,Ambala,1.36,,1.43,1.69,1.67,1.68,1.69,1.99,1.73,1.69,1.69,1.92,2.17,1,2.05,1.97,1.67,1.82,2.04,2.03,1.93,1.58,
93,Uttar Pradesh,Mau,,,1,,,,,,,2.17,2.13,1.73,0.79,1.57,1.74,1.58,1.2,1.43,1.36,1.36,1.37,1.36,
94,Uttar Pradesh,Sant ravidas nagar,,,,,,,1.33,,1.89,,2.17,1.69,,1.6,,,1.17,,1.33,,,1.33,
95,Uttar Pradesh,Barabanki,,1.14,1,1.5,1.93,1.5,1,1.61,2,,2.14,1.71,,1.67,1.7,1.5,1.22,,1.33,,,1.29,
96,Uttar Pradesh,Bahraich,,1.92,1,,2,,,1.6,1.87,,2.14,,0.75,1.59,1.67,1.62,1.18,,,1.35,,,
97,Haryana,Kaithal,1.39,1.6,2.13,1.27,1.59,,,,,,,,,,,,,,,,,,
98,Tamil Nadu,Dharmapuri,0.91,0.68,0.5,0.67,0.51,0.58,2.1,1.29,0.91,1.63,1.32,1.82,1,1.52,1.49,0.96,0.85,1.35,,,,,
99,Andhra Pradesh,West godavari,1.42,1.13,1.09,1.17,0.89,1.14,0.81,1.5,1.01,0.98,1.24,1.06,1,1.12,0.96,1.08,0.76,0.94,0.3,0.84,2.09,1.09,
100,Uttar Pradesh,Kheri,,1.91,,1.75,1.96,1.25,1.5,,2,,,,1,,2.09,1.5,,,,,,,1.36
101,Punjab,Ludhiana,,,,2,,,,,,,,,1.75,,,,1.92,2.08,1.9,2,,,
102,Nagaland,Mokokchung,0.81,1.08,1.46,2.07,0.87,0.89,0.7,0.91,1,0.87,0.52,0.53,0.6,0.76,0.74,0.68,0.64,0.63,0.61,0.61,0.61,0.8,0.9
103,Punjab,Patiala,,,,1.5,,,,,,,,,1.6,,,,1.71,2.07,1.8,1.73,1.86,1.67,2
104,Uttar Pradesh,Kannauj,,1.28,1.28,1.66,2.05,1.22,1.36,1.2,1.31,1.45,1.37,1.71,,1.6,1.62,1.61,1.18,1.44,,1.38,1.37,1.34,1.38
105,West Bengal,Bankura,,,,0.33,1.36,1.44,1.53,1.89,2.04,0.53,1.84,1.48,1.66,1.56,1.59,1.61,1.62,1.1,1.15,1.17,0.97,0.96,0.94
106,Tamil Nadu,Ariyalur,,,,,,,,,,1.33,1.21,1.83,1.22,1.79,1.78,1.72,0.83,1.94,1.25,1,1.76,2.02,1.59
107,West Bengal,24 paraganas north,0.55,1.48,,0.9,1.28,1.28,1.02,1.25,1.1,2.02,1.17,1.14,1.23,0.95,1.15,1.17,1.34,1.52,1.39,1.59,1.59,1.49,1.49
108,Tamil Nadu,Tiruppur,,,,,,,,,,1.64,2.01,1.84,1.09,1.68,1.65,1.44,0.67,0.8,1.26,1,0.33,1.26,1.4
109,Tamil Nadu,Karur,1.1,1.29,1.15,1.32,1.36,1.27,1.37,1.13,1.3,1.1,1.4,2.01,1.5,1.84,1.49,1.22,0.87,1.7,1.05,1.66,1.55,1.46,1.44
110,Bihar,Vaishali,1,1.13,1.13,,1.33,1.5,1.33,1.33,1.33,1.5,1,1.42,1.5,,1.33,1.5,2,,,,,,
111,Uttar Pradesh,Sant kabeer nagar,,2,,,,,,1.57,1.91,,,,,,,1,,,,,,,
112,Uttar Pradesh,Ghaziabad,,2,1.45,2,2,,1.33,,,2,2,,,,,,,,,,,,
113,Uttar Pradesh,Muzaffarnagar,,1.88,1.5,1.5,1.95,1.5,1.47,,,2,,,,,,,,,,,,,
114,Uttar Pradesh,Varanasi,,1.92,,1.67,,1.26,,,2,2,,,,,,,,,,,,,
115,Punjab,Tarn taran,,,,,,,,,,,,,2,,,,,,,,,,
116,Haryana,Yamunanagar,0.96,1.3,1.47,1.56,1.58,1.65,1.7,1.68,1.36,1.48,1.53,0.84,1.9,1.75,1.33,1.75,1,,2,1.38,1.25,1.21,
117,Uttar Pradesh,Shravasti,,2,,1.75,,,,,,,,,,,,,,,,,,,
118,Uttar Pradesh,Mathura,,1.17,,1.75,2,1.33,1.43,,,,,,,,,,,,,,,,
119,Uttar Pradesh,Jalaun,,1.93,1,1.63,2,,,,2,2,,,,,1.5,,,,,,,,
120,Andhra Pradesh,Visakhapatanam,,,,1.14,0.85,1.13,0.8,2,1.01,0.97,1.24,1.04,1,1.11,0.97,1.08,0.77,0.94,0.36,1.03,1.2,1.09,
121,Telangana,Medchal,,,,,,,,,,,,,,,,,2,2,2,,2,1.36,1.86
122,Uttar Pradesh,Gonda,,,2,1.63,2,1.5,,1.67,,,,,,,1.67,,,,,,,1.5,1
123,Tamil Nadu,Theni,1.34,1.29,0.86,1.3,0.95,0.53,1.82,1.59,1.33,1.32,1.21,1.82,1.34,1.79,1.51,1.41,0.62,2,0.6,,1.5,,1
124,Uttar Pradesh,Chandauli,,,,2,2,,1,,,,,,0.83,,,,,,,,1.33,1.5,
125,Punjab,Rupnagar,,,,2,,,,,,,,,,,,,,,,,,,
126,Rajasthan,Bundi,2,2,,,,,,,,,,,,,,,,,,,,,
127,Uttar Pradesh,Lucknow,,1.83,1.5,1.71,1.96,1,2,,,,,,,,,2,,,,,,,
128,Uttar Pradesh,Allahabad,,2,2,,2,,1.51,,,,,,,,,,,,,,,1,1
129,Uttar Pradesh,Hamirpur,,2,,1.67,2,,,,,,,,,,,2,1,,,1.5,,,
130,Uttar Pradesh,Mirzapur,,2,1.5,1.71,2,1.33,1.67,,,,,,,,,1.61,1,,,1,,,
131,Uttar Pradesh,Baghpat,,2,1,,,,,,,,,,,,,,,,,1,,,
132,Rajasthan,Kota,2,,,1,,,,,,,,,,,,,,,,,,,
133,Bihar,Rohtas,1,,1.11,1.61,1,1.11,2,,,,,,,,,,,1,1,1.5,,,
134,Uttar Pradesh,Meerut,,1.93,1.5,1.64,2,,,1.5,,,,,,,,,,,,,,,1.5
135,Uttar Pradesh,Lalitpur,,1.93,1.5,1.67,2,1.33,,,,,,,,1.6,1.8,1.61,1.18,1.33,,1.38,1.33,1.33,
136,Uttar Pradesh,Faizabad,,1.2,1,1.67,2,1.2,,1.67,1.8,,,1.7,0.79,,,1.6,,,,,1.4,,1.5
137,Punjab,Kapurthala,,,,1.5,,,,,,,,,1.69,,,,1.5,2,,,,2,
138,Maharashtra,Washim,0.56,0.52,0.5,0.42,0.67,0.63,0.57,0.75,1,,1,1,,,,,0.86,,,2,,,
139,Punjab,Sangrur,,,,,,,,,,,,,2,,,,,,,,,,
140,Uttar Pradesh,Shamli,,,,,,,,,,,,,,,,2,,,,,,,
141,Uttar Pradesh,Kushi nagar,,,1.33,1.67,,,,1.6,,,2,,1,1,2,,1,,,1.5,,,
142,Uttar Pradesh,Chitrakoot,,,,,2,,1,,,,,,,,,,,,,,,,
143,Tamil Nadu,Sivaganga,0.77,,,,1.06,1.23,2,1.57,,1.5,1.33,,,1.8,1.5,,,,,,,,
144,Uttar Pradesh,Banda,,,,1.68,,,,,,2,,,0.71,1.5,,,,,,1.5,,,
145,Uttar Pradesh,Ambedkar nagar,,1.13,1.14,1.71,2,1.27,1.49,,,,,,0.67,,,1.63,,,,,1.37,,1
146,Telangana,Wanaparthy,,,,,,,,,,,,,,,,,1.67,,,2,,,2
147,Tamil Nadu,Pudukkottai,1.14,2,1.25,1.27,1,1.2,1.88,1.59,1.33,1.32,1,1.84,1,1.75,,1.28,0.86,,,1,1.8,1.33,1.33
148,Uttar Pradesh,Sonbhadra,,2,1,1.67,,,,,,,2,,,,,,,,,,,,
149,Punjab,Nawanshahr,,,,2,,,,,,,,,2,,,,1.25,2,,2,,,
150,Rajasthan,Karauli,,,,,,,,2,,,,,,,,,,,,,,,
151,Tamil Nadu,Kanchipuram,1.04,,,1.33,1.07,1.24,1.83,1.59,1.36,1.33,1.13,1.83,,1.57,1.4,1.33,0.86,2,2,,,,
152,Tamil Nadu,Thanjavur,,,1.17,1.29,1.06,1.24,1.83,1.59,1.33,1.34,1.22,1.85,1.07,1.61,1.45,1.5,1,,,1,1.5,,2
153,Uttar Pradesh,Deoria,,2,1,1.5,,,,,,,,,,,,,,,,,,,
154,Tamil Nadu,Tirupathur,,,,,,,,,,,,,,,,,,,,,2,1.67,1.57
155,Tamil Nadu,Thiruvarur,,,,1.31,1.07,1,,1.6,1,,,,,,,,,,,0.97,2,,
156,Uttar Pradesh,Bijnor,,1,1,1.71,1.79,1.5,,,2,1,,,,,,,,,,,1.37,,
157,Punjab,Amritsar,,,,2,,,,,,,,,,,,,,,,,,,
158,Tamil Nadu,Krishnagiri,,,,,1.06,1.24,1.83,1.59,1.34,1.33,1.17,1.84,1.25,,,1.33,,2,,,,,
159,Uttar Pradesh,Mahoba,,1.9,1.4,1.65,1.97,1.26,,,,,,,,,,1.6,1.22,,,1.4,,,
160,Bihar,Patna,1.45,1.46,1.44,1.33,1.31,1.33,1.37,1.79,1.79,1.41,1.43,1.5,1.45,1.44,1.47,1.46,1.5,1.45,1.46,1.47,1.48,1.5,1.96
161,Arunachal Pradesh,Lower siang,,,,,,,,,,,,,,,,,,,1.92,1.96,1.96,0.97,0.97
162,Bihar,Khagaria,1.13,1.37,1.38,1.43,1.43,1.44,1.44,1.4,1.4,1.41,1.43,1.45,1.45,1.45,1.45,1.44,1.53,1.47,1.48,1.5,1.48,1.95,1.82
163,Uttar Pradesh,Gautam buddha nagar,,1.94,1.43,1.67,1.9,,,,1.86,,,,,,,,,,,,,,
164,Andhra Pradesh,Kadapa,1.16,1.06,0.49,0.57,0.75,0.7,0.92,1.17,0.41,1.11,0.24,0.64,0.4,0.8,0.69,0.97,1.28,1.94,0.92,1.11,0.56,0.55,0.77
165,Uttar Pradesh,Siddharth nagar,,1.92,1,,,,,,,,,,,,,,,,,,,,1
166,Uttar Pradesh,Pratapgarh,,1.92,,,,,,,,,,,,,,,,,,,,,
167,West Bengal,Nadia,,1.33,1.68,0.92,1.53,1.57,1.55,1.54,1.52,1,1.53,1.5,1.58,,,1.5,1.55,1.9,1.4,1.41,1.77,1.77,1.8
168,Andhra Pradesh,Srikakulam,1.48,1.13,1.09,1.18,0.9,1.14,0.81,1.4,1.01,0.97,1.24,1.06,1,1.12,0.96,1.08,0.76,0.94,0.31,1.04,1.26,0.75,1.88
169,Tamil Nadu,Villupuram,1.04,1.28,1.15,1.29,1.06,1.67,1.66,1.76,1.74,1.67,1.73,1.87,1.62,1.69,1.63,1.12,0.26,0.93,1.71,1.73,1.6,,1.06
170,Tamil Nadu,Nagapattinam,,,1,1.3,1.06,1.25,1.86,,1,,,,,,,,,,,,,,
171,Tamil Nadu,Vellore,1,1.33,1.17,1.29,1.06,1.24,1.83,1.59,1.33,1.33,1.2,1.8,1.18,1.55,1.47,1.08,0.5,1.86,1,1,,1.5,1
172,West Bengal,Purba bardhaman,,,1.05,0.83,1.07,1.84,1.5,1.84,1.5,1.45,1.73,1.66,1.36,1.52,1.46,1.43,1.44,1.4,1.16,1.38,1.03,1.2,1
173,Nagaland,Wokha,0.82,1.08,1.31,1.84,0.8,,,0.65,0.5,0.9,0.53,0.52,0.62,0.59,0.59,0.6,0.61,0.59,0.61,0.61,0.61,,
174,Tamil Nadu,Ramanathapuram,1.06,1.48,1.15,1.29,1.08,1.23,1.83,1.61,1.33,1.32,1.13,1.79,0.87,0.99,1.4,0.95,0.23,0.25,0.14,0.4,0.91,0.29,0.25
175,Karnataka,Kolar,0.7,0.78,0.7,0.67,1.41,1.83,1.49,0.91,0.62,0.39,0.48,0.58,1,,,,,,1,0.8,1,1.1,1
176,Tamil Nadu,Thiruvallur,1,,1.2,1.27,1.06,1.24,1.83,1.59,1.33,1.32,1.13,1.79,1,1.67,1.43,1,,,0.5,1,1,0.87,0.83
177,Bihar,Saharsa,1.83,1.45,1.27,1.37,1.45,1.41,1.39,1.42,1.42,1.41,1.44,1.46,1.43,1.44,1.43,1.42,1.43,1.43,1.43,1.43,1.43,1.42,1.4
178,Tamil Nadu,Perambalur,1.1,1.18,1.16,1.29,0.75,0.66,0.72,0.75,1.07,1.31,1.07,1.81,0.94,1.31,1.49,1.11,0.63,1.21,1.25,1,1.5,1.44,1.09
179,Andhra Pradesh,Chittoor,0.84,0.87,0.63,0.58,0.58,0.59,0.7,1,0.63,0.81,0.55,0.69,,0.8,0.83,0.85,1.28,1.73,0.83,1,1.81,0.95,0.99
180,Arunachal Pradesh,Changlang,,,,,,,,,,,,,,,,,0.57,1.8,1.43,1.43,1.43,1.16,0.97
181,Tamil Nadu,Madurai,1.03,0.95,0.63,0.93,1.09,0.83,0.96,0.92,1.33,1.33,1.14,1.8,0.99,1.21,1.38,0.95,0.23,0.67,1.25,0.93,1.75,0.92,0.91
182,Uttar Pradesh,Amethi,,,,,,,,,,,,1.73,0.78,1.6,1.75,1.6,1.18,1.44,1.37,1.38,1.37,1.34,1.38
183,Uttar Pradesh,Balrampur,,,,,,,,,,,,,,1.61,1.74,1.58,1.16,,,1.39,,,1.36
184,Bihar,Araria,1.74,1.23,1.37,1.47,1.42,1.46,1.45,1.43,1.43,1.41,1.43,1.45,1.41,1.46,1.28,1.41,1.36,1.41,1.43,1.23,,1.5,1.55
185,Uttar Pradesh,Saharanpur,,,,1.7,,1.2,,,,,,,,,,,,,,,,,
186,West Bengal,Hooghly,,,,0.31,,1.21,1.19,,1.68,1.14,1.63,1.63,1.63,1.56,1.63,1.66,1.64,1.7,1.33,,,,
187,West Bengal,Birbhum,,,,,1.26,1.09,1.55,0.94,0.95,1.7,0.52,0.95,0.96,0.96,0.95,0.95,0.96,1.39,0.87,0.57,0.66,0.69,0.57
188,West Bengal,Murshidabad,,,,0.4,1.51,1.58,1.69,1.14,1.08,0.7,1.11,1.09,1.13,1.02,1.07,1.08,1.09,0.95,,,,,
189,Nagaland,Mon,0.81,1.5,1.65,1.69,,,,,1,0.33,0.67,0.67,0.67,0.67,0.67,0.75,1,1,1,1,1,,
190,Bihar,Supaul,1.68,1.12,1.28,1.21,1.47,1.25,1.24,1.41,1.41,1.41,1.43,1.45,1.39,1.36,1.4,1.39,1.39,1.42,1.41,1.41,1.41,1.4,1.4
191,Bihar,Jehanabad,1.67,1.16,1.27,1.37,1.48,1.4,1.37,1.43,1.43,1.42,,1.33,1.5,1.5,1.33,1.33,1.5,1.33,1.33,1.33,1.5,1.5,
192,Bihar,Aurangabad,1.47,1.47,1.33,1.5,,,,1.67,1.67,1.5,,,,,,,,,,,,,
193,Bihar,Begusarai,1.66,1.14,1.3,1.33,1.38,1.35,1.28,1.37,1.37,1.33,1.44,1.43,1.5,1.43,1.44,1.42,1.53,1.49,1.48,1.49,1.49,,
194,Bihar,Muzaffarpur,1.65,1.26,1.28,1.25,1.45,1.45,1.45,1.35,1.35,1,1.43,1.44,1.47,1.47,1.5,1.5,1.5,1.5,1.5,1,,,
195,Bihar,Siwan,1.64,1.17,,1,1,1,1,1.52,1.52,,,,,,,,,,,,,,
196,Punjab,Jalandhar,,,,1.6,,,,,,,,,1.63,,,,1.5,1.5,,,,,
197,Nagaland,Phek,0.8,1,1.62,1.48,,,0.68,0.73,0.8,0.9,0.5,0.52,0.63,0.64,0.62,0.63,0.65,0.63,0.61,0.61,0.61,0.75,0.83
198,West Bengal,Jalpaiguri,,,,0.49,0.91,0.91,0.91,1.15,0.98,1.43,1.48,1.1,1.61,1.29,1.26,1.29,1.29,1.13,1.11,1.09,1.1,1,1
199,Bihar,Nalanda,1.6,1.14,1.28,1.36,1.46,1.31,1.29,1.41,1.41,1.41,1.43,1.45,1.46,1.4,1.4,1.41,1.43,1.42,1.48,1.45,1.43,1.44,1.44
200,Bihar,Madhepura,1.6,1.2,1.22,1.35,1.42,1.29,1.28,1.33,1.33,1.41,1.43,1.41,1.42,1.42,1.43,1.42,1.43,1.43,1.39,1.41,1.43,1.36,1.37
201,West Bengal,Jhargram,,,,,,,,,,,,,,,,,,1.47,1.59,1.57,1.59,1.58,1.59
202,Bihar,Sitamarhi,1.58,1.13,1.25,1.33,,,,1.33,1.33,,,1.33,,,,,,,,,,,
203,West Bengal,24 paraganas south,0.61,1.28,1.3,0.38,1.39,1.22,1.33,1.2,1,1.58,1.07,1.1,1.23,1.33,1.25,1.23,1.23,1.17,0.87,1.21,1.15,1.2,1.22
204,Karnataka,Raichur,0.4,0.47,0.38,0.34,0.25,0.41,0.26,0.47,0.37,0.22,0.5,0.33,0.53,0.58,0.49,0.34,0.63,0.73,0.72,0.67,0.91,0.74,1.58
205,West Bengal,Darjeeling,,,,,,,,,,,1,1.43,1.2,1.2,1.17,1.29,1.5,1.57,,,,,
206,Andhra Pradesh,Annamayya,,,,,,,,,,,,,,,,,,,,,,,1.55
207,Bihar,Buxar,1.55,1.14,1.32,1.24,1.46,,,,,1.33,,1.33,1.5,1.33,1,1.5,1.5,,,,,,
208,West Bengal,Purulia,,,,0.48,,0.73,0.73,0.73,0.58,1.55,1.08,0.95,0.83,0.93,0.91,0.94,0.9,0.91,0.75,1.16,1.15,1.2,1.18
209,Tamil Nadu,Thenkasi,,,,,,,,,,,,,,,,,,,,,0.68,1.12,1.54
210,Maharashtra,Kolhapur,0.67,1.33,0.75,0.83,1.25,1.2,1.09,1,1,1.21,1.36,1.29,1.53,1.09,1.33,1.39,0.63,0.94,0.88,0.89,0.35,1.33,0.88
211,Andhra Pradesh,Prakasam,1.52,1.09,1.08,1.25,1.19,1.42,0.86,1.33,1.02,0.98,1.24,1.1,1,1.16,0.96,1.14,1.06,1,0.23,1.08,0.9,1.08,0.93
212,Bihar,Gaya,1.51,1.14,1.35,1.38,1.36,1.32,1.27,1.44,1.44,1.4,1.43,1,1.44,1.45,1.45,,,,,,,,
213,Bihar,Katihar,1.51,1.11,1.42,1.47,1.31,1.41,1.48,1.43,1.43,1.41,1.43,1.46,1.47,,1.45,1.45,1.49,1.4,1.5,,,,
214,West Bengal,Paschim bardhaman,,,,,,,,,,,,,,,,,,,1,0.99,1.5,1.5,
215,Bihar,Madhubani,1,1.14,1,1.06,1.5,1.33,1.33,1.5,1.5,,1.5,1.29,1.25,1.25,,1,1,1,1,1,,,
216,Bihar,Sheikhpura,1,,,,,,,,,,,,,,,1.4,1.5,,,,,,
217,Bihar,Darbhanga,,,1.39,1.46,1.47,1.46,,1.47,1.47,1.38,1.44,1.44,1.5,1.5,1.5,1.45,1.45,,1.42,1.43,1.44,1.46,1.46
218,Bihar,Saran,,,1.2,,1.33,1.5,1.43,1.38,1.38,,1.5,1.5,,,1.24,1.24,,,,,,,
219,Bihar,Kaimur (bhabua),,1.43,,,,,,,,,,,,,,,1,,,1.5,,,
220,Bihar,Pashchim champaran,1.39,1.31,1.28,1.47,1.38,1.39,1.4,1.35,1.35,1.4,1.43,1.49,1.49,1.43,1.47,1.43,1.43,1.36,1.43,1.43,1.38,1.5,1.5
221,Bihar,Nawada,1.46,1.16,1.21,1.33,1.47,1.28,1.35,1.31,1.31,1.5,1.44,1.47,1.5,1.27,1.4,1.14,1.14,1.45,1.44,1.46,1.45,1.45,1.45
222,Odisha,Kendrapara,0.75,0.4,0.78,0.75,0.75,,,,,,,,,,,,,,,1.5,,,
223,Bihar,Jamui,1.33,,,1.5,,,1.5,,,,,,,,,,,,,,,,
224,Bihar,Munger,1,1.2,,1.44,1.35,1.25,1.42,1.5,1.5,,,,,,,,,,,,,,
225,Bihar,Purnia,1.44,1.17,1.32,1.49,1.39,1.35,1.35,1.37,1.37,1.41,1.43,1.43,1.4,1.45,1.45,1.45,1.46,1.46,1.5,1.47,1.46,1.5,1.48
226,Nagaland,Tuensang,0.81,1,1.5,1.43,,,,,0.67,0.67,1,1,1,0.83,0.86,0.88,0.88,0.88,0.88,0.88,0.88,1.29,0.94
227,Odisha,Malkangiri,0.5,,,,,,,,,,,,,,,,,,,1.5,,,
228,Bihar,Purbi champaran,1.4,1.31,1.03,1.39,1.34,1.33,1.31,1.32,1.32,1.39,1.44,1.5,1.44,1.47,1.43,1.27,1.27,1.27,1.3,1.3,1.3,1.4,1.27
229,Bihar,Samastipur,0.67,1.11,1,1,1.47,1.31,1.28,1.47,1.47,1.42,1.43,1.46,1.46,1.45,1.5,1.45,1.33,,,,,,
230,Haryana,Panipat,,1.49,,,,,,,,,,,,,,,,,,,,,
231,Bihar,Kishanganj,,1.49,,,,,,,,,,,,1.3,,,,,,,,,
232,Bihar,Gopalganj,1.38,1.13,1.19,1.32,1.43,,,,,,,,,,,,,,,,,,1.49
233,Bihar,Bhagalpur,1.48,1.4,1.35,1.39,1.47,1.45,1.39,1.43,1.43,1.4,1.43,1.45,1.46,1.45,1.45,1.44,1.48,1.46,1.46,1.47,1.45,1.46,1.46
234,Odisha,Boudh,1.44,1.48,0.8,0.75,0.16,,,,,,,,,,,,,,,1.35,,,
235,Bihar,Arwal,,,,1.38,1,1,,1.46,1.46,1.39,1.44,1.44,,,,,,,,,,,
236,Bihar,Sheohar,,,,,,1,1,,,1.42,1.42,1.44,1.45,1.45,1.45,1.43,1.46,1.42,1.29,1.29,1.29,,
237,Chhattisgarh,Balrampur,,,,,,,,,,,,0.29,0.25,1.46,,0.5,0.5,,0.5,0.33,0.29,0.4,0.43
238,Tamil Nadu,Thoothukudi,0.43,0.37,0.27,0.26,0.43,0.46,0.59,0.63,0.42,0.63,0.49,1.45,0.19,0.61,1.07,0.78,0.12,0.64,0.46,0.63,0.17,0.46,0.52
239,Karnataka,Tumkur,0.71,0.85,0.56,0.68,1.45,0.85,0.67,0.62,0.84,0.68,0.95,0.91,0.89,0.66,0.71,0.68,0.54,0.45,0.7,0.88,0.62,0.9,1.4
240,Odisha,Mayurbhanj,0.81,0.87,0.88,0.87,0.92,,,,,,,,,,,,,,,1.45,,,
241,Tamil Nadu,Virudhunagar,0.7,0.66,0.5,0.42,0.59,0.81,1.39,0.71,0.41,0.62,0.37,1.34,0.22,1.45,1.36,0.94,0.29,1.01,0.74,1.08,0.62,0.83,0.86
242,Odisha,Bhadrak,0.5,0.59,0.6,0.75,0.58,,,,,,,,,,,,,,,1.44,,,
243,Karnataka,Haveri,0.61,0.68,0.43,0.31,0.66,0.55,0.58,0.74,0.62,0.78,0.76,0.76,0.58,0.78,0.82,0.64,0.72,1.24,0.88,0.96,1.44,0.99,1.24
244,Odisha,Bargarh,0.42,0.98,0.4,0.46,0.48,,,,,,,,,,,,,,,1.42,,,
245,Uttar Pradesh,Sambhal,,,,,,,,,,,,,,1.42,,,1.38,,,,,,1.38
246,West Bengal,Howrah,,1,,0.38,0.81,0.81,1.22,1.14,1.1,1.05,1.13,1.13,1.13,1.13,1.13,1.13,1.13,1.41,0.77,0.84,0.87,1,1
247,Odisha,Nabarangpur,0.47,0.48,0.33,0.5,0.65,,,,,,,,,,,,,,,1.41,,,
248,Telangana,Yadadri,,,,,,,,,,,,,,,,,,,,,,1.4,
249,Uttarakhand,Udam singh nagar,1.37,1,0.9,1.2,1.2,1.2,1.21,0.96,0.95,1.2,,,1,1,1.21,0.96,,,1,,0.67,0.67,0.67
250,Odisha,Kalahandi,1.08,1.29,1.31,1.26,1.33,,,,,,,,,,,,,,,1.34,,,
251,Rajasthan,Ganganagar,,,,,0.4,,,,,,,,1.33,,,,,,,,,,
252,Odisha,Jajapur,0.6,0.5,0.67,0.5,0.91,,,,,,,,,,,,,,,1.33,,,
253,Rajasthan,Dungarpur,,,,1.33,,,,,,,,,,,,,,,,,,,
254,Andhra Pradesh,Krishna,1.33,1.12,1.1,1.17,0.89,1.14,0.82,,1.02,0.97,1.24,1.05,,1.13,0.93,1.08,0.8,1,0.31,1,1.22,1.08,
255,Karnataka,Yadgir,,,,,,,,,,,0.37,0.26,0.39,0.49,0.5,0.24,0.35,1.08,0.7,0.96,0.92,1.33,0.7
256,Maharashtra,Palghar,,,,,,,,,,,,,,,0.67,0.33,0.65,0.51,0.17,,0.39,1.32,
257,Odisha,Cuttack,0.67,0.68,0.67,0.6,0.64,,,,,,,,,,,,,,,1.29,,,
258,Karnataka,Bellary,0.48,0.44,0.35,0.33,0.41,0.37,0.39,0.43,0.4,0.37,0.55,0.5,0.54,0.68,0.61,0.51,0.67,1.28,0.85,1.01,1.08,1.05,1.29
259,Odisha,Kendujhar,1.22,1.25,1.27,1.26,1.25,,,,,,,,,,,,,,,1.28,,,
260,Maharashtra,Dhule,0.75,0.5,0.5,0.5,0.5,0.5,1,1,1,0.42,,,,1,,0.2,0.34,0.5,,0.33,,1.27,1.02
261,Odisha,Rayagada,0.3,0.32,0.31,0.5,0.5,,,,,,,,,,,,,,,1.27,,,
262,Odisha,Khordha,,0.29,0.4,0.5,0.47,,,,,,,,,,,,,,,1.27,,,
263,West Bengal,Coochbehar,,,,0.45,0.43,,,,,1.26,,,,,,,,,1.2,1.2,1.2,1.2,1.2
264,Odisha,Anugul,1.07,,0.61,0.53,0.69,,,,,,,,,,,,,,,1.26,,,
265,Maharashtra,Nandurbar,0.5,0.4,0.6,0.4,0.58,0.62,0.56,0.78,0.67,0.83,0.88,1.25,,1,1,0.42,0.52,0.58,0.35,0.89,0.33,0.95,0.81
266,Andhra Pradesh,Guntur,,,1.09,1.1,0.69,1.14,0.81,,1.01,0.98,1.25,1,,1.13,0.97,1,,,0.31,1,1.18,,
267,Odisha,Sundargarh,0.71,1.09,0.57,0.64,0.52,,,,,,,,,,,,,,,1.25,,,
268,Uttarakhand,Nainital,,,,,,,1.25,,,,,0.33,,1,,0.97,,,,,1,,
269,Odisha,Baleshwar,0.5,0.5,0.6,0.5,0.62,,,,,,,,,,,,,,,1.25,,,
270,Chhattisgarh,Mohla manpur ambagarh chouki,,,,,,,,,,,,,,,,,,,,,,,1.25
271,Odisha,Ganjam,0.61,0.7,0.69,0.63,0.75,,,,,,,,,,,,,,,1.24,,,
272,Andhra Pradesh,Vizianagaram,,,,,1,1,0.82,,1.02,0.98,1.24,1.03,,1.13,1,,1,,0.27,1.17,1.2,1.07,
273,Kerala,Malappuram,,,,,,,,,,,,,,,,,,,,,,,1.24
274,Kerala,Palakkad,,,,,,,,,,,,,,,,,,,,1,,1.23,1.17
275,Odisha,Jagatsinghapur,0.33,0.6,0.6,0.5,0.47,,,,,,,,,,,,,,,1.23,,,
276,Odisha,Sonepur,0.89,0.9,0.91,0.91,0.97,,,,,,,,,,,,,,,1.23,,,
277,Odisha,Deogarh,0.4,0.47,0.4,0.5,0.52,,,,,,,,,,,,,,,1.23,,,
278,Odisha,Jharsuguda,0.5,0.5,0.43,0.5,0.48,,,,,,,,,,,,,,,1.22,,,
279,Odisha,Puri,,0.4,0.3,0.47,0.38,,,,,,,,,,,,,,,1.22,,,
280,Odisha,Gajapati,0.53,0.49,0.58,0.8,0.66,,,,,,,,,,,,,,,1.22,,,
281,Maharashtra,Jalgaon,0.5,0.42,0.44,0.5,0.55,0.73,0.62,0.77,0.57,0.48,0.47,0.5,0.25,0.5,,0.2,0.33,0.56,,0.47,0.31,1.21,0.95
282,Odisha,Sambalpur,0.57,0.5,0.46,0.47,0.47,,,,,,,,,,,,,,,1.21,,,
283,Odisha,Balangir,0.79,0.97,0.96,0.92,0.79,,,,,,,,,,,,,,,1.21,,,
284,Andhra Pradesh,Kurnool,0.78,0.8,0.79,0.66,0.54,0.59,0.65,0.85,0.78,0.6,0.81,0.67,0.74,0.87,1.09,0.82,0.94,0.99,0.69,0.71,1.21,0.68,0.94
285,Maharashtra,Ahilyanagar,0.51,0.71,0.39,0.29,0.54,0.55,0.49,0.83,0.63,0.38,0.47,0.49,0.34,0.57,0.44,0.2,0.83,0.55,0.18,1.2,1.04,0.83,0.65
286,Andhra Pradesh,Spsr nellore,1.07,1.13,0.93,0.97,0.56,0.48,0.53,0.77,0.6,0.75,0.91,0.69,0.67,0.8,1.13,1.05,1.2,1.09,1,1.19,1.04,0.99,1.02
287,West Bengal,Dinajpur uttar,,,,0.35,0.74,0.74,0.74,0.74,1.1,,1.2,1.11,1.15,1,1.11,1.14,1.17,0.69,0.69,0.7,0.6,0.75,0.75
288,Chhattisgarh,Durg,0.42,0.57,0.54,0.61,0.59,0.61,0.67,0.67,0.57,0.58,0.54,0.66,0.75,,0.1,0.67,,,,1,1,1.2,1.12
289,Odisha,Nuapada,0.53,0.31,0.13,0.33,0.49,,,,,,,,,,,,,,,1.2,,,
290,Chhattisgarh,Rajnandgaon,1.01,0.9,0.9,0.73,0.83,0.86,0.93,0.93,0.8,0.82,0.91,0.91,0.77,0.29,0.7,0.88,,,,1,1,1,1.2
291,Odisha,Dhenkanal,0.89,,0.6,0.54,0.61,,,,,,,,,,,,,,,1.2,,,
292,Karnataka,Davangere,0.63,0.47,0.39,0.41,0.56,0.51,0.58,0.55,0.66,0.82,0.86,1.06,0.99,0.8,0.95,0.76,0.66,0.85,1.1,0.73,1.2,1.04,1.05
293,Karnataka,Mysore,0.32,0.56,0.39,0.34,0.46,0.36,0.3,0.47,0.58,0.48,0.92,0.7,0.32,0.64,1.19,0.6,0.25,0.79,1.12,0.32,0.49,0.75,0.55
294,Odisha,Nayagarh,0.62,0.64,0.6,0.62,0.61,,,,,,,,,,,,,,,1.19,,,
295,West Bengal,Dinajpur dakshin,,,,,0.82,1.06,0.97,1.1,0.88,1.18,1.03,1,1.05,1,1,1,1,0.8,,,,,
296,Rajasthan,Baran,1,,,,,1.17,,,,,,,,,,,,,,,,,
297,Karnataka,Belgaum,0.58,0.64,0.45,0.47,0.59,0.45,0.59,0.66,0.66,0.47,0.81,0.75,0.56,0.66,0.65,0.39,0.62,1.16,0.99,0.88,0.93,0.9,0.87
298,Kerala,Wayanad,,,,,,,,,,,,,,,,,,,,,,,1.16
299,Odisha,Koraput,0.2,0.25,0.27,0.68,0.65,,,,,,,,,,,,,,,1.15,,,
300,Karnataka,Gulbarga,0.46,0.45,0.61,0.49,0.39,0.43,0.29,0.45,0.39,0.27,0.4,0.5,0.51,0.6,0.56,0.2,0.45,1.14,0.96,1.04,0.66,0.73,0.78
301,Jharkhand,Palamu,,,,,,,,,,,,,,,,,,0.11,1.14,0.83,1,0.86,
302,Karnataka,Bidar,0.36,0.35,0.44,0.5,0.43,0.43,0.43,0.48,0.42,0.38,0.41,0.4,0.57,0.44,0.4,0.2,0.43,0.45,0.09,0.27,0.34,1.14,0.91
303,Karnataka,Chamarajanagar,0.46,0.38,0.23,0.26,0.55,0.39,0.53,0.37,0.66,0.21,0.43,0.48,0.15,0.52,0.24,0.31,0.33,0.74,0.96,0.79,1.03,0.97,1.13
304,Karnataka,Mandya,0.61,0.64,0.6,0.58,0.4,0.37,0.63,0.73,,,1,,0.5,0.67,0.58,0.33,0.5,1,0.75,1.05,1.06,0.94,1.13
305,Arunachal Pradesh,Lower subansiri,,,,,,,,,,,,,,,,,0.9,1.05,1.05,1.05,1.11,1.02,0.96
306,Andhra Pradesh,Tirupati,,,,,,,,,,,,,,,,,,,,,,,1.07
307,Karnataka,Bagalkot,0.6,0.58,0.56,0.35,0.57,0.64,0.32,0.63,0.52,0.41,0.72,0.52,0.54,0.57,0.64,0.51,0.45,1.05,0.94,0.81,0.98,0.92,0.91
308,Andhra Pradesh,Nandyal,,,,,,,,,,,,,,,,,,,,,,,1.05
309,Maharashtra,Hingoli,0.5,0.58,0.61,0.62,0.46,0.54,0.61,0.75,0.6,0.43,0.54,0.67,0.4,,,,1.03,,,0.5,,0.79,0.86
310,Karnataka,Vijayanagar,,,,,,,,,,,,,,,,,,,,,,,1.03
311,Andhra Pradesh,Eluru,,,,,,,,,,,,,,,,,,,,,,,1
312,Uttarakhand,Almora,,,0.5,0.92,1,,,,,,,,,1,,,,,,,,,
313,Jharkhand,Giridih,,,,,,,,,,,,,,,,,,,,1,0.4,0.33,
314,Chhattisgarh,Mahasamund,0.42,0.5,0.33,0.21,0.36,0.36,0.36,0.36,0.38,,0.72,0.78,0.78,,0.6,0.47,,,,1,1,,1
315,Madhya Pradesh,Chhindwara,0.38,0.44,0.3,0.48,0.55,0.55,0.5,0.5,0.52,0.53,0.53,0.5,0.5,,,,1,,,,,,
316,Uttarakhand,Uttar kashi,,,,,1,1,,,,,,,,,1,0.91,,,,0.58,,,
317,Maharashtra,Gadchiroli,1,1,,,,,,,,,,,,,,,,0.77,,,,,0.46
318,Maharashtra,Yavatmal,0.55,0.44,0.67,0.4,0.5,0.5,1,1,,,,,,,,,,0.5,,,,,
319,Madhya Pradesh,Narsinghpur,0.68,0.78,0.69,0.68,0.68,0.71,0.7,0.7,0.7,0.66,0.65,0.59,1,0.57,,,1,,,,,,
320,Uttarakhand,Haridwar,,,,1,,1,,,,,,0.67,,,,,,,1,,,,
321,Nagaland,Longleng,,,,,,,,,,0.5,0.5,0.5,0.5,0.5,0.67,0.67,0.67,1,1,1,1,,
322,Chhattisgarh,Dhamtari,0.36,0.43,0.36,0.44,0.43,0.43,0.44,0.42,0.4,0.61,0.59,0.67,0.64,,0.28,0.75,,,,,1,1,1
323,Chhattisgarh,Khairgarh chhuikhadan gandai,,,,,,,,,,,,,,,,,,,,,,,1
324,Jharkhand,Deoghar,,,,,,,,,,,,,,,,,,0.56,,,,1,1
325,Madhya Pradesh,Harda,,,0.45,0.45,,,,,,,,,,,,,1,,,,,,
326,Andhra Pradesh,Parvathipuram manyam,,,,,,,,,,,,,,,,,,,,,,,1
327,Jharkhand,Pakur,,,,,,,,,,,,,,,,,,0.6,1,,,,
328,Madhya Pradesh,Guna,,,,0.6,,,,,,,,,1,,,,,,,,,,
329,Maharashtra,Wardha,0.5,1,,,0.5,0.6,0.58,0.8,0.5,,1,,,,,,0.7,,,,,,
330,Uttarakhand,Dehradun,0.88,1,0.54,1,,1,,,,,,0.5,1,1,1,1,,,0.6,,0.5,0.75,
331,Rajasthan,Nagaur,0.4,,,,,0.53,,,,,0.33,,,1,,,,,,,,,
332,West Bengal,Kalimpong,,,,,,,,,,,,,,,,,,1,,,,,
333,Jharkhand,Latehar,,,,,,,,,,,,,,,,,,0.6,,,,1,
334,Karnataka,Bangalore rural,0.7,0.73,0.68,0.59,0.68,0.77,0.67,0.78,0.76,0.71,0.85,0.86,0.63,0.67,0.6,0.5,,,1,0.71,1,0.83,1
335,Karnataka,Ramanagara,,,,,,,,0.42,0.34,0.23,0.48,0.79,0.5,0.58,0.5,0.38,0.67,1,1,1,0.83,0.88,1
336,Puducherry,Pondicherry,,,,,,,,0.5,0.67,1,1,,,,,,,,,,,,
337,Madhya Pradesh,Katni,,,,,,,,,,,0.25,,,,,,1,,,,,,
338,Maharashtra,Nashik,0.57,0.36,0.36,0.33,0.57,0.6,0.6,0.67,0.67,0.67,0.5,0.5,0.4,1,,0.11,0.41,0.53,,0.15,0.68,0.92,0.87
339,Karnataka,Bengaluru urban,0.8,0.88,0.75,1,0.64,0.79,0.65,0.78,0.83,0.67,1,1,1,,0.5,0.38,0.5,1,1,0.83,1,0.8,0.93
340,Rajasthan,Barmer,,,,1,1,,,,,,,,,,,,,,,,,,
341,Madhya Pradesh,Sagar,0.33,0.5,0.44,0.4,0.49,0.5,,,,,,,,,,,1,0.83,,,,,
342,Uttarakhand,Chamoli,,,,1,,,,,,,,,,,,,,,,,,,
343,Maharashtra,Bhandara,,,,,,,1,1,1,,,,,,,,0.25,,,,,,
344,Madhya Pradesh,Shivpuri,0.2,0.29,0.01,,,,,,,,,,,,,,1,,,,,,
345,Jharkhand,West singhbhum,,,,,,,,,,,,,,,,,,,,,1,0.52,0.83
346,Chhattisgarh,Bemetara,,,,,,,,,,,,0.57,0.75,0.58,0.49,0.6,,,,0.82,0.88,0.88,1
347,Tamil Nadu,The nilgiris,1,,,,,,,,,,,,,,,,,,,,,,
348,Madhya Pradesh,Damoh,0.39,,0.01,,0.33,,,,,,,,,,,,1,,,,,,
349,Nagaland,Peren,,,,,,,,,1,0.79,0.53,0.53,0.61,0.6,0.53,0.55,0.56,0.61,0.62,0.62,0.62,1,0.8
350,Madhya Pradesh,Mandla,,,,,,,,,,,,,,,,,1,,,,,,
351,Rajasthan,Jhalawar,0.06,0.06,,1,1,,,,,,,,,,,,,,,,,,
352,Chhattisgarh,Mungeli,,,,,,,,,,,,,,,,,,,,1,,,1
353,Nagaland,Kiphire,,,,,,,,,1,0.5,0.5,0.5,0.67,0.67,0.67,0.67,0.75,0.75,0.75,0.75,0.75,1,0.83
354,Madhya Pradesh,Hoshangabad,,,,0.47,,,0.55,0.56,,,,,,,,1,1,,,,,,
355,Chhattisgarh,Gaurella-pendra-marwahi,,,,,,,,,,,,,,,,,,,,,1,,
356,Karnataka,Uttar kannad,0.37,0.84,0.69,0.8,0.84,0.92,0.79,0.87,0.79,0.63,0.86,0.77,0.53,0.61,0.59,0.29,0.29,0.6,0.75,0.67,1,1,
357,Andhra Pradesh,Palnadu,,,,,,,,,,,,,,,,,,,,,,,1
358,Jharkhand,Chatra,,,,,,,,,,,,,,,,,,0.74,0.42,1,,0.36,
359,Andhra Pradesh,Anakapalli,,,,,,,,,,,,,,,,,,,,,,,1
360,Madhya Pradesh,Tikamgarh,,,,,,,,,,,,,,,,,1,,,,,,
361,Maharashtra,Chandrapur,,,,0.5,0.5,0.66,0.57,0.75,0.5,,,,,,,,1,0.57,,,,,
362,Puducherry,Karaikal,,,,,,,,1,,,,,,,,,,,,,,,
363,Uttarakhand,Pithoragarh,1,,,,,,,,,,,,,,,,0.57,,,,,,
364,Jharkhand,Simdega,,,,,,,,,,,,,,,,,,0.59,1,0.94,,0.45,1
365,West Bengal,Alipurduar,,,,,,,,,,,,,,,,,,,1,0.7,0.8,,0.8
366,Uttarakhand,Pauri garhwal,,,0.63,,1,,,,,,,0.4,,0.96,0.94,,,,,0.67,,0.6,
367,Chhattisgarh,Bilaspur,0.33,0.45,0.33,0.41,0.45,0.39,0.43,0.44,0.44,0.45,0.44,0.43,0.42,,0.46,0.5,,,0.18,,0.6,1,
368,West Bengal,Maldah,,,,0.68,0.7,0.71,0.7,0.7,0.71,1,0.7,,,,,,,,,,,,
369,Chhattisgarh,Kanker,0.17,0.33,0.12,0.23,0.22,0.23,0.22,0.23,0.23,0.23,0.22,0.2,0.24,0.14,0.38,0.5,0.07,0.09,0.56,0.82,0.67,0.75,1
370,Madhya Pradesh,Seoni,0.2,0.38,,0.2,,0.25,,0.25,,,,,,0.75,,,1,,,,,,
371,Andhra Pradesh,Ntr,,,,,,,,,,,,,,,,,,,,,,,1
372,Madhya Pradesh,Burhanpur,,,,0.5,0.5,0.33,0.5,0.4,0.5,,,,,,,,,1,,,,,
373,Andhra Pradesh,Bapatla,,,,,,,,,,,,,,,,,,,,,,,1
374,Andhra Pradesh,Alluri sitharama raju,,,,,,,,,,,,,,,,,,,,,,,1
375,Chhattisgarh,Balod,,,,,,,,,,,,0.97,0.59,0.57,0.49,1,,,,,,,0.83
376,Madhya Pradesh,Ashoknagar,,,,,,,,,,,,,,0.67,,,1,,,,,,
377,Rajasthan,Bharatpur,,,,1,,,,,,,,,,,,,,,,,,,
378,Madhya Pradesh,Sidhi,,0.67,0.5,,,,,,,,,,,,,,1,,,,,,
379,Jharkhand,Khunti,,,,,,,,,,,,,,,,,,,0.67,,,1,
380,Uttarakhand,Tehri garhwal,,,,,,,,,,,,,,,,,,,,1,,,
381,Karnataka,Bijapur,0.45,0.38,0.41,0.21,0.31,0.4,0.22,0.38,0.29,0.22,0.35,0.25,0.43,0.53,0.46,0.24,0.8,0.91,0.53,0.51,0.93,0.99,0.81
382,Karnataka,Hassan,0.86,0.89,0.39,0.27,0.84,0.8,0.37,0.6,0.56,0.53,0.83,0.99,0.32,0.42,0.76,0.57,0.41,0.7,0.5,0.75,0.53,0.43,0.78
383,Arunachal Pradesh,Siang,,,,,,,,,,,,,,,,,0.84,0.5,0.5,0.5,0.5,0.98,0.97
384,Karnataka,Chikmagalur,0.72,0.49,0.25,0.2,0.59,0.75,0.4,0.69,0.43,0.46,0.6,0.34,0.29,0.43,0.45,0.31,0.84,0.64,0.72,0.94,0.95,0.8,0.82
385,Arunachal Pradesh,Lower dibang valley,,,,,,,,,,,,,,,,,0.93,0.28,0.28,0.27,0.36,0.71,0.88
386,Arunachal Pradesh,Leparada,,,,,,,,,,,,,,,,,,,,0.85,0.85,0.93,0.87
387,Nagaland,Shamator,,,,,,,,,,,,,,,,,,,,,,,0.92
388,Karnataka,Chitradurga,0.55,0.6,0.47,0.39,0.57,0.58,0.46,0.55,0.41,0.38,0.59,0.31,0.46,0.5,0.53,0.51,0.26,0.81,0.67,0.56,0.92,0.73,0.9
389,Nagaland,Chumoukedima,,,,,,,,,,,,,,,,,,,,,,,0.91
390,Maharashtra,Pune,0.51,0.64,0.41,0.28,0.58,0.54,0.55,0.75,0.67,0.58,0.58,0.55,0.43,0.56,0.56,0.19,0.87,0.54,,0.36,0.56,0.91,0.75
391,Andhra Pradesh,Anantapur,0.8,0.65,0.37,0.4,0.52,0.17,0.39,0.67,0.62,0.61,0.8,0.91,0.64,0.68,0.33,0.55,0.38,0.5,0.42,0.67,0.43,0.29,0.54
392,Jharkhand,Koderma,,,,,,,,,,,,,,,,,,0.8,0.9,,0.81,,
393,Arunachal Pradesh,Lohit,,,,,,,,,,,,,,,,,0.88,0.89,0.89,0.89,0.89,0.83,0.81
394,Maharashtra,Parbhani,0.69,0.62,0.65,0.65,0.44,0.57,0.56,0.8,0.58,0.51,0.7,0.63,0.51,0.53,0.21,0.08,0.88,0.33,0.1,0.42,0.57,,0.46
395,Maharashtra,Gondia,,,,,,,,,,,,,,,,,,,,,0.6,,0.88
396,Nagaland,Nuiland,,,,,,,,,,,,,,,,,,,,,,,0.88
397,Andhra Pradesh,Sri sathya sai,,,,,,,,,,,,,,,,,,,,,,,0.87
398,Maharashtra,Nanded,0.43,0.5,0.73,0.75,0.45,0.51,0.6,0.86,0.6,0.56,0.65,0.61,0.64,0.76,0.23,0.17,0.51,0.5,0.49,0.64,0.56,0.65,0.8
399,Arunachal Pradesh,Papum pare,,,,,,,,,,,,,,,,,0.86,0.42,0.42,0.45,0.48,0.74,0.82
400,Maharashtra,Akola,0.59,0.58,0.61,0.46,0.5,0.71,0.71,0.77,0.55,0.51,0.62,0.59,0.5,,,0.29,0.85,0.41,,0.42,0.41,,
401,Arunachal Pradesh,Dibang valley,,,,,,,,,,,,,,,,,0.83,0.84,0.84,0.84,0.84,0.65,0.68
402,Maharashtra,Satara,0.52,0.5,0.41,0.22,0.55,0.55,0.5,0.8,0.73,0.4,0.5,0.43,0.33,0.58,0.46,0.3,0.65,0.52,0.25,0.48,0.64,0.73,0.84
403,Arunachal Pradesh,Namsai,,,,,,,,,,,,,,,,,0.81,0.64,0.64,0.64,0.64,0.64,0.63
404,Karnataka,Koppal,0.4,0.44,0.28,0.25,0.37,0.4,0.17,0.38,0.31,0.23,0.51,0.5,0.77,0.81,0.75,0.43,0.22,0.81,0.45,0.66,0.81,0.7,0.63
405,Odisha,Kandhamal,0.4,0.56,0.5,0.56,0.57,,,,,,,,,,,,,,,0.81,,,
406,Maharashtra,Beed,0.48,0.41,0.44,0.34,0.48,0.52,0.5,0.56,0.51,0.57,0.53,0.53,0.38,0.53,0.32,0.09,0.17,0.81,,0.5,0.41,0.72,0.55
407,Arunachal Pradesh,East siang,,,,,,,,,,,,,,,,,0.78,0.79,0.8,0.8,0.8,0.77,0.76
408,Maharashtra,Nagpur,0.58,0.67,0.5,0.38,0.67,0.73,0.65,0.8,0.75,0.5,0.67,0.71,0.44,0.45,0.32,0.25,0.24,0.43,,,,,
409,Maharashtra,Chhatrapati Sambhajinagar,0.45,0.38,0.45,0.36,0.5,0.42,0.51,0.54,0.51,0.56,0.54,0.5,0.4,0.44,,0.06,0.24,0.79,,0.35,0.6,0.79,0.73
410,Maharashtra,Buldhana,0.55,0.55,0.57,0.46,0.5,0.33,0.64,0.71,0.55,0.61,0.63,0.62,0.5,0.57,,0.18,0.42,0.54,0.33,0.55,0.59,0.51,0.79
411,Arunachal Pradesh,West siang,,,,,,,,,,,,,,,,,0.78,0.6,0.6,0.61,0.61,0.79,0.75
412,Maharashtra,Jalna,0.49,0.41,0.44,0.34,0.5,0.43,0.5,0.57,0.54,0.58,0.52,0.56,0.47,0.7,,0.03,0.06,,,0.55,0.59,0.79,0.71
413,Rajasthan,Ajmer,,0.54,,0.38,0.78,0.5,,,,,,,,,,,,,,,,,
414,Jharkhand,Godda,,,,,,,,,,,,,,,,,,0.77,0.76,,,,
415,Rajasthan,Bhilwara,,,,,,,0.75,,,,,,,,,,,,,,,,
416,Maharashtra,Solapur,0.49,0.48,0.44,0.13,0.55,0.53,0.51,0.68,0.6,0.47,0.53,0.49,0.43,0.74,0.59,0.23,0.35,0.52,0.17,0.4,0.55,0.69,0.6
417,Maharashtra,Latur,0.55,0.5,0.46,0.45,0.54,0.63,0.51,0.69,0.56,0.49,0.69,0.61,0.68,0.73,0.27,0.23,0.41,0.4,0.12,0.44,0.43,0.6,0.44
418,Karnataka,Dharwad,0.54,0.38,0.4,0.15,0.43,0.57,0.45,0.41,0.37,0.46,0.67,0.5,0.22,0.35,0.44,0.18,0.04,0.45,0.39,0.55,0.5,0.72,0.7
419,Maharashtra,Sangli,0.5,0.56,0.44,0.18,0.55,0.54,0.5,0.72,0.61,0.5,0.55,0.5,0.38,0.51,0.52,0.14,0.44,0.58,,0.5,0.57,0.69,0.59
420,Maharashtra,Amravati,0.56,0.56,0.62,0.36,0.57,0.66,0.59,0.63,0.58,0.61,0.68,0.69,0.45,0.5,,0.12,0.24,0.43,,0.56,0.54,,
421,Maharashtra,Dharashiv,0.5,0.38,0.5,0.18,0.52,0.67,0.58,0.63,0.63,0.56,0.62,0.64,0.35,0.6,0.28,0.18,0.68,0.44,0.17,0.3,0.43,0.43,0.38
422,Jharkhand,Saraikela kharsawan,,,,,,,,,,,,,,,,,,0.6,0.45,0.67,0.67,0.53,0.55
423,Chhattisgarh,Raipur,0.37,0.38,0.37,0.38,0.37,0.36,0.38,0.36,0.39,0.4,0.4,0.46,0.47,,0.36,0.5,,,,,0.67,0.67,0.5
424,Chhattisgarh,Gariyaband,,,,,,,,,,,,0.67,0.33,,0.33,,,,,,0.67,,
425,Rajasthan,Pali,,,,,,,,,,,,0.67,,,,,,,,,,,
426,Chhattisgarh,Sukma,,,,,,,,,,,,,,,0.4,,,,,0.67,,,
427,Karnataka,Gadag,0.42,0.34,0.22,0.21,0.46,0.54,0.23,0.41,0.36,0.27,0.47,0.36,0.43,0.58,0.53,0.33,0.19,0.58,0.35,0.53,0.48,0.59,0.66
428,Jharkhand,Ranchi,,,,,,,,,,,,,,,,,,0.63,,,,0.62,0.62
429,Chhattisgarh,Korba,,,,,0.5,0.4,0.43,0.44,0.38,,0.5,0.44,0.44,,0.33,0.42,,,,,0.58,0.63,
430,Arunachal Pradesh,Shi yomi,,,,,,,,,,,,,,,,,,,,0.58,0.58,0.62,0.63
431,Chhattisgarh,Janjgir-champa,0.4,0.44,0.34,0.4,0.47,0.5,0.47,0.4,0.46,0.43,0.45,0.43,0.44,,0.47,0.49,,,,0.62,0.62,0.62,
432,Chhattisgarh,Sakti,,,,,,,,,,,,,,,,,,,,,,,0.62
433,Uttarakhand,Bageshwar,,,0.6,,,,,,,,,,,,,,,,,,,,
434,Jharkhand,East singhbum,,,,,,,,,,,,,,,,,,0.6,0.45,0.44,0.5,0.53,
435,Chhattisgarh,Sarangarh bilaigarh,,,,,,,,,,,,,,,,,,,,,,,0.6
436,Maharashtra,Sindhudurg,,,,,,,,,,,,,,,,0.2,0.6,,,,,,
437,Mizoram,Saiha,,,,,0.59,,,,,,,,,,,,,,,,,,
438,Jharkhand,Bokaro,,,,,,,,,,,,,,,,,,0.58,,,,,
439,Maharashtra,Thane,,,,,,,,,,,,,,,,0.25,0.58,,,,,,
440,Chhattisgarh,Kondagaon,,,,,,,,,,,,0.19,0.13,0.25,0.17,0.27,0.08,0.08,0.04,0.49,0.54,0.34,0.5
441,Jharkhand,Gumla,,,,,,,,,,,,,,,,,,,,,0.53,0.2,0.24
442,Madhya Pradesh,Shajapur,0.34,0.3,0.3,0.53,0.33,0.44,0.33,0.33,0.5,0.33,,,,,,,,,,,,,
443,Rajasthan,Chittorgarh,,0.52,,,,,,,,,,,,,,,,,,,,,
444,Jharkhand,Dumka,,,,,,,,,,,,,,,,,,0.23,0.44,0.51,0.51,0.34,
445,Madhya Pradesh,Khargone,0.35,0.31,0.5,,,,,,0.5,0.43,,,,,,,,,,,,,
446,Madhya Pradesh,Ratlam,,0.25,,0.4,0.5,0.5,,,,,,,,,,,,,,,,,
447,Chhattisgarh,Baloda bazar,,,,,,,,,,,,0.47,0.47,,0.37,0.41,,,,0.5,0.5,0.5,
448,Madhya Pradesh,Balaghat,0.25,,0.23,0.23,0.29,,0.29,0.25,0.23,0.25,0.29,,0.5,0.5,,,,,,,,,
449,Madhya Pradesh,Jhabua,,0.01,0.33,0.2,0.5,,,,,,,,,,,,,,,,,,
450,Madhya Pradesh,Rewa,,,,0.3,0.5,,,,,,,,,,,,,0.4,,,,,
451,Jharkhand,Garhwa,,,,,,,,,,,,,,,,,,,0.5,,,,
452,Karnataka,Udupi,,,,,,0.5,0.25,,,,,,,,,,,,,,,,
453,Andaman and Nicobar Islands,South andamans,,,,,,,,,,,0.5,,,,,,,,,,,,
454,Chhattisgarh,Surajpur,,,,,,,,,,,,0.25,0.25,0.22,0.33,0.33,0.2,0.5,,,0.5,0.5,
455,Madhya Pradesh,Mandsaur,0.26,0.3,0.24,0.29,,0.33,0.37,0.5,,0.5,,,,,,,,,,,,,
456,Madhya Pradesh,Neemuch,0.1,,0.5,,0.33,0.33,,,,,,,,,,,,,,,,,
457,Karnataka,Kodagu,,,,,,,,,,,,,0.5,,,,,,,,,,
458,Jharkhand,Lohardaga,,,,,,,,,,,,,,,,,,,,,,,0.5
459,Madhya Pradesh,Khandwa,0.24,0.33,0.3,0.34,0.33,0.33,0.36,0.46,0.39,0.36,0.36,0.33,0.33,0.37,,,,,,,,,
460,Madhya Pradesh,Shahdol,0.25,0.45,0.24,0.27,,,,,,,,,,,,,,,,,,,
461,Mizoram,Lawngtlai,,,,,0.45,,,,,,,,,,,,,,,,,,
462,Chhattisgarh,Surguja,,0.3,0.27,0.29,0.3,0.25,0.29,0.3,0.32,0.25,0.29,0.29,0.33,0.19,0.33,0.32,0.08,0.09,0.11,0.42,0.44,0.33,0.29
463,Madhya Pradesh,Umaria,,,,,,0.29,,,0.43,,0.37,,,,,,,,,,,,
464,Chhattisgarh,Bastar,0.2,0.23,0.21,0.29,0.2,0.21,0.23,0.23,0.2,0.2,0.2,0.29,0.33,,,0.15,,,,0.29,0.33,0.4,0.33
465,Rajasthan,Hanumangarh,,,0.4,,,,,,,,,,,,,,,,,,,,
466,Chhattisgarh,Jashpur,,0.2,,,0.18,0.2,0.17,0.33,0.4,,,,,,,,,,,,,,
467,Madhya Pradesh,Jabalpur,0.27,0.32,0.14,0.35,0.38,0.4,0.28,0.28,0.28,,,,,,,,,,,,,,
468,Maharashtra,Ratnagiri,,,,,,,,,,,,,,,,0.3,,,,0.29,0.39,,
469,Chhattisgarh,Raigarh,0.2,0.22,0.21,0.22,0.19,0.2,0.28,0.25,0.39,,0.22,0.21,0.21,,0.23,0.22,,,,0.3,0.3,0.3,0.3
470,Madhya Pradesh,Betul,0.24,0.27,0.29,0.33,0.32,0.32,0.34,0.36,0.38,0.38,,,,,,,,,,,,,
471,Madhya Pradesh,Dewas,0.29,0.21,0.28,0.31,0.22,0.38,,0.3,,,,,,,,,,,,,,,
472,Madhya Pradesh,Barwani,0.34,,,,0.33,0.14,0.22,,,,0.14,,0.33,,,,,,,,,,
473,Chhattisgarh,Dantewada,0.25,0.24,0.17,0.33,0.2,,,0.25,,,,,,,0.22,,,,,0.33,,,
474,Madhya Pradesh,Indore,0.33,0.31,,,,,,,,,,,,,,,,,,,,,
475,Madhya Pradesh,Rajgarh,0.13,0.17,0.09,0.29,0.3,0.27,0.33,,,,,,,,,,,,,,,,
476,Chhattisgarh,Narayanpur,,,,,,,,,,,,,,,,,,,,,,0.25,0.33
477,Kerala,Alappuzha,,,,,,,,,,,,,,,,,,,,,0.3,0.3,0.3
478,Rajasthan,Bikaner,,,,,,,0.29,,,,,,,,,,,,,,,,
479,Madhya Pradesh,Ujjain,0.13,0.12,0.13,0.25,0.17,0.15,0.25,0.24,0.23,0.25,,,,,,,,,,,,,
480,Chhattisgarh,Korea,,0.25,,,,,,,,,,,,,,,,,,,,,
481,Madhya Pradesh,Anuppur,,,,,,,0.25,,,,,,,,,,,,,,,,
482,Madhya Pradesh,Vidisha,0.25,,0.01,,,,,,,,,,,,,,,,,,,,
483,Madhya Pradesh,Dhar,,,,,0.22,,,,,,,,,,,,,,,,,,
484,Kerala,Thrissur,,,,,,,,,,,,,,,,,,,,,,0.14,
485,Rajasthan,Jalore,,,0.06,,,,,,,,,,,,,,,,,,,,
486,Madhya Pradesh,Raisen,,,0.01,,,,,,,,,,,,,,,,,,,,
