Crop: Tobacco,,,,,,,,,,,,,,,,,,,,,,,,,
S.No.,State,District,2000 - 2001,2001 - 2002,2002 - 2003,2003 - 2004,2004 - 2005,2005 - 2006,2006 - 2007,2007 - 2008,2008 - 2009,2009 - 2010,2010 - 2011,2011 - 2012,2012 - 2013,2013 - 2014,2014 - 2015,2015 - 2016,2016 - 2017,2017 - 2018,2018 - 2019,2019 - 2020,2020 - 2021,2021 - 2022,2022 - 2023
,,,Yield (Ton./Ha.),Yield (Ton./Ha.),Yield (Ton./Ha.),Yield (Ton./Ha.),Yield (Ton./Ha.),Yield (Ton./Ha.),Yield (Ton./Ha.),Yield (Ton./Ha.),Yield (Ton./Ha.),Yield (Ton./Ha.),Yield (Ton./Ha.),Yield (Ton./Ha.),Yield (Ton./Ha.),Yield (Ton./Ha.),Yield (Ton./Ha.),Yield (Ton./Ha.),Yield (Ton./Ha.),Yield (Ton./Ha.),Yield (Ton./Ha.),Yield (Ton./Ha.),Yield (Ton./Ha.),Yield (Ton./Ha.),Yield (Ton./Ha.)
1,Puducherry,Mahe,,,,,,,,,,,,,,,,40,,,,,,,
2,Puducherry,Pondicherry,,,,,,,,,,,,,,,,20.34,,,,,,,
3,Rajasthan,Jaipur,1.68,2.08,1.75,,0.33,1.2,1,2.17,1.75,1.43,1.5,,,8,,,,1,,,,,
4,Uttarakhand,Tehri garhwal,7.71,7.67,8,3.25,3.33,,,3,,,,,,,,,,,,,,,
5,Tamil Nadu,Krishnagiri,,,1.58,,,,,,,,,8,,,,,,,,,,,
6,Uttar Pradesh,Allahabad,,,,8,5,,5,,,,,,,,,,,,,2.79,,,
7,Uttarakhand,Pithoragarh,7.6,7.67,7.75,,,,4,,3.6,,3,1.5,,3.67,,,,,,,,,
8,Uttarakhand,Uttar kashi,,7.69,7.75,,3,4,4,,,,3,1,,,,,,,,,,,
9,Rajasthan,Alwar,3.12,2.74,2.77,,1.55,1.73,1.09,0.56,1.2,1.27,1.39,1.17,1.82,1.18,1.2,1.41,0.55,1,7.47,7.7,1.45,1.12,1
10,Uttarakhand,Champawat,7.68,7.65,7.6,3,3.5,,,,3,,,,,,,,,,,,,,
11,Uttar Pradesh,Mahoba,,6.23,5.88,7.53,4.57,5.73,5.33,,,5.69,5.11,5.17,,,,4.33,4.33,,,,4.33,4.33,
12,Uttar Pradesh,Rae bareli,,6.33,6,7.5,5.5,5.75,5.5,,,,5,3,3,5,4,5,4,5,2,3,4,5,
13,Uttar Pradesh,Banda,,6,6,7.5,4,5.67,5,,,,,,,,,,,,,,,,
14,Uttar Pradesh,Bareilly,,,,7.5,,,,,2,,,,,,,,,,,,,,
15,Uttar Pradesh,Ballia,,6.2,6,7.5,4.25,,5.25,,,,,,,,,,,,,,,,
16,Rajasthan,Tonk,,,,,,,,,,,,,,,,,,7.5,,,,,
17,Uttar Pradesh,Jaunpur,,6.2,5.91,7.5,3.83,5.43,2.91,2.5,,5.75,5.11,,5.4,5.56,4.22,4.38,4.44,4.67,,2.78,4.44,4.44,
18,Uttar Pradesh,Budaun,,6.31,5.94,7.5,4.36,5.68,5.31,5.59,5.22,5.73,5.08,5.21,5.38,5.5,4.23,4.42,4.47,4.65,2.15,2.81,4.42,4.43,4.11
19,Uttar Pradesh,Azamgarh,,6.25,5.89,7.48,4.38,5.72,5.32,,5.22,5.71,5.08,5.22,5.41,5.5,4.24,1.85,4.47,4.65,2.14,2.8,4.42,4.43,4.12
20,Uttar Pradesh,Hardoi,,6.21,5.89,7.48,4.35,5.65,5.27,5.57,5.21,5.74,5.07,5.21,5.4,4.11,2.5,4.42,3.86,4.67,2.15,2.75,4.44,3.11,4.11
21,Uttar Pradesh,Gonda,,6.28,6,7.43,4.48,5.82,5.31,3.86,5.22,5.73,5.08,4.18,2.11,3.01,2.86,2.32,5.81,4.75,4.6,5.86,3.96,4.12,4.14
22,Uttar Pradesh,Firozabad,,6.33,5.88,7.38,4.38,5.75,5.31,,,,,3,,,,,,,,2.67,,,
23,Uttarakhand,Dehradun,7.35,7.35,,3.25,3.6,3.5,4,3,,,,,,,,,,,,,,,
24,Uttar Pradesh,Hamirpur,,6.25,5.91,7.33,5,6.14,5.38,5.6,5,6,5,5.17,5.4,5.57,4.29,,4.48,4.71,2.18,2.86,4.43,4.43,
25,Uttar Pradesh,Unnao,,,6,7.33,,6.33,,,,,,,4.67,5,,3.5,4,,2,2.33,3.5,3,
26,Uttar Pradesh,Ambedkar nagar,,6.35,5.95,7.29,4.91,5.8,5.33,5.59,5.22,5.74,5.08,5.22,5.41,5.5,4.23,4.42,4.47,,2.15,2.81,4.35,4.43,3.9
27,Uttar Pradesh,Basti,,6.43,5.96,7.21,4.74,5.81,5.32,5.6,5.22,5.73,5.08,5.22,5.41,5.5,4.23,4.42,4.47,4.65,2.15,2.81,4.42,4.43,3.99
28,Uttar Pradesh,Sitapur,,6.3,5.98,7.17,4.87,5.81,5.23,5.57,5.22,5.69,5.08,5.2,5.39,5.5,4.23,4.42,4.47,4.65,2.15,2.81,4.42,4.43,3.67
29,Uttar Pradesh,Barabanki,,6.55,5.94,7.13,5.11,6.09,4.97,5.13,5.19,5.54,5.11,5.22,5.39,5.49,4.14,2.9,4.46,4.67,2.14,2.8,4.43,4.24,4
30,Uttar Pradesh,Hathras,,7.11,6.17,7,6,,,,,,,,6,,,,,,2.55,,,,
31,Uttar Pradesh,Farrukhabad,,7.03,6.13,6.53,5.49,6.02,5.24,4.27,5.58,4.88,5.08,4.39,5.33,4.55,3.25,4.53,2.79,3.61,0.84,0.85,3.48,2.87,2
32,Uttar Pradesh,Pilibhit,,,,,7,,,,,,,,,3.07,,1.56,1.97,2.85,2.41,,2.89,2,
33,Uttar Pradesh,Kannauj,,6.5,5.94,7,4.4,4.63,5.4,,2.33,4.86,5.1,4.4,5.42,4.64,3.5,3,2.82,3.64,0.82,0.82,3.55,2.91,
34,Uttar Pradesh,Aligarh,,,6.33,4,5,4.67,4.29,,,4,,,6,6.89,,,5.1,,,,,,2
35,Uttar Pradesh,Etah,,6.86,6.11,6.57,5.67,6.09,5.32,6.37,6.16,6.13,5.08,6.01,6,6.41,4.75,4.43,5.1,5.22,2.55,3.15,5.58,6.37,4.71
36,Uttar Pradesh,Kanpur nagar,,6.57,5.89,2.5,5.25,4.59,4.18,2.49,2.27,4.64,5.08,4.13,4.66,4.09,3.09,4.14,2.48,3.59,0.8,0.8,3.3,2.59,2.2
37,Uttar Pradesh,Mainpuri,,6.17,5.88,6.5,6,5.72,5.5,6.37,,,,,5,5.5,,,4.33,4.67,,3,4.5,4.5,4.11
38,Uttar Pradesh,Shahjahanpur,,6.39,5.99,,4.32,5.71,5.14,4.64,5.09,5.56,5.08,5.17,5.3,5.31,4.1,3.87,4.3,4.65,2.17,2.81,4.42,2,
39,Uttar Pradesh,Kaushambi,,6.22,5.86,6.27,4.35,,5.35,,5.2,,,,5.42,5.5,,,4.44,4.67,2.15,2.83,4.44,4.44,
40,Uttar Pradesh,Kasganj,,,,,,,,,,6.13,5.08,5.43,6,6.25,4.71,4.65,5.04,5.22,2.55,3.15,3.86,3.77,5.38
41,Andhra Pradesh,Krishna,2.69,1.73,2.46,1.92,1.88,2.12,2.25,2.4,2.73,2.77,2.48,3.87,4.33,4.7,6.24,5.45,4.57,5.26,5.1,4.91,5.28,5.84,2.59
42,Uttar Pradesh,Fatehpur,,6,,,4,,3.67,,2.23,,,3,,3,,,2,,2.33,2.8,,2,
43,Uttar Pradesh,Siddharth nagar,,6,,,,,,,,,,,,,,,,,,,,,
44,Uttar Pradesh,Lucknow,,,,,,,,2.5,,6,,,,,,,,,,,4.5,,
45,Uttar Pradesh,Muzaffarnagar,,,,,6,,,6,,,,,,,,,,,,,,,
46,Uttar Pradesh,Rampur,,6,,,,,,,,,,,,,,,,,,,,,
47,Uttar Pradesh,Moradabad,,6,2.97,4.31,4.05,4.6,2.95,2.49,2.27,4.28,,3.09,,,,,,,,,2.88,,
48,Uttar Pradesh,Baghpat,,,6,4,4,,,,,,,,,5.5,,,4.5,4.6,,3,4.5,4.5,
49,Uttar Pradesh,Balrampur,,,,,,5.73,,,,,,,,,,,,,,,,,
50,Kerala,Kasaragod,5.57,5.56,5.57,5.57,5.58,1.6,1.61,1.6,1.62,1.17,,1.6,1.77,1.89,1.62,1.67,1.5,1.6,1.6,1.8,1.83,1.67,1.43
51,Uttar Pradesh,Gautam buddha nagar,,,,,,,,,,,,,,5.5,,,,,,,,,
52,Uttar Pradesh,Bulandshahr,,,3,5,4.33,4,5.5,,,,,,,,,,,,2.14,,4.42,,4
53,Uttar Pradesh,Pratapgarh,,,,,,,,,,,,,,5.5,,,,,,,,,2.33
54,Uttarakhand,Haridwar,5.37,5.33,5.38,3.54,4,4,4,,3.6,0.64,2.67,1.67,,,2,,1.89,2,2,2,2,2,
55,Rajasthan,Jhunjhunu,5.28,5,5,,3.83,5,5,5,5,5,4.94,5,5,5,5,5,,5,5,5,4.88,3.75,5
56,Telangana,Warangal,1.64,2.46,5.25,1.18,1.27,1.97,2.63,,3.34,1.89,1.5,3.48,,3.74,2.99,3.77,,,2.67,3,4.5,3,2
57,Uttar Pradesh,Faizabad,,,,,5.25,,,,,,,,,,,,4.5,,,,3,,
58,Telangana,Kamareddy,,,,,,,,,,,,,,,,,4.62,4.5,5.23,3,3.67,3.04,2.24
59,Telangana,Jangoan,,,,,,,,,,,,,,,,,3.29,2.85,5.23,2.99,2.11,3.03,3.87
60,Telangana,Mahabubabad,,,,,,,,,,,,,,,,,2.68,4.5,5.23,3,3.64,3.03,1.12
61,Telangana,Karimnagar,1.16,2.41,3.37,1.81,1.47,1.97,1.58,,2.13,1.89,1.5,1.6,,4.38,3.88,4.56,4.62,4.51,5.22,2.97,3.66,3.03,2.24
62,Telangana,Wanaparthy,,,,,,,,,,,,,,,,,,,5.21,3,,,
63,Telangana,Khammam,1.94,3.06,2.78,2.41,1.57,2.34,2.39,3,2.84,2.53,2.53,2.94,3.5,2.27,2.68,2.8,4.64,4.5,5.17,,3.55,3.03,2.18
64,Tamil Nadu,Coimbatore,1.73,,,,,1.5,1.49,1.5,5.12,1.49,,2.7,,1.59,1.61,1.63,1.48,,1.58,1.57,1.53,1.53,1.5
65,Uttar Pradesh,Deoria,,,,,,,,,,,,,,,,,,,,,5,,
66,Telangana,Mulugu,,,,,,,,,,,,,,,,,,,5,3,4,,
67,Telangana,Nirmal,,,,,,,,,,,,,,,,,4.61,4.6,5,3,,4,3
68,Uttar Pradesh,Auraiya,,,,,,,,,,,5,,,,,,,,,,,,
69,Telangana,Nalgonda,,2.47,5,2.17,1.37,1.97,1.57,,3.11,2.16,3.27,3.98,,4.33,3.88,4.57,,,,,3.56,,
70,Uttar Pradesh,Saharanpur,,,,4.29,,,,,,,5,,,,,,,,,,,,
71,Uttar Pradesh,Bijnor,,,3.25,4.2,4.75,4.56,3,,,4.28,,,,,,,,,,,,,
72,Uttar Pradesh,Jhansi,,,,,,,,,,,,,,,,,,4.67,,,,,
73,Uttar Pradesh,Amroha,,,,4.25,,4.58,,,,,,,,,,,,4.67,,,,,
74,Uttar Pradesh,Kheri,,,,,,,,,,,,,,,,,,4.66,2.5,,,,2.25
75,Telangana,Jayashankar,,,,,,,,,,,,,,,,,4.63,4.5,,,,2.25,
76,Uttar Pradesh,Etawah,,,,,,,,,,,,,,,,4.6,,,,,,,
77,Telangana,Suryapet,,,,,,,,,,,,,,,,,4.58,,,,,3,2
78,Telangana,Yadadri,,,,,,,,,,,,,,,,,,4.57,,2.98,3.71,3,2.25
79,Telangana,Medak,,,2.27,2.15,1.54,1.9,3.11,,3.51,1.9,2.6,1.5,,1.24,1.95,4.57,,,,,,,
80,Andhra Pradesh,East godavari,1.62,1.59,2.76,3.02,1.39,1.81,1.85,1,3.99,2.09,2.45,2.8,3,3.08,4.56,4.4,3.05,3.37,2.79,3.15,2.79,3.04,2.92
81,Telangana,Sangareddy,,,,,,,,,,,,,,,,,4.5,,,,,3,2.2
82,Uttar Pradesh,Jalaun,,,,,,,,,,,,,,,,,4.5,,,,,,
83,Uttar Pradesh,Sultanpur,,,,,,,,,,,,,,,2.67,,4.44,,2.33,,,,2.88
84,Uttar Pradesh,Ghazipur,,,,,,,,,,,,,,,,,4.43,,2.15,,,,
85,Uttar Pradesh,Mirzapur,,,,,,,,,,,,,,,,,,,2.14,,4.41,,
86,Telangana,Nizamabad,0.62,1.89,3.26,2.16,1.57,1.86,3.12,,3.52,2.9,2.56,3.98,,4.34,3.88,2.38,2.68,2.85,2.69,3.14,1.29,3.61,3.34
87,Uttar Pradesh,Bahraich,,,,,,,,,,,,,,,,,,,,,,,4.23
88,Rajasthan,Churu,4,4,4,,1.2,4,,,,,,,,,,,,,,,,,
89,Rajasthan,Sikar,1,1.63,1,,0.87,1,2,0.5,1,,,,4,4,4,4,,,4,,,,
90,Rajasthan,Dausa,0.39,0.56,0.38,,1,1.03,1.06,0.99,1.06,0.54,1,0.86,2.54,1,0.77,0.82,1,0.14,1,0.45,0.44,0.47,4
91,Uttar Pradesh,Gorakhpur,,,,,,,,,,,,,,,,,,,,,4,,
92,Uttar Pradesh,Kanpur dehat,,,,4,,,,,,,,,,,,,,,,,,,
93,Telangana,Adilabad,0.54,2.45,3.43,2.15,1.5,1.88,3.11,,,2.33,3.5,4,,,2.38,2.49,2.69,2.87,2.69,2.97,3.75,3,
94,Chhattisgarh,Balrampur,,,,,,,,,,,,0.33,4,1,1,,,,,1,0.5,0.5,1
95,Uttarakhand,Pauri garhwal,,,,,,,4,,,,,,,,,,,2,,,,,
96,Andhra Pradesh,Guntur,,1.57,1.08,2.5,1.81,1.85,2.12,2.5,2.54,2.28,2.61,3.3,3.33,3.34,2.92,3.62,2.34,2.9,2.28,2.61,2.75,2.13,3.99
97,Uttarakhand,Udam singh nagar,,,3.74,,,,,,,,,,,,,,,,,,,,
98,Tamil Nadu,Erode,1.58,,1.33,,,1.59,1.59,1.59,1.59,1.59,,3.52,,1.57,1.57,1.57,1.55,1.57,1.56,1.56,1.52,1.55,1.53
99,Andhra Pradesh,Srikakulam,2.34,1.48,2.24,2.14,2.14,2.72,2.36,,2.75,2.45,3.21,3.44,,3.5,,,,,,,,,
100,Andhra Pradesh,Visakhapatanam,2.01,1.53,2.81,1.91,2,2.59,2.15,1,2.54,2.25,2.75,3.18,,3.21,3.09,3.49,3.19,1.94,3.13,3.29,3.17,3.5,
101,Gujarat,Ahmadabad,1.7,1.8,1.8,1.8,1.6,1.43,,,1.5,,2,1,1.5,1.97,1.56,1.75,1.96,3.49,1.87,2.39,2.42,2.43,2.36
102,Gujarat,Mahisagar,,,,,,,,,,,,,,,1.82,1.74,3.33,3.49,1.85,2.03,2.09,3.13,2.42
103,Gujarat,Aravalli,,,,,,,,,,,,,,,,,,3.48,1.2,2.57,1.68,1.68,1.72
104,Gujarat,Patan,,,,,2,1,,1,1.5,,2,1.5,1,1.67,1.56,1.82,3.33,3.48,1.7,2.71,2.52,2.83,2.15
105,Gujarat,Sabar kantha,1,1,,,,,1.71,,,1.5,2.06,0.97,2,1.31,1.56,,,3.48,1.2,2.57,2.26,2.04,2.75
106,Gujarat,Mahesana,1.71,1.69,1.69,1.86,1.44,1.67,1.5,2,1.41,2,1.93,0.99,1.35,1.34,1.56,1.74,3.33,3.48,1.7,3.47,3.4,3.42,2.95
107,Gujarat,Gandhinagar,,,,,,,2,,1,,1.88,1.65,2.29,1.83,1.57,1.74,3.33,3.48,2.68,2.5,2.31,2.57,2.5
108,Gujarat,Banas kantha,1.7,1.72,2.64,2.11,,,2,,,1.5,1.98,1.8,1.38,1.86,1.56,1.74,3.33,3.48,1.65,2.77,3.01,2.97,2.96
109,Tamil Nadu,Tiruppur,,,,,,,,,,1.52,,3.4,,1.57,1.57,1.58,1.55,,1.57,1.56,1.52,1.55,1.52
110,Telangana,Bhadradri,,,,,,,,,,,,,,,,,3.1,3.11,3.34,3.07,2.3,2.3,1.89
111,Telangana,Warangal urban,,,,,,,,,,,,,,,,,,,,3,3.33,3.04,2.24
112,Gujarat,Anand,,,,,2.06,1.87,1.77,1.84,1.76,1.96,1.99,1.88,1.84,1.95,1.97,2.33,3.26,3.28,1.95,2.35,2.13,2.24,2.45
113,Andhra Pradesh,Kadapa,1.28,1.01,0.98,1.26,1.11,1.23,1.22,,1.59,1.68,1.52,1.62,,1.82,3,1.78,1.66,1.39,1.29,3.24,2.19,1.98,1.85
114,Uttar Pradesh,Sambhal,,,,,,,,,,,,,3.21,3.08,2.62,,1.97,2.86,2.4,,2.89,2.01,2.24
115,Telangana,Mahbubnagar,1.41,0.73,1.49,1.52,0.83,0.93,2.95,1,3.2,1.9,2.4,1.5,2,1.25,1.96,2.37,,,,,,,
116,Andhra Pradesh,West godavari,2.18,1.42,1.64,1.4,1.43,1.99,1.82,2.14,1.92,1.93,1.86,1.82,1.74,1.71,3.18,2.96,2.82,2.32,1.42,2.52,2.45,2.54,
117,Telangana,Jogulamba,,,,,,,,,,,,,,,,,2.68,2.86,2.69,3.15,1.27,1.44,3.02
118,Andhra Pradesh,Kurnool,1.27,1.01,0.94,1.26,1.09,1.08,1.13,1.43,1.59,1.69,1.76,1.61,1.29,1.82,2.99,1.77,1.67,1.39,1.32,1.54,2.19,2.1,3.03
119,Andhra Pradesh,Vizianagaram,2.33,1.62,2.25,2.13,2.13,2.26,2.17,2,2.51,2.21,2.96,1.83,3,1.69,3.01,2.66,0.88,1.39,1.4,1.59,1.67,1.26,
120,Rajasthan,Sirohi,3,3,3,,0.58,3,3,3,2.52,2.5,,1,1,,0.8,1.11,1,,,1,0.56,0.5,0.56
121,Uttarakhand,Nainital,,,,,,,,3,,,,,,,,,,,,,,,
122,Andhra Pradesh,Chittoor,0.93,1.15,1.62,1.5,1,1,1.18,,1.6,1.69,1.76,1.61,,1.82,3,1.75,,,,,,,
123,Uttarakhand,Chamoli,,,,,,,,3,,,,,,,,,,,,,,,
124,Tamil Nadu,Theni,1.57,,2.21,,,2.21,2.19,2.19,2.23,2.2,,3,,2.2,2.19,2.25,2,,2,2,1.5,1.67,
125,Telangana,Rajanna,,,,,,,,,,,,,,,,,,,,,,3,
126,Uttar Pradesh,Maharajganj,,,,,,,,,,,,3,,,,,,,,,,,
127,Uttarakhand,Bageshwar,,,,,,,,3,,,,,,,,,,,,,,,
128,Telangana,Siddipet,,,,,,,,,,,,,,,,,,,,,,2,3
129,Mizoram,Lunglei,0.62,0.69,0.7,0.69,0.6,0.6,0.56,,0.68,0.66,0.52,0.43,0.45,2.9,0.81,0.39,0.73,0.71,0.81,0.93,0.88,1,1
130,Tamil Nadu,Tiruvannamalai,1.17,,1.07,,,1.28,1.28,1.28,1.43,1.32,,2.85,,1.39,1.4,1.38,,,,,,,
131,Gujarat,Kheda,1.81,1.91,1.84,1.77,1.58,1.48,1.98,1.91,1.34,1.52,1.8,1.78,1.63,1.98,1.87,1.69,2.71,2.54,1.7,2.15,2.24,2.22,2.05
132,Maharashtra,Kolhapur,,,,,,,,,,,,,,1.2,1.62,1.75,1.38,1.28,1.75,1.82,2.01,1.5,2.64
133,Andhra Pradesh,Bapatla,,,,,,,,,,,,,,,,,,,,,,,2.61
134,Andhra Pradesh,Parvathipuram manyam,,,,,,,,,,,,,,,,,,,,,,,2.59
135,Andhra Pradesh,Konaseema,,,,,,,,,,,,,,,,,,,,,,,2.59
136,Andhra Pradesh,Ntr,,,,,,,,,,,,,,,,,,,,,,,2.58
137,Andhra Pradesh,Palnadu,,,,,,,,,,,,,,,,,,,,,,,2.57
138,Rajasthan,Jodhpur,,,1,,,,,,2.5,1.75,2,,,,,,,,,,,,
139,Rajasthan,Jalore,0.59,0.4,0.7,,0.68,0.79,0.8,0.79,0.9,0.9,1,1.29,1.3,1.3,1.5,1.5,2.5,1.3,1.31,1.31,1.1,1.4,1.03
140,Rajasthan,Udaipur,0.17,0.63,0.2,,2.5,0.71,,,,,,,,,,,,,,,,,
141,Tamil Nadu,Nagapattinam,1.79,,1.66,,,1.66,1.66,1.66,1.66,1.84,,2.46,,1.85,1.9,1.91,1.78,,1.86,1.86,1.52,1.76,1.53
142,Andhra Pradesh,Spsr nellore,2.33,1.15,1.15,1.51,0.73,0.92,1.19,0.7,0.66,1.27,1.69,1.61,1.56,0.79,2.44,1.14,1.06,1.16,1.15,1.56,1.47,1.48,1.68
143,Rajasthan,Rajsamand,0.05,0.41,0.21,,0.51,0.61,0.29,2.43,0.29,0.21,1.05,0.42,1,1.6,2,1.78,,0.96,2,2,2,2,
144,Andhra Pradesh,Alluri sitharama raju,,,,,,,,,,,,,,,,,,,,,,,2.38
145,Gujarat,Panch mahals,2,2,1,2,1.67,1.6,1.64,1.67,1.5,1.63,1.67,1.8,,2,1.82,1.99,1.96,2.07,1.85,2.2,2.38,2.14,2.05
146,Andhra Pradesh,Prakasam,2.13,1.12,1.11,1.18,1.25,1.26,1.03,1.18,1.47,1.67,1.57,1.74,1.85,1.94,2.12,1.97,2.07,2.05,1.44,2,2.33,2.21,1.63
147,Bihar,Purbi champaran,,,,,1.17,1.14,,2.33,,,,,,,,,,,,,,,
148,Bihar,Vaishali,1.16,1.1,1.12,1.11,1.16,1.15,,2.29,,1.87,1.78,1.89,1.89,1.9,1.76,1.73,1.76,1.76,1.75,1.76,1.76,1.76,1.76
149,Bihar,Muzaffarpur,1.16,1.1,1.12,1.11,1.16,1.15,,2.29,,1.87,1.78,1.88,1.89,1.9,1.76,1.74,1.76,1.76,1.75,1.76,1.76,1.76,1.76
150,Tamil Nadu,Dindigul,1.39,,1.46,,,1.44,1.45,1.45,1.45,1.45,,2.28,,1.52,1.48,1.48,1.49,1.5,1.5,1.5,1.53,1.51,1.53
151,Uttar Pradesh,Mau,,,,,,,,,,,,,,,,,,,,,,,2.26
152,Andhra Pradesh,Anantapur,1.28,1,1.76,1.25,1.08,1,,,1.6,1.68,1.62,1.61,,1.69,1.9,1.34,1.59,1.06,1.19,2,2.17,2,2.25
153,Bihar,Sheohar,1.16,1.11,1.12,1.1,1.16,1.2,,2.25,,2,2,1.88,1.87,1.9,1.76,1.71,1.77,1.77,1.76,1.76,1.76,1.74,1.74
154,Andhra Pradesh,Eluru,,,,,,,,,,,,,,,,,,,,,,,2.24
155,Uttar Pradesh,Varanasi,,,,,,,,,,,,,,,,,,,,,,,2.2
156,Gujarat,Rajkot,,,,,,,,,,,,,,,,,,,,,,2.08,
157,Andhra Pradesh,Anakapalli,,,,,,,,,,,,,,,,,,,,,,,2.07
158,Bihar,Khagaria,,,,,,,,,,,,2,2,2,2,,,,,,2,,
159,Tamil Nadu,Thoothukudi,,,,,,,,,,,,,,,,,,2,,,,,
160,Rajasthan,Nagaur,2,2,,,,,,,,,,,,,,,,,,,,,
161,Tamil Nadu,Karur,2,,,,,1.5,,1,,1,,,,,,,,,0.29,0.5,1.67,1,
162,Rajasthan,Bharatpur,2,1,,,1,1,,,,,,,,1.11,,,,1,,,2,,
163,Tamil Nadu,Vellore,,,1.26,,,,,2,,1.5,,,,0.5,,,,,,1,2,,
164,Tamil Nadu,Namakkal,,,1.14,,,,,,,1,,,,,,,,,1,,,1,2
165,Bihar,Begusarai,1.13,1.4,1.2,,1,1,,,,2,1.83,1.83,,1.83,1.83,1.71,1.71,,,,,,1.76
166,Gujarat,Dohad,,,,,,,,,,,,,,,,,,,,2,,,
167,Bihar,Jehanabad,1.25,2,,,,,,,,,,,,,,,,,,,,,
168,Gujarat,Jamnagar,,,,,,,,,,,,,,,,1.74,,,,,,2,
169,Tamil Nadu,Tiruchirappalli,,,,,,,,,,,,,,,,,,,,,2,,
170,Bihar,Munger,,,,,,,,,,,,,,2,1.8,1.8,,,,,,,
171,Himachal Pradesh,Bilaspur,,1,2,,,,,,,,,,,,,,,,,,,,
172,Gujarat,Bhavnagar,,,,,,1,,,,,,,,,,,,,,,,2,
173,Uttar Pradesh,Hapur,,,,,,,,,,,,,,,,,,,,,,2,
174,Gujarat,Junagadh,,,,,,,,,,,,,,,,1.99,,,,,,,
175,Andhra Pradesh,Nandyal,,,,,,,,,,,,,,,,,,,,,,,1.96
176,Tamil Nadu,Tirunelveli,,,1.2,,,1.2,1.2,1.33,1,1.25,,,,,,,,1.96,,,,,
177,Andhra Pradesh,Kakinada,,,,,,,,,,,,,,,,,,,,,,,1.93
178,Gujarat,Surat,,,,,,,,,,,,,,1.93,,,,,,,,,
179,Bihar,Bhagalpur,1.17,1.12,1.13,1.12,1.14,1.14,,1.71,,1.91,1.75,1.9,1.87,1.92,1.77,1.74,1.77,1.76,1.75,1.76,1.75,1.75,1.75
180,Bihar,Samastipur,1.16,1.1,1.12,1.11,1.16,1.16,,1.14,,1.87,1.78,1.89,1.89,1.9,1.76,1.74,1.76,1.75,1.75,1.75,1.75,1.75,1.75
181,Bihar,Gopalganj,1.16,1.1,1.12,1.11,1.16,1.16,,1.68,,1.86,1.78,1.89,1.89,1.9,1.75,1.77,1.75,1.76,1.76,1.76,1.76,1.76,1.76
182,Bihar,Katihar,1.16,1.16,1.12,1.12,1.16,1.16,,1.2,,1.86,1.79,1.9,1.89,,1.76,1.73,1.75,1.75,,,,,
183,Bihar,Kishanganj,1.16,,1.13,1.11,1.16,1.16,,1.68,,1.87,1.78,1.88,1.9,1.89,1.76,1.74,1.76,1.76,1.75,1.76,1.76,,
184,Bihar,Siwan,,,,,1.16,1.15,,1.69,,1.86,1.78,1.88,1.89,1.9,1.75,1.77,1.76,1.76,1.76,1.75,1.76,1.76,1.76
185,Bihar,Araria,,,,,1.25,,,,,,,,,1.89,,,,,,,,,
186,Bihar,Purnia,1.17,1.2,,1.14,1.17,1.15,,1.69,,,1.78,,1.88,,,,,,,,,,
187,Gujarat,Surendranagar,,,,,,,,,,,,,,,,,,1.86,,,,,
188,Gujarat,Amreli,,,,,,,,,,,1.67,,,,,,,,1.85,,,,
189,Andhra Pradesh,Sri sathya sai,,,,,,,,,,,,,,,,,,,,,,,1.85
190,Gujarat,Kachchh,,,,,,,,,,,,,,,1.82,,,,,,,,
191,West Bengal,Coochbehar,0.5,0.5,0.5,0.74,1.38,1.48,1.43,1.46,1.46,1.49,1.52,1.54,1.81,1.81,1.7,1.7,1.72,1.26,1.49,1.35,1.37,1.39,
192,Mizoram,Khawzawl,,,,,,,,,,,,,,,,,,,,,1.8,,
193,Mizoram,Champhai,0.28,0.77,0.89,1.2,0.74,0.72,0.82,,0.74,0.75,0.8,1.12,0.98,1.15,1.06,0.3,1.09,0.94,1.35,1.79,1.78,0.43,1.09
194,Bihar,Darbhanga,1.14,1.09,1.11,1,1,,,,,,,,,,,,,,,,,,1.77
195,Gujarat,Vadodara,1.19,0.7,1.3,1.2,1.03,1.23,1.18,1.26,1.02,1.52,1.63,1.76,1.7,1.49,1.31,1.19,1.58,1.24,0.87,1.73,1.73,1.75,1.61
196,Bihar,Madhepura,,,,,,,,1.75,,,,,,,,,,,,,,,
197,West Bengal,Jalpaiguri,0.99,0.99,0.82,0.68,0.64,0.68,0.56,0.56,0.58,1.51,1.07,1.73,1.42,1.38,1.48,1.56,1.55,1.71,1.68,1.67,1.67,1.67,
198,Karnataka,Belgaum,1.04,,1.03,0.69,0.95,1.08,0.61,0.69,1.11,0.95,1.39,1.06,1.05,1.64,1.33,,1.52,1.68,1.22,1.28,1.11,1.22,0.83
199,West Bengal,Alipurduar,,,,,,,,,,,,,,,,,1.68,,1.5,,,,
200,Tamil Nadu,Kanchipuram,,,,,,,,,,,,1.67,,,,,,,,,,,
201,Uttar Pradesh,Ghaziabad,,,,,,,,,,,,,,,,1.67,,,,,,,
202,Himachal Pradesh,Sirmaur,,1,,,,,,,,,,,,,1.67,,,,,,,,
203,Tamil Nadu,The nilgiris,1.55,,,,,,,,,,,,,,,,,1.5,,,,,
204,Tamil Nadu,Dharmapuri,1.34,,1.49,,,1.08,1.08,1.1,1.09,1,,0.86,,1.17,1.2,1.2,,1.53,1.5,,1.54,1.45,1.53
205,Tamil Nadu,Salem,1.15,,,,,1.05,1.05,1.05,1.05,1.05,,1.04,,1.05,1.05,1.05,0.98,,1.04,1.03,1.53,1.14,1.53
206,Tamil Nadu,Ramanathapuram,,,,,,,,,,,,,,,,,,1.53,,,,,
207,Tamil Nadu,Ariyalur,,,,,,,,,,,,,,,,,,1.53,,,,,
208,Meghalaya,West khasi hills,0.9,0.61,0.59,0.6,0.57,0.64,0.75,0.76,1.07,1.07,1.13,1.15,1.44,1.45,1.46,1.52,1.51,1.51,1.51,1.51,1.51,,1.43
209,Tamil Nadu,Madurai,,,,,,,,,,,,,,,,,,1.52,,,,,
210,Tamil Nadu,Cuddalore,,,,,,,,1.4,1.5,1.5,,,,,,,,1.4,,,,,1.52
211,Mizoram,Mamit,,,,1.5,0.61,1.27,0.21,0.45,0.5,,,,,,0.33,,,,,,,,
212,Uttar Pradesh,Shamli,,,,,,,,,,,,,,,,1.5,,,,,,,
213,Tamil Nadu,Sivaganga,,,,,,,,,,,,,,,,,,1.5,,,,,
214,Tamil Nadu,Thiruvallur,,,1.39,,,,,,,,,,,,,,,,,,,,
215,Mizoram,Lawngtlai,,,,,0.93,0.93,,,0.31,0.55,,1.35,,0.57,0.52,0.55,0.54,0.54,1.22,1.23,1.24,0.85,0.61
216,Bihar,Madhubani,1.14,1.08,,1.1,1.17,1.25,,,,,,,,,,,,,,,,,
217,Bihar,Jamui,,1.25,,,,,,,,,,,,,,,,,,,,,
218,Himachal Pradesh,Kangra,,,,,,,,,,,,,1.2,,,,,,,,,,
219,Himachal Pradesh,Hamirpur,,,,,,,,,,,,,,,1.2,,,,,,,,
220,Mizoram,Aizawl,0.78,0.82,0.95,0.53,0.65,0.67,0.86,0.35,0.35,0.51,0.4,,,,,0.57,0.4,0.5,0.89,1.19,0.63,0.63,0.63
221,Bihar,Kaimur (bhabua),1.19,,,,,,,,,,,,,,,,,,,,,,
222,Bihar,Sitamarhi,1.16,1.1,1.12,1.11,1.16,1.15,,,,,,,,,,,,,,,,,
223,Himachal Pradesh,Chamba,,1.15,1.16,,,,,,,,,,,,,,,,,,,,
224,Karnataka,Chikmagalur,0.74,,0.72,0.56,0.74,0.63,0.45,0.42,0.5,0.77,1.11,0.93,0.63,0.8,0.72,,0.71,,0.67,0.85,0.78,1,0.67
225,Karnataka,Kodagu,0.74,,0.72,0.56,0.74,0.63,0.45,0.42,0.51,0.77,1.09,0.92,0.63,0.82,0.72,,0.71,0.93,,0.8,,1,
226,Karnataka,Bellary,0.74,,0.36,0.56,0.74,0.63,0.45,0.42,0.51,0.77,1.09,0.92,0.6,0.78,0.72,,0.74,0.92,0.83,0.87,0.83,0.79,0.75
227,Karnataka,Chitradurga,0.74,,0.72,0.56,0.74,0.63,0.45,0.42,0.51,0.77,1.09,0.92,0.62,0.82,,,,,0.86,0.86,0.83,0.8,0.77
228,Karnataka,Chamarajanagar,0.74,,0.72,0.57,0.74,0.63,0.44,0.43,0.51,0.77,1.09,0.91,0.6,0.82,0.72,,0.73,0.92,0.82,0.87,0.83,0.8,0.75
229,Karnataka,Gadag,0.74,,0.72,0.56,0.73,0.61,0.44,,1,0.77,1.09,,,0.8,0.8,,0.5,1,0.8,1,0.86,0.75,0.5
230,Karnataka,Shimoga,0.74,,0.72,0.56,0.74,0.64,0.45,0.42,0.51,0.76,1.08,0.92,0.6,1,0.67,,1,1,0.67,1,1,1,
231,Bihar,Saran,,,1.08,,1,,,,,,,,,,,,,,,,,,
232,West Bengal,Bankura,0.22,0.48,0.73,0.85,0.73,0.8,1.06,1.05,0.27,0.8,0.67,,,,,,,,,,,,
233,Karnataka,Mysore,0.51,,0.59,0.5,0.65,0.52,0.36,0.33,0.29,0.71,1.06,0.88,0.47,0.72,0.62,,0.59,0.82,0.79,0.86,0.82,0.79,0.76
234,Mizoram,Saiha,,,,0.78,0.69,0.85,1.04,1,,,,,,0.5,,,,,,,,,
235,Meghalaya,South west garo hills,,,,,,,,,,,,,,0.99,1.01,1.01,1.01,1.01,1.01,1.01,1.01,,0.99
236,Assam,Barpeta,0.72,0.69,0.71,0.71,0.69,0.71,0.68,0.68,0.69,0.71,0.65,0.59,0.69,0.78,0.8,0.5,1,1,1,,,,
237,Assam,Hailakandi,1,1,1,1,1,,1,,1,1,1,1,1,1,1,,,,,,,,
238,Mizoram,Saitual,,,,,,,,,,,,,,,,,,,,,,1,1
239,Assam,Kamrup,0.36,0.37,0.37,0.35,0.35,0.36,0.33,0.5,1,1,1,0.5,0.5,0.5,1,1,,,,,,,
240,Karnataka,Bengaluru urban,,,,,,,,,,,,,,,,,,,1,0.86,1,,0.67
241,Madhya Pradesh,Rewa,,0.75,0.6,,,,0.75,0.6,1,0.86,1,0.56,0.83,0.67,,,,,,,,,
242,Assam,Dhubri,0.82,0.83,0.83,0.86,1,0.8,0.83,0.83,0.8,1,,,,,,,,,,,,,
243,Tamil Nadu,Villupuram,,,,,,,,,1,,,,,1,1,1,,,1,,,,
244,Assam,Nalbari,0.4,0.4,0.4,0.42,0.42,0.33,0.33,1,1,1,1,1,0.5,1,1,1,,1,,,,,
245,Assam,Tinsukia,1,1,0.5,0.5,0.5,0.6,0.5,0.5,1,0.5,0.5,1,,,1,,,,,,,,
246,Madhya Pradesh,Singrauli,,,,,,,,,,1,,,,,,,,,,,,,
247,Rajasthan,Chittorgarh,0.31,0.23,0.17,,0.55,0.86,0.33,0.5,0.5,0.32,1,1,,,,,,,,,0.67,1,
248,Karnataka,Uttar kannad,,,,,,0.63,0.45,0.43,0.51,0.8,,,,,,,,,,1,,,
249,Madhya Pradesh,Panna,,1,0.01,,,,,,,,,,,,,,,,,,,,
250,Odisha,Rayagada,0.21,0.7,0.9,1,1,,,,,,,,,,,,,,,0.69,,,
251,Madhya Pradesh,Sidhi,,0.43,0.57,,,,0.5,0.67,0.5,1,1,,1,,,,,,,,,,
252,Karnataka,Bagalkot,,,,,,,,,,1,,,,,,,,,1,0.86,1,0.75,0.5
253,Tamil Nadu,Perambalur,,,,,,,,,,,,,,,,,,,,,,1,
254,Assam,Jorhat,0.62,0.58,0.5,0.56,0.57,0.6,0.63,0.71,0.63,0.63,0.57,0.5,0.67,0.5,0.67,1,1,1,,1,1,,1
255,Karnataka,Udupi,,,,,,,,,,,,,,,,,,,0.75,,1,,1
256,Assam,Dhemaji,0.65,0.62,0.6,0.57,0.57,0.62,0.62,0.57,0.63,0.57,0.57,0.57,0.5,0.5,0.67,0.67,1,,,1,1,,
257,Chhattisgarh,Korea,,,,0.5,1,,,,,,,,,,,,,,,1,,,
258,Assam,Golaghat,0.72,0.68,0.68,0.7,0.65,0.69,0.71,0.69,0.64,0.69,0.7,0.6,0.8,0.83,1,0.67,,,,,,,
259,Assam,Bongaigaon,0.51,0.53,0.53,0.53,0.56,0.5,0.48,0.48,0.48,0.52,0.53,0.57,0.5,,,1,,,,,,,
260,Chhattisgarh,Surguja,0.45,0.45,0.3,0.48,0.5,0.47,1,0.47,0.52,0.5,0.53,0.4,0.2,1,0.5,,,0.67,0.5,1,1,1,1
261,Madhya Pradesh,Khargone,,0.5,1,,,,,,,,,,0.5,,,,,,,,,,
262,Assam,Kamrup metro,,,,,,,1,0.5,0.5,0.5,0.33,1,1,1,,,,,,,,,
263,Karnataka,Ramanagara,,,,,,,,,,,,0.89,,,,,,,1,0.75,1,,1
264,Karnataka,Dharwad,0.5,,0.71,,,,0.44,0.41,0.51,0.71,1,1,,,,,,,,1,,,
265,Rajasthan,Bundi,1,1,,,,,,,,,,,,,,,,,,,,,
266,Karnataka,Dakshin kannad,,,,,,,,,,,,,,,,,,,1,1,0.84,1,
267,Rajasthan,Sawai madhopur,1,1,1,,0.14,0.5,0.6,0.6,1,,,,,,,,,,,,,,
268,Karnataka,Bijapur,,,,,,,,,,,,,,,,,,,1,0.75,0.78,0.67,0.7
269,Assam,West karbi anglong,,,,,,,,,,,,,,,,,,,,,0.67,1,
270,Chhattisgarh,Jashpur,0.5,,1,1,1,0.5,1,1,0.5,,,,,,,,,,,,,,
271,Assam,Darrang,0.61,0.6,0.62,0.57,0.71,0.6,,1,,1,0.6,,,,,,,,,,,,
272,Karnataka,Bidar,,,,,,,,,,,,,,,,,,,1,,0.67,0.67,
273,Odisha,Kendujhar,0.67,1,,,,,,,,,,,,,,,,,,,,,
274,Karnataka,Haveri,0.73,,0.67,0.6,0.71,0.64,0.44,0.43,0.51,0.8,,,,,,,1,,0.75,0.83,0.75,0.67,0.5
275,Assam,Udalguri,,,,,,0.5,1,0.5,,0.6,0.5,1,,,,,,,,,,,
276,Karnataka,Chikballapur,,,,,,,,,,,,,,,,,,,1,0.83,0.8,0.75,0.75
277,Chhattisgarh,Surajpur,,,,,,,,,,,,0.4,0.13,0.5,0.43,,0.6,0.33,0.58,0.6,1,,
278,Chhattisgarh,Baloda bazar,,,,,,,,,,,,,,,,,,,,,,,1
279,Rajasthan,Bhilwara,0.25,0.42,,,0.07,0.2,1,0.25,0.29,,0.85,1,,0.5,,,,,,1,,1,
280,Himachal Pradesh,Solan,,,,,,,,,,,,,1,,,,,,,,,,
281,Assam,Cachar,0.67,1,0.67,0.67,0.7,0.6,0.7,0.7,0.71,0.71,0.67,0.5,0.57,0.6,0.57,0.67,0.63,0.71,0.71,0.67,0.67,0.71,0.43
282,Rajasthan,Karauli,0.55,0.78,0.18,,0.24,0.26,0.47,0.6,0.6,0.09,0.62,0.64,0.63,0.64,0.65,0.71,0.67,1,0.33,0.48,0.23,0.54,0.8
283,Chhattisgarh,Bastar,0.63,0.6,0.67,0.67,0.57,0.63,1,1,0.5,0.67,0.67,0.67,0.5,0.57,0.57,,,0.67,,,0.52,0.58,0.6
284,Karnataka,Tumkur,0.74,,0.72,0.57,0.73,0.63,0.44,0.43,0.53,0.8,1,1,,,0.71,,0.5,,0.84,0.87,0.8,0.78,0.67
285,Gujarat,Bharuch,1,,1,,,,,,,,,,,,,,,,,,,,
286,Chhattisgarh,Dantewada,0.5,0.71,0.63,0.63,0.33,0.5,1,,,,,,,,,,,,,,,,
287,Karnataka,Bangalore rural,,,,,,,,,,,,,,0.81,,,,,0.67,1,0.67,,
288,Bihar,Supaul,1,,,,,,,,,,,,,,,,,,,,,,
289,Assam,Marigaon,0.1,0.1,0.17,0.08,0.14,0.15,0.17,0.11,0.17,0.11,0.09,0.33,0.25,0.5,0.5,,,1,0.5,,,,
290,Karnataka,Kolar,,,,,,,,,,,,,,,,,,,,0.83,1,,
291,Madhya Pradesh,Balaghat,,0.67,1,,,,,,,,,,,,,,,,,,,,
292,Assam,Sivasagar,0.5,0.5,0.5,0.5,0.5,0.67,0.67,0.6,0.5,0.5,1,,,,,,,,,,,,
293,Assam,Lakhimpur,0.63,0.62,0.62,0.61,0.61,0.61,0.61,0.59,0.6,0.64,0.63,0.6,0.6,0.6,0.67,0.6,0.6,1,0.6,0.67,0.67,0.67,0.33
294,Rajasthan,Jhalawar,,1,,,,,,,,,,,,,,,0.33,,,,,,
295,Chhattisgarh,Gariyaband,,,,,,,,,,,,,,,,,,,,,,,1
296,Karnataka,Hassan,0.68,,0.68,0.69,0.82,0.53,0.8,0.7,0.82,0.9,0.96,0.99,0.96,0.86,0.88,,0.83,0.88,0.66,0.65,0.64,0.54,0.54
297,Meghalaya,East garo hills,0.65,0.64,0.64,0.64,0.65,0.65,0.65,0.65,0.65,0.65,0.65,0.66,0.91,0.93,0.95,0.96,0.97,0.97,0.97,0.97,0.97,,0.65
298,Meghalaya,West garo hills,0.69,0.7,0.7,0.7,0.7,0.71,0.7,0.7,0.66,0.69,0.67,0.68,0.93,0.9,0.92,0.93,0.94,0.95,0.95,0.96,0.96,,0.94
299,Assam,Karbi anglong,0.4,0.41,0.4,0.39,0.4,0.4,0.39,0.39,0.43,0.41,0.4,0.43,0.41,0.4,0.41,0.45,0.42,0.45,0.56,0.62,0.54,0.95,0.96
300,Meghalaya,North garo hills,,,,,,,,,,,,,,0.91,0.93,0.94,0.95,0.95,0.95,0.95,0.96,,0.93
301,Meghalaya,South garo hills,0.63,0.61,0.56,0.56,0.58,0.56,0.55,0.55,0.53,0.54,0.54,0.54,0.79,0.8,0.94,0.92,0.94,0.94,0.94,0.94,0.95,,0.93
302,Karnataka,Davangere,0.74,,0.36,0.5,0.74,0.63,0.43,0.53,0.51,0.77,0.86,0.92,0.63,0.82,0.72,,0.73,0.94,0.83,0.87,0.82,0.79,0.74
303,West Bengal,Nadia,0.6,0.61,0.62,0.65,0.64,0.84,0.8,0.83,0.81,0.85,0.87,0.9,0.88,0.8,0.83,0.82,0.83,0.9,,,,,
304,Odisha,Gajapati,0.8,0.73,0.8,0.9,0.86,,,,,,,,,,,,,,,,,,
305,Odisha,Koraput,0.61,0.89,0.55,0.66,0.66,,,,,,,,,,,,,,,,,,
306,Karnataka,Gulbarga,,,0.75,,,,,,,,,,,,,,,,0.88,,0.83,,
307,Karnataka,Raichur,,,0.67,0.56,0.73,0.63,0.45,0.42,0.51,0.77,,,,,,,,,0.83,0.87,0.83,0.79,0.74
308,Karnataka,Koppal,,,,,,,,,,,,,,,,,,,0.86,0.75,0.85,0.8,0.75
309,Karnataka,Mandya,,,,,,,,,,,,,0.5,0.83,,,0.5,,0.78,0.85,0.8,0.78,
310,Mizoram,Hnahthial,,,,,,,,,,,,,,,,,,,,,0.83,0.8,0.83
311,Assam,Dima hasao,0.78,0.79,0.79,0.79,0.79,0.79,0.79,0.79,0.78,0.79,0.75,0.79,0.76,0.79,0.79,0.78,0.76,0.06,0.41,0.42,0.42,0.42,0.42
312,Assam,Chirang,,,,,,0.51,0.5,0.49,0.53,0.5,0.52,0.51,0.51,0.51,0.52,0.46,0.49,0.5,0.5,0.59,0.59,0.47,0.78
313,Assam,Sonitpur,0.53,0.53,0.53,0.62,0.64,0.62,0.54,0.61,0.75,0.67,0.6,0.75,0.67,0.78,0.67,0.67,0.67,0.67,,0.33,,,
314,Assam,Kokrajhar,0.49,0.51,0.51,0.52,0.51,0.5,0.5,0.49,0.51,0.51,0.49,0.5,0.45,0.53,0.5,0.47,0.44,0.47,0.47,0.46,0.5,0.6,0.75
315,Mizoram,Kolasib,,,0.65,0.5,0.6,0.44,0.57,,0.36,0.44,0.54,0.75,,,,,,,,,,,
316,Karnataka,Vijayanagar,,,,,,,,,,,,,,,,,,,,,,,0.74
317,Odisha,Anugul,0.71,,0.55,0.59,0.61,,,,,,,,,,,,,,,,,,
318,West Bengal,Maldah,0.68,0.68,0.68,0.67,0.65,0.66,0.66,0.65,0.65,0.66,0.66,0.65,0.66,,0.69,0.67,0.69,,,,,,
319,Assam,Dibrugarh,0.5,0.5,0.5,0.5,0.5,0.67,,,,,,,,,,,,,,,,,
320,Madhya Pradesh,Shahdol,,0.58,0.58,,,,0.45,0.46,0.45,0.44,0.5,0.2,0.5,0.67,,,,,,,,,
321,Madhya Pradesh,Mandsaur,,,,,,,,0.5,,0.5,0.56,,0.33,0.67,,,,,,,,,
322,Jammu and Kashmir,Kathua,0.09,0.67,0.05,0.05,,0.35,0.35,0.35,,0.37,0.37,0.4,0.4,,0.4,,,0.4,,,,,
323,Chhattisgarh,Raigarh,,0.67,,,,,,,,,,,,,,,,,,,,,
324,Assam,Nagaon,0.47,0.48,0.48,0.49,0.47,0.42,0.44,0.43,0.63,0.47,0.67,0.55,0.5,0.33,0.5,,,0.33,,,,,
325,Karnataka,Yadgir,,,,,,,,,,,,,,,,,,,0.67,,,,
326,Madhya Pradesh,Ujjain,,0.3,0.29,,,,0.54,0.53,0.52,0.52,0.51,,0.52,0.67,,,,,,,,,
327,West Bengal,Dinajpur uttar,,,,,,,,,,,,,,0.66,,,,,,,,,
328,Assam,Karimganj,0.5,0.6,0.5,0.5,0.6,0.5,0.5,0.57,0.57,0.5,0.5,0.43,0.57,0.57,0.5,0.63,0.57,0.4,0.6,0.6,0.33,,
329,Madhya Pradesh,Barwani,,0.6,0.52,,,,0.43,0.48,0.48,0.41,0.62,,,,,,,,,,,,
330,Assam,Goalpara,0.47,0.47,0.47,0.47,0.48,0.46,0.46,0.45,0.55,0.47,0.5,0.4,0.5,0.44,0.4,0.4,0.47,,,,,,
331,Odisha,Malkangiri,0.48,0.54,0.5,0.52,0.52,,,,,,,,,,,,,,,,,,
332,Odisha,Boudh,0.5,,,,,,,,,,,,,,,,,,,,,,
333,Assam,Majuli,,,,,,,,,,,,,,,,,,,,,0.5,0.5,0.5
334,Madhya Pradesh,Dhar,,0.3,0.5,,,,0.5,,,,0.5,,,,,,,,,,,,
335,Assam,Biswanath,,,,,,,,,,,,,,,,,,,,,0.5,0.44,
336,Madhya Pradesh,Anuppur,,,,,,,,,,,,,,0.5,,,,,,,,,
337,Maharashtra,Sangli,,,,,,,,,,,,,,,,0.5,,,,,,,
338,Madhya Pradesh,Shajapur,,0.01,0.5,,,,,,,,,,0.38,,,,,,,,,,
339,Odisha,Nuapada,0.15,0.14,,0.25,0.5,,,,,,,,,,,,,,,,,,
340,Assam,Baksa,,,,,,0.4,0.44,0.38,0.48,0.43,0.44,0.4,0.43,0.43,0.5,0.4,0.43,0.2,0.14,0.14,0.17,0.4,0.33
341,Odisha,Nabarangpur,0.44,0.41,0.41,0.44,0.45,,,,,,,,,,,,,,,,,,
342,Madhya Pradesh,Datia,,,,,,,,,,0.45,,,,,,,,,,,,,
343,Madhya Pradesh,Satna,,0.4,0.31,,,,0.31,0.32,0.33,0.44,0.38,0.3,0.27,0.22,,,,,,,,,
344,Madhya Pradesh,Chhatarpur,,0.44,0.39,,,,0.35,0.3,0.36,0.36,0.37,0.23,0.43,0.42,,,,,,,,,
345,Meghalaya,East jaintia hills,0.33,0.25,0.43,0.25,0.25,0.25,0.25,,,,,,,,,,,,,,,,
346,Odisha,Kandhamal,0.33,0.29,0.33,0.38,0.34,,,,,,,,,,,,,,,,,,
347,Odisha,Balangir,0.29,0.3,0.33,0.33,0.35,,,,,,,,,,,,,,,,,,
348,Jammu and Kashmir,Jammu,0.15,0.33,0.33,,,,,,,,,,,,,,,,,,,,
349,Odisha,Kalahandi,0.26,0.24,0.33,0.3,0.32,,,,,,,,,,,,,,,,,,
350,Jammu and Kashmir,Udhampur,,0.25,0.25,0.25,,0.3,,0.3,,,,,,,,,,,,,,,
351,West Bengal,Purulia,,,,,0.13,0.29,0.29,0.23,0.29,0.3,,,,,,,,,,,,,
352,Madhya Pradesh,Sagar,,,,,,,,,,,,0.27,,,,,,,,,,,
353,Rajasthan,Jaisalmer,,,,,,,,,0.25,,,,,,,,,,,,,,
354,Jammu and Kashmir,Rajauri,,,,0.1,,,,,,,,,,,,,,,,,,,
