Crop: Turmeric,,,,,,,,,,,,,,,,,,,,,,,,,
S.No.,State,District,2000 - 2001,2001 - 2002,2002 - 2003,2003 - 2004,2004 - 2005,2005 - 2006,2006 - 2007,2007 - 2008,2008 - 2009,2009 - 2010,2010 - 2011,2011 - 2012,2012 - 2013,2013 - 2014,2014 - 2015,2015 - 2016,2016 - 2017,2017 - 2018,2018 - 2019,2019 - 2020,2020 - 2021,2021 - 2022,2022 - 2023
,,,Yield (Ton./Ha.),Yield (Ton./Ha.),Yield (Ton./Ha.),Yield (Ton./Ha.),Yield (Ton./Ha.),Yield (Ton./Ha.),Yield (Ton./Ha.),Yield (Ton./Ha.),Yield (Ton./Ha.),Yield (Ton./Ha.),Yield (Ton./Ha.),Yield (Ton./Ha.),Yield (Ton./Ha.),Yield (Ton./Ha.),Yield (Ton./Ha.),Yield (Ton./Ha.),Yield (Ton./Ha.),Yield (Ton./Ha.),Yield (Ton./Ha.),Yield (Ton./Ha.),Yield (Ton./Ha.),Yield (Ton./Ha.),Yield (Ton./Ha.)
1,Andhra Pradesh,Chittoor,6.97,4.94,3.25,6.95,9.02,7.58,7.84,,10.09,12.09,7.85,8.23,11.18,12.31,11.71,7.92,4,12,964.8,12,,,
2,Madhya Pradesh,Bhind,,,,1,,,,,,,,,,,,43.87,12,12.19,12.19,12.19,,,
3,Madhya Pradesh,Bhopal,,,,,,,,,,,,,,,,32.48,25.33,26,26,21.04,,,
4,Madhya Pradesh,Dhar,0.5,0.5,0.8,0.75,0.89,,0.93,0.94,0.86,0.88,0.77,0.76,1,0.93,,16,30.84,30.85,30.85,26.27,,,
5,Madhya Pradesh,Burhanpur,,,,1,,,,,,1,0.75,0.67,1,0.76,,25,30,30,30,26.07,,,
6,Madhya Pradesh,Indore,0.5,1,0.45,1,1,,,,1,,0.67,,1,,,,,25,30,18.5,,,
7,Madhya Pradesh,Sehore,1,,0.36,,,,,,,,,,,,,27.5,29.5,20,20,20,,,
8,Madhya Pradesh,Mandla,1,1,,1.25,1.2,,1.6,1.2,1.5,1.67,1.33,1.4,1.86,2,,16.84,28.68,29.35,29.38,18.27,,,
9,Madhya Pradesh,Alirajpur,,,,,,,,,1,1,1,1,0.92,0.86,,25,27,29.3,29.32,19.34,,,
10,Madhya Pradesh,Sheopur,,,0.25,,,,,,,,,,,,,19.5,28.57,24,24,24,,,
11,Madhya Pradesh,Barwani,0.74,1.11,0.5,1.14,1.11,,0.82,0.76,0.86,0.87,0.67,0.62,1.86,1.76,,22.5,26.5,22,22,22,,,
12,Madhya Pradesh,Damoh,0.6,0.83,,1,0.83,,0.67,0.67,1,0.6,0.69,0.71,1.23,1.33,,25,25,25,25,25,,,
13,Madhya Pradesh,Gwalior,,,,,,,,,,,,,,,,25,25,25,25,25,,,
14,Rajasthan,Kota,1,0.8,0.38,20,,,25,3,,,,1.43,1,1,,,,,,,,,
15,Puducherry,Pondicherry,,,,,,,,1.5,1.67,0.83,1.5,1.5,1.8,2.5,2,2,3,3,2.5,15,25,2.54,6.33
16,Andhra Pradesh,Kurnool,6.96,4.94,3.24,6.96,9.02,7.58,7.84,,10.09,12.11,7.87,8.24,24.73,18.24,17.53,13.17,5.97,12,17.69,12,,,
17,Madhya Pradesh,Khargone,0.71,1.08,0.68,1,1.1,,1,1.03,1.24,1.21,0.89,0.89,0.98,0.93,,24.2,24.3,24.3,24.3,24.3,,,
18,Madhya Pradesh,Harda,,1,0.51,1.33,1.33,,,,,1.07,0.88,1,1,1.09,,24,24,24.02,24,24,,,
19,Madhya Pradesh,Ujjain,,,0.26,1,1.54,,1.56,1.5,,,,,1.4,1.5,,23.5,23.5,23.72,23.9,24,,,
20,Madhya Pradesh,Neemuch,,0.75,,0.75,1,,1,0.67,1,0.67,1,0.6,0.8,1,,,,12,4,24,,,
21,Manipur,Churachandpur,,,0.67,,,,,,23.65,23.68,21.83,11.47,11.7,12,11,12,12,11.98,11.98,,,,
22,Andaman and Nicobar Islands,South andamans,,,,,,7,6,,,,10.5,10.92,6.04,0.95,8.89,6.65,23.46,12.68,7.55,5.36,5.46,9.02,6.32
23,Rajasthan,Ganganagar,,,1,,,,,,,,,,,,,,,,,,,,23.38
24,Madhya Pradesh,Datia,,,0.01,,0.5,,,,,,,,,0.75,,23,23,23,23,23,,,
25,Arunachal Pradesh,Anjaw,,,,,2.5,2.5,5.07,5,4.89,3,2.5,2.55,2.28,2.22,22.7,4,3.31,3.38,3.38,3.34,3.39,3.4,3.38
26,Madhya Pradesh,Katni,1.19,1.17,,1.44,1.44,,0.79,0.74,0.93,0.79,0.36,0.7,0.96,1.01,,12.52,22.5,22.5,22.5,22.5,,,
27,Madhya Pradesh,Chhindwara,0.88,1,1.41,1,1,,1,0.75,1,1,0.83,0.9,1.14,1.22,,20,20,20,22,22,,,
28,Madhya Pradesh,Vidisha,,0.67,,,,,,,,,1,,,,,10.26,21.78,16.91,17.49,17.47,,,
29,Madhya Pradesh,Balaghat,0.87,0.86,,0.86,0.88,,0.72,0.71,0.92,0.73,0.48,0.67,0.71,0.72,,19.98,19.25,21.12,21.27,21.33,,,
30,Madhya Pradesh,Sidhi,0.96,1.09,0.01,0.93,0.91,,0.9,0.83,1,1,0.6,0.64,1.26,1.92,,20,21.09,20,20.07,20.07,,,
31,Madhya Pradesh,Hoshangabad,1.33,1.44,0.5,1.43,1.5,,1.43,1.31,1.46,1.47,1.21,1.33,1.33,1.4,,21,20.5,20.5,20.03,20.03,,,
32,Madhya Pradesh,Raisen,0.8,,,0.67,,,0.73,0.85,,,,,0.78,1,,20.63,17,17,17,17,,,
33,Madhya Pradesh,Shajapur,,,0.5,,,,1,,,1,,,,,,20.45,20.5,20.6,20.6,20.6,,,
34,Andhra Pradesh,Spsr nellore,4.49,4.32,5.36,6.16,8.08,6.27,5.88,,6.87,6.23,6.1,7.51,6.63,6.66,7.2,6.76,4.22,12,20.38,12,,,
35,Madhya Pradesh,Agar malwa,,,,,,,,,,,,,,,,20.2,20.2,20.2,20.2,20.2,,,
36,Madhya Pradesh,Sagar,0.82,0.92,,0.83,0.76,,0.77,0.75,0.61,0.64,0.45,0.5,0.86,1.16,,20,20,20,20.03,20.03,,,
37,Madhya Pradesh,Jhabua,,1,0.43,1,1,,1,1,1,1,0.8,0.73,1.29,1.2,,20,5,20,20,20,,,
38,Madhya Pradesh,Shivpuri,1,1,,0.75,1,,0.5,,1,1,,,1,,,19,20,20,20,19.57,,,
39,Madhya Pradesh,Khandwa,1,0.67,0.57,0.8,1,,0.75,0.76,0.87,0.75,0.75,0.63,1,0.74,,20,11,11,11,11.01,,,
40,Rajasthan,Bikaner,,,,,,,,,,,,,,,,,,,,,,20,8.59
41,Madhya Pradesh,Anuppur,,,,,0.8,,,0.83,0.8,0.8,0.54,0.67,1,1,,18.5,19.3,19.4,19.5,19.75,,,
42,Haryana,Ambala,,,,,,,,,,,,,0.88,10.05,10.04,10.25,19.5,10.5,6,9.84,,,
43,Madhya Pradesh,Dewas,,,0.69,,,,,,,,1,0.8,0.9,0.8,,19.25,19.25,19.37,19.48,19.48,,,
44,Haryana,Jind,,,,,,,,,,,,,,11.54,15,8.82,9.9,19.29,11.5,7.5,,,
45,Andhra Pradesh,East godavari,4.49,4.32,5.36,6.17,8.08,6.27,5.88,,6.87,6.24,6.11,7.51,6.62,6.66,7.19,6.76,4.22,12,18.6,12,,,
46,Andhra Pradesh,Visakhapatanam,2.07,2.04,2.88,2.45,4.85,2.89,2.39,,2.2,2.41,2.52,2.27,3.35,2.82,2.81,5.14,2.44,12,18.58,12,,,
47,Haryana,Panchkula,,,,,,,,,,,,,0.78,11.86,15,15,18.4,18.05,15.76,15.98,,,
48,Madhya Pradesh,Singrauli,,,,,,,,,0.94,1.08,0.84,0.74,1.25,1.96,,16.5,16.6,16.8,17,18,,,
49,Madhya Pradesh,Ratlam,0.5,,0.66,1,1,,1,0.68,1,0.75,0.67,0.67,0.75,1,,17.27,17.28,17.28,17.88,17.51,,,
50,Madhya Pradesh,Shahdol,0.83,0.95,,0.86,0.8,,0.8,0.79,0.81,0.78,0.59,0.54,0.98,1.56,,17.85,17.16,15.24,15.42,15.45,,,
51,Manipur,Chandel,,,0.75,0.75,,,1,,6.94,6.96,6.88,11.47,11.7,12,11.95,11,10.76,17,17,,,,
52,Madhya Pradesh,Dindori,,,,,,,,,,,,,,,,0.01,16.75,16.5,16.5,16.49,,,
53,Madhya Pradesh,Jabalpur,,1,,1.44,1.5,,2.29,1.21,,1.8,1.25,1,1.65,1.7,,13.87,13.87,16.51,16.51,16.51,,,
54,Madhya Pradesh,Narsinghpur,0.83,1,,1.18,1.12,,1.17,1.14,1.08,1.17,0.9,1.2,1.43,1.3,,16.48,16.3,16.3,16.35,16.35,,,
55,Madhya Pradesh,Ashoknagar,,,,,,,,,,,,,,,,16,16,16,16.06,16.06,,,
56,Madhya Pradesh,Chhatarpur,0.67,0.67,,0.74,0.74,,0.69,0.61,0.61,0.6,0.35,0.39,0.69,0.74,,16.01,16.03,10,8.11,15.11,,,
57,Andhra Pradesh,Krishna,4.49,3.83,4.76,8.68,13.88,7.78,8.26,,10.71,11.57,8.57,10.69,10.9,11.09,11.97,10.08,6.01,12,15.85,12,,,
58,Manipur,Tamenglong,,,,,,,,,8.82,8.84,8.17,11.47,11.7,12,13.19,15.2,15.45,14.93,15.29,,,,
59,Haryana,Karnal,,,,,,,,,9.09,,,,0.92,11.43,15.14,14.67,15,13,15.03,15.4,,,
60,Madhya Pradesh,Seoni,0.86,0.82,0.78,0.8,0.8,,1,1,1,1,0.77,0.8,1.08,1.31,,14.01,15.19,15.4,15.36,15.37,,,
61,Andhra Pradesh,Srikakulam,4.49,4.32,5.36,6.17,8.08,6.27,5.88,,6.87,6.23,6.11,7.51,6.63,6.66,7.2,6.75,4.22,12,15.24,12,,,
62,Madhya Pradesh,Guna,,,,,,,,,,,,,,,,15,15,15,15,15,,,
63,Haryana,Sonipat,,,,,,,,,,,,,,10,15,11.43,7.43,10.8,12,15,,,
64,Haryana,Panipat,,,,,,,,,,,,,1,11.39,13,10.72,11.4,13.9,13.9,14.8,,,
65,Madhya Pradesh,Rewa,1.06,1.06,,0.87,0.88,,0.85,0.9,0.89,0.85,0.53,0.65,0.92,0.65,,13.15,14.5,14.5,14.5,14.5,,,
66,Haryana,Kurukshetra,,,,,,,,,,,,,0.9,14.29,10,10.11,,10.59,2.8,12.5,,,
67,Andhra Pradesh,Kadapa,6.96,4.94,3.24,6.96,9.03,7.58,7.84,,10.09,12.11,7.87,8.24,3.89,9.72,8.13,5.49,3.3,12,14.16,12,,,
68,Madhya Pradesh,Umaria,0.8,0.83,,0.77,0.78,,0.75,0.8,0.82,0.8,0.42,0.48,0.8,1.68,,4.44,7,4.75,4.75,13.97,,,
69,Manipur,Senapati,,,,,,1,0.67,0.75,13.39,13.4,12.96,11.47,11.7,12,11.86,12.01,12.09,12.08,12.04,,,,
70,Madhya Pradesh,Satna,0.85,1.12,,1.12,1.11,,0.9,0.93,0.92,1.04,0.76,0.78,1,0.68,,13.04,12.94,13.27,12.83,12.79,,,
71,Telangana,Jagitial,,,,,,,,,,,,,,,,,8.38,6.93,8.02,8.69,13.24,10.35,9.67
72,Telangana,Vikarabad,,,,,,,,,,,,,,,,,3.42,5.69,6.68,9.31,8.77,11.27,13.16
73,Karnataka,Bagalkot,4.9,4.99,5.59,,6.09,12.1,6.84,13.05,6.72,7.65,6.13,6.97,5.1,5.68,6.93,6.16,8.27,5.14,5.89,7.03,7.56,6.73,6.64
74,Madhya Pradesh,Tikamgarh,1.55,1.58,,1.48,0.99,,0.98,0.98,1.27,1.22,0.54,0.9,0.99,0.89,,11,11,11,13,13,,,
75,Haryana,Yamunanagar,,,,,,,,,12,,,1,0.95,12.74,9.84,10.87,12.5,12.77,11.31,11.01,,,
76,Manipur,Ukhrul,,,0.75,0.67,0.68,,1,0.6,9.66,9.71,9.3,11.47,11.7,12,12,12.71,12,12,11.92,,,,
77,Haryana,Fatehabad,,,,,,,,,,,,,,11,10,8,9.38,5.11,12.5,,,,
78,Andhra Pradesh,Anantapur,6.97,5,,,9,7.5,8,,10,,7.85,8.24,11.2,12.33,11.74,7.95,,,,,,,
79,Madhya Pradesh,Betul,0.88,1,0.44,,,,,,,,,1,1,,,12,12,12.24,11.46,11.49,,,
80,Tamil Nadu,Karur,6.12,,2.61,1.35,1.84,5.52,5.74,5.35,5.77,5.07,,5.48,,4.9,12.11,6.72,0.09,2.62,3.96,5.24,4.72,5.16,5.51
81,Andhra Pradesh,Guntur,5.23,5.38,6.41,7.15,7.05,6.54,5.98,,6.91,5.17,6.47,7.82,6.52,6.99,8,6.39,4.57,12,12.06,12,,,
82,Manipur,Imphal east,,,,0.75,1,1,,,11.05,11.06,10.82,11.47,11.7,12,12.02,12,12.01,,,,,,
83,Andhra Pradesh,Prakasam,4.49,4.32,5.36,6.17,8.08,6.27,5.88,,6.87,6.23,6.11,7.51,6.63,6.66,7.2,6.62,3.1,12,11.98,12,,,
84,Andhra Pradesh,West godavari,4.49,4.32,5.36,6.17,8.08,6.27,5.88,,6.87,6.23,6.11,7.51,6.62,6.66,7.2,6.75,4.22,12,10.15,12,,,
85,Haryana,Kaithal,,,,,,,,,,,,,1,10,10.5,11,12,11,,,,,
86,Manipur,Thoubal,,,1,0.75,0.6,,,,10.69,10.71,9.81,11.47,11.7,12,11.81,10.93,10.93,10.88,10.9,,,,
87,Manipur,Bishnupur,,,0.65,0.68,0.68,0.67,0.95,0.7,10.67,10.7,10.12,11.47,11.7,12,11.82,10.05,10,9.98,9.98,,,,
88,Manipur,Imphal west,,,1,,,0.67,,1,11.12,11.21,11.15,11.47,11.7,12,11.85,10.81,10.81,10.77,10.77,,,,
89,Tamil Nadu,Coimbatore,6.24,,5.24,4.45,5.32,7.64,7.56,6.39,10.2,5.84,,11.38,,5.38,6.92,7.2,1.99,4.72,6.83,6.74,4.72,5.4,5.51
90,Uttarakhand,Nainital,1.2,2,2,,,,2.42,1.89,2.15,0.8,1.96,11.06,9,2,1.99,1.93,2.22,2.44,2.97,2.93,2.91,2.67,
91,Tamil Nadu,Tiruvannamalai,5.64,,3.73,4.16,5.48,7.74,10.92,5.35,5.77,5.07,,5.48,,4.01,4.45,2.03,6.86,6.57,5.22,7.76,4.71,3.42,5.51
92,Haryana,Hisar,,,,,,,,,,,,,,10,10.5,,,,,,,,
93,Andaman and Nicobar Islands,North and middle andaman,,,,,,,6,,,,5.54,5.55,6.02,8.82,7.73,10.05,9.81,8.72,3.74,2.32,3.88,3.26,0.22
94,Madhya Pradesh,Panna,0.75,,,,0.9,,0.75,1,,,,,,,,10,10,10,10,10,,,
95,Haryana,Bhiwani,,,,,,,,,,,,,,,,,10,,,,,,
96,Rajasthan,Bhilwara,3.84,3,0.74,1.61,1.93,,1.85,10,,,,2.21,,1.8,2,1,5.63,2.9,,1.47,0.7,1,7.25
97,Tamil Nadu,Tiruchirappalli,6.12,,3.73,4.16,5.48,5.52,5.74,5.35,5.77,5.3,,3.95,,3.24,3.74,3.97,1.34,9.76,1.9,5.25,4.72,5.18,5.51
98,Karnataka,Shimoga,4.43,5.14,4.3,5,4.77,5.35,5.06,7.79,4.8,5,5,5.02,9.58,4.77,4.38,5.1,6,6.38,5.76,6.38,6.4,5.54,6
99,Telangana,Nizamabad,6.87,4.93,5.5,2.96,9,9.06,6.62,,9.44,9.23,8.75,8.2,,4.18,3.77,2.76,5.44,4.9,6,5.92,6.32,5.67,6.06
100,Uttarakhand,Pithoragarh,,,,,,,2.3,1.7,1.8,,,9.26,8.15,1.85,,1.99,2.29,2.52,5.36,5.3,5.3,4.15,
101,Uttarakhand,Udam singh nagar,,2.38,2.11,,,,2.58,1.75,,1,2.33,9.16,7.64,2.29,2,2.13,2,2.5,,,1.5,2,
102,Uttarakhand,Dehradun,1.69,1.73,1.85,,,,2,2.13,2.29,1,2,9.12,8.15,2.07,2.08,1.73,2,2.19,2.46,2.36,2.21,2.16,
103,Meghalaya,East jaintia hills,5.87,5.87,5.84,5.73,5.95,6.12,9.07,,5.29,,5.29,5.3,5.87,5.49,5.66,5.83,5.8,5.81,5.81,5.81,5.82,,5.01
104,Telangana,Karimnagar,5.42,4.25,5.94,7.54,6.83,9.05,8.02,,6.94,5.69,6.94,5.94,,6.3,6.27,5.09,8.37,5.87,6.5,6.97,7.8,7.34,7.5
105,Uttarakhand,Champawat,,2,1.67,,,,,,2,0.83,1.87,9.03,7.71,1.8,2,1.72,1.98,2.18,5.4,5.4,5.4,4.07,
106,Uttarakhand,Haridwar,9,1.5,2,,,,,2,,,2,9,8,1.79,1.83,1.5,1.75,2,2.5,2.5,2.5,,
107,Meghalaya,Ri bhoi,7.43,7.47,7.45,7.35,4.51,8.46,8.9,,4.29,,6.41,6.46,7.1,7.47,7.77,8.01,8.01,8.02,8.02,8.02,8.02,,8.02
108,Rajasthan,Bundi,1.09,2.69,0.21,2.9,3.76,4.11,8.89,6.77,3.77,2.24,3.77,2.21,3.96,3.59,2.65,3.22,3.62,3.04,2.73,0.73,3.91,4.54,5
109,Tamil Nadu,Namakkal,5.24,,3.55,4.4,5.05,6.12,4.44,5.82,7.54,6.22,,8.66,,5.74,4.38,4.24,3.25,5.99,3.6,5.35,6.61,7.66,7.61
110,Haryana,Palwal,,,,,,,,,,,,,,,8.57,8.33,,,,,,,
111,Uttarakhand,Bageshwar,,,,,,,2.19,1.9,2.1,1.2,1.95,8.51,6.5,1.81,1.81,1.77,2.06,,2.65,2.6,2.59,2.47,
112,Telangana,Rajanna,,,,,,,,,,,,,,,,,8.38,5.88,6.5,6.97,7.79,7.35,7.5
113,Telangana,Peddapalli,,,,,,,,,,,,,,,,,8.37,5.87,6.5,6.97,7.8,7.35,7.52
114,Karnataka,Raichur,,5.17,4.33,5,4.67,5.33,5.05,,1,5.04,,5.02,8.31,4.76,6,,,,5.79,6.39,6.37,5.65,6.1
115,Andhra Pradesh,Vizianagaram,4.48,4.33,5.37,6.17,8.09,6.27,5.88,,6.87,6.23,6.11,7.51,6.63,6.66,7.19,6.74,4.23,,8.28,,,,
116,Rajasthan,Chittorgarh,0.83,1,0.3,0.8,1,1,3.89,2.6,3,,3.43,3.59,2.33,7.8,2,6,3.73,0.1,,,6,5.5,8.25
117,Uttarakhand,Almora,,,,,,,,,,,,8.2,7.2,1.84,1.82,1.73,1.99,2.19,2.65,2.6,2.6,2.4,
118,Arunachal Pradesh,Lower subansiri,8.15,2,7,,1.67,,,,,,,,,,,,,,,,,,
119,Telangana,Jangoan,,,,,,,,,,,,,,,,,6.05,5.88,6.5,6.97,7.79,7.33,8
120,Arunachal Pradesh,Dibang valley,8,6.67,,,,,,,1.77,1.77,,,,,,,,,,,,,
121,Tamil Nadu,Theni,5,,3.75,4.17,5,6,,,5.67,5.08,,5.49,,3.67,4.03,3.85,3.6,4,3,,8,,5.5
122,Telangana,Suryapet,,,,,,,,,,,,,,,,,6,,,7,8,7,8
123,Karnataka,Uttar kannad,4.4,5.17,4.3,4.88,4.75,5,5,8,4.67,5,5,5,4.7,4.71,6,5.08,6,6.33,5.76,6.4,6.39,5.58,6
124,Telangana,Nalgonda,5.02,3.93,5.08,,,7.57,6.2,,,,6.5,5.48,,5.1,5,4.5,6,5.88,,,,,8
125,Telangana,Nagarkurnool,,,,,,,,,,,,,,,,,,,,,8,7,7.5
126,Telangana,Medak,5.03,3.93,5.08,5.25,6.37,7.62,4.16,,2.99,3.03,2.81,3.14,,2.87,2.37,4.33,6,,6.5,,8,7.5,8
127,Karnataka,Tumkur,4.33,5,4.33,5,5,5.5,5,8,5,,,5,4.75,,6,5,,6.5,5.67,6.33,6.4,5.5,6
128,Telangana,Mahbubnagar,5.03,3.93,5.07,5.25,6.37,7.61,6.14,,6.24,5.56,6.72,5.48,,5.08,4.97,4.38,,,,,,,8
129,Karnataka,Belgaum,3.72,4.49,3.48,3.27,5.33,8,5.23,7.39,3.97,2.34,2.6,2.06,1.89,2.73,2.52,2.14,7.52,7.08,6.47,7.23,7.6,7.01,7.4
130,Tamil Nadu,Vellore,5.64,,3.73,4.15,5.48,5.52,5.75,5.35,5.77,5.07,,5.48,,6.38,4.73,6.81,5.64,5.14,6.92,7.99,4.7,5.18,5.51
131,Telangana,Rangareddi,5.03,3.93,5.08,5.25,6.37,7.62,3.27,,3.72,2.82,3.46,3.55,,3.22,3.43,3.47,3.42,5.87,6.5,7,7.86,7.38,7.67
132,Telangana,Komaram bheem asifabad,,,,,,,,,,,,,,,,,4.13,5.89,6.52,6.97,7.81,7.36,7.58
133,Telangana,Kamareddy,,,,,,,,,,,,,,,,,5.44,5.87,6.51,6.97,7.8,7.35,7.55
134,Karnataka,Ramanagara,,,,,,,,7.8,4.75,5.03,5,5,4.75,4.76,6,5,5.88,6.5,5.82,6.38,6.4,5.56,6
135,Telangana,Khammam,5.03,3.93,5.08,5.25,6.37,7.62,6.14,,6.24,5.57,6.73,5.48,,5.08,4.98,4.33,6.05,5.87,6.51,6.97,7.8,7.35,7.5
136,Telangana,Mulugu,,,,,,,,,,,,,,,,,,,6.5,6.97,7.8,7.35,7.5
137,Telangana,Adilabad,3.78,2.96,4.25,3.88,4.48,5.16,4.56,,3.77,3.65,6.93,4.48,,6.72,6.45,5.37,4.12,5.87,6.5,6.97,7.8,7.35,7.51
138,Telangana,Jayashankar,,,,,,,,,,,,,,,,,6.06,5.87,6.5,6.97,7.8,7.35,7.52
139,Telangana,Warangal urban,,,,,,,,,,,,,,,,,6.06,5.87,6.5,6.97,7.8,6.36,5.13
140,Telangana,Bhadradri,,,,,,,,,,,,,,,,,6.05,5.88,6.51,6.98,7.79,7.38,7.54
141,Telangana,Mancherial,,,,,,,,,,,,,,,,,4.12,5.88,6.51,6.98,7.79,7.35,7.52
142,Karnataka,Mandya,4.43,2.93,2.53,1.47,4.74,5.33,5.05,7.78,6.43,5.39,5,5.02,4.7,4.78,2.26,3.71,5.92,6.36,5.79,6.38,6.39,5.64,6.1
143,Tamil Nadu,Salem,3.09,,2.78,2.62,3.66,3.78,4.54,4.72,7.78,4.5,,4.21,,3.19,3.43,3,1.61,2.82,2.75,4.1,4.24,5.01,5.48
144,Karnataka,Bidar,4.16,4.05,3.42,1.8,3.75,5.33,5.05,7.78,4.76,3.77,4.24,4.09,4.69,2.34,1.93,1.94,5.93,6.35,5.79,6.4,6.38,5.66,6.11
145,Karnataka,Udupi,3.14,4.57,3.81,3.36,4.75,5.34,5.05,7.78,3.84,5.03,3.3,3.15,3.52,4.75,5.98,5.1,5.92,6.34,5.75,6.44,6.37,5.57,6
146,Karnataka,Dakshin kannad,4.44,5.16,4.34,4.87,4.76,5.34,5.05,7.78,4.76,4.82,3.26,0.83,4.7,4.77,5.98,5.1,5.92,6.3,6,,6.5,6,6
147,Karnataka,Chikmagalur,4.45,5.16,4.33,4.86,4.77,5.35,5.05,7.78,1,,1.33,5,4.69,4.67,6,5.2,5.89,6.36,5.83,6.33,6.4,5.5,6
148,Karnataka,Hassan,4.45,5.17,4.32,4.9,4.75,5.34,0.88,7.77,0.93,4.67,5,5.02,4.69,5.99,4.82,5.54,5.93,6.34,5.78,6.38,6.4,5.55,6.19
149,Karnataka,Bellary,4,5.18,4.4,5,5,,,7.75,,,,5,,,,,,,,6,6.33,5.67,6
150,Karnataka,Bijapur,3.57,3.79,1.32,,0.07,5.33,5,7.75,4.75,5.03,5,2.08,1.82,4.77,5.98,5.09,5.92,6.36,5.78,6.39,6.38,5.65,6.1
151,Karnataka,Bangalore rural,4.49,5.34,5.38,5.97,4.75,5.33,5.04,7.75,4.83,5,,5,4.5,5,6,5.2,,,5.8,6.33,6.33,5.5,6
152,Uttarakhand,Chamoli,,,,,,,,,,,,7.67,6.94,2,,1.55,1.77,1.91,2.08,2.13,2.08,2,
153,Telangana,Siddipet,,,,,,,,,,,,,,,,,6,,,,7.67,7.33,
154,Telangana,Sangareddy,,,,,,,,,,,,,,,,,6.04,5.87,1.7,6.42,7.62,7.36,7.52
155,Meghalaya,South garo hills,5,5,5.07,5,3.64,5,5.03,,5.07,,5.04,5.05,5.66,6.02,6.11,6.24,6.24,6.24,6.25,6.25,6.26,,7.55
156,Arunachal Pradesh,Tawang,,,7.54,2.2,2.15,2.25,2.14,2.21,2.21,2.83,2.2,2.13,2.2,2.2,3.78,3.9,3.1,3,3,2.97,3.09,3.08,3.1
157,Tamil Nadu,Erode,6.16,,4.69,5.56,7.54,7.2,7.47,6.96,6.32,5.75,,5.06,,4.97,5.57,5.17,4.9,4.89,5.9,6.75,5.66,5.92,5.93
158,Arunachal Pradesh,Lower dibang valley,,,6.26,6.21,5.19,6.85,7,7,7.11,7,7,7.05,7.5,7.5,7.39,6.96,6.74,6.68,6.68,6.46,6.44,6.44,6.47
159,Telangana,Mahabubabad,,,,,,,,,,,,,,,,,6.06,7.49,6.5,6.35,5.13,5.38,4.96
160,Karnataka,Mysore,3.53,3.75,4.69,7.39,5.62,4.84,4.92,5.77,4.81,5.11,7.17,5.21,6.18,6.55,6.87,6.12,3.74,4.56,3.75,3.16,3.72,3.44,3.08
161,Telangana,Nirmal,,,,,,,,,,,,,,,,,4.12,6.05,6.77,6.54,6.82,7.28,7.36
162,Karnataka,Chamarajanagar,5.4,6.33,4.73,5.14,4.46,4.5,5.06,7.35,4.55,4.83,4.88,5.37,5.25,4.79,6.45,5.33,4.3,7.32,5.85,6.43,5.43,4.84,6.02
163,Telangana,Yadadri,,,,,,,,,,,,,,,,,,,7,,,7.33,
164,Arunachal Pradesh,Papum pare,,,,,2,7,,6.44,6.8,7.2,6.91,6.83,1.41,7.2,6.92,5.87,5.28,5.17,5.17,5.1,5.19,5.22,5.22
165,Arunachal Pradesh,Upper subansiri,,7.17,2.8,1.73,4.06,,,,,,,,,,,,,,,,,,
166,Chhattisgarh,Bemetara,,,,,,,,,,,,1.15,0.95,1.3,1.16,0.87,1,7.16,0.87,0.75,2.68,2.68,2.42
167,Tamil Nadu,Perambalur,6.12,,3.73,4.16,5.48,5.52,5.75,5.35,5.86,5.07,,5.48,,2.87,3.74,2.96,2.82,6.07,3.54,4.7,6.33,7.11,6.36
168,Arunachal Pradesh,Tirap,5,5.4,4.8,,7.1,,,,,,,,,,,,,,,,,,
169,Arunachal Pradesh,Kurung kumey,,,7.08,6.92,,,7.07,,1.67,1.67,,,,,,,,,,,,,
170,Tamil Nadu,Krishnagiri,,,,2.48,3.14,5.46,4.45,4.84,4.38,7.01,,4.46,,3.28,3.15,2.91,3.3,2.36,2.18,3.35,2.36,2.33,6.73
171,Arunachal Pradesh,Lohit,2.6,2.5,2.51,2.5,7,3.93,3,3.52,3.4,3.3,5,5.02,5.55,5.73,5.75,5.54,5.08,5.03,5.03,4.98,5.02,4.99,4.99
172,Tamil Nadu,Virudhunagar,,,4,,5.5,,5.78,5,,,,5,,3.75,,4,4,4,2,6,5.5,7,
173,Andaman and Nicobar Islands,Nicobars,,,,,,7,0.41,,,,0.25,0.5,6.05,,,,0.18,0.18,0.17,1.81,0.5,0.6,0.51
174,Telangana,Medchal,,,,,,,,,,,,,,,,,,,,,,7,
175,Tamil Nadu,Chengalpattu,,,,,,,,,,,,,,,,,,,,,7,,5.5
176,Uttarakhand,Pauri garhwal,2,,,,,,,2,2,1,2,7,6.5,1.73,1.69,1.62,1.86,2.05,2.2,2.2,2.2,2.1,
177,Arunachal Pradesh,Changlang,4.6,4.67,5.2,5.15,,5.1,5.08,5.21,5.6,6.8,6.5,6.54,6.51,6.5,0.99,2.85,2.85,3,3,3.01,3.05,3.04,3.05
178,Meghalaya,East garo hills,5.56,5.56,5.48,5.54,4.52,5.51,5.52,,5.54,,5.54,5.55,6.1,6.49,6.56,6.77,5.55,5.55,5.56,5.56,5.57,,5.5
179,Tamil Nadu,The nilgiris,5.45,,3.71,4,5.5,5.5,5.78,5.38,5.78,5,,5.5,,3.67,4,3.88,3.62,4.06,4.09,6,4.63,4.83,6.6
180,Rajasthan,Sirohi,,,,,,,,,,,,,,,,,6.55,,,,,,
181,Karnataka,Bengaluru urban,,,,6.54,,,,,,,,,,,,,6,6.33,6,6.33,6.4,6,6
182,Meghalaya,North garo hills,,,,,,,,,,,,,,6.25,6.31,6.51,5.52,5.53,5.54,5.55,5.56,,5.58
183,Karnataka,Kolar,,,,,,,,,,,,,,,,,,,6,6,6.5,5.67,6
184,Karnataka,Davangere,4.44,5.15,4.33,4.85,4.67,5.33,,,,,,5.03,4.67,,,5,,,6,6.5,6.38,5.5,
185,Tamil Nadu,Tiruppur,,,,,,,,,,4.86,,6.5,,2.67,3.71,2.91,1.77,4.65,3.95,5.21,4.88,5.18,5.51
186,Meghalaya,West jaintia hills,,,,,,,,,,,,,,6.23,6.33,6.38,6.29,6.29,6.29,6.31,6.32,,6.47
187,Karnataka,Gulbarga,4.71,3.8,2.61,1.92,2.02,2.63,2.1,6.43,3.06,2.26,2.21,5.02,1.99,3.09,,2.68,3.16,5.53,0.6,3.11,2.44,4.09,0.37
188,Telangana,Warangal,3.81,3.12,3.91,5.01,4.62,5.07,5.4,,4.59,4.54,5.77,3.55,,4.52,5,4.94,6.06,4.56,4.9,6.43,5.4,5.17,6.16
189,Meghalaya,South west garo hills,,,,,,,,,,,,,,5.92,5.94,6.08,6.4,6.4,6.4,6.41,6.41,,6.42
190,Karnataka,Koppal,,,,,,5.33,,,,,,,,,,,,,,,6.42,5.54,6
191,Meghalaya,East khasi hills,6.38,6.4,6.01,5.72,5.47,5.52,5.33,,5.2,,4.96,5.08,5.5,5.68,5.8,5.85,5.38,5.39,5.39,5.39,5.41,,5.4
192,Karnataka,Dharwad,4.33,,,,,,,,,,,,4.75,,,,,6,6,6,6.4,5.53,6
193,Karnataka,Yadgir,,,,,,,,,,,,,,,,,,6,5.78,6.38,6.39,5.64,6.18
194,Karnataka,Haveri,4.5,5.2,4,5,4.67,5.33,5,,5,5,5,5,4.67,,6,,5.88,6.35,5.8,6.38,6.37,5.65,6
195,Karnataka,Chikballapur,,,,,,,,,,,,5,4.67,4.83,,,,,6,6,6.38,5.5,6
196,Karnataka,Kodagu,,,,,4.75,5.31,5.04,,,,,5,,5,,,,,6,6.33,6.33,5.67,6
197,Karnataka,Chitradurga,4.44,5,4.5,,,,5,,,,,,,,,,,,6,6.33,6,5.5,6
198,Meghalaya,West garo hills,4.96,4.96,4.96,4.96,4.96,4.97,5.23,,5,,5,5.01,5.55,5.86,5.88,6.1,6.1,6.1,6.1,6.11,6.11,,6.11
199,Karnataka,Gadag,,5,,5,,5,,,,,,5,4.5,5,6,,,,5.82,6,6,5.5,6
200,Tamil Nadu,Thiruvallur,5,,3.74,4.13,5.5,5.6,5.8,,6,,,5.5,,3.67,,3.75,3.22,4,4,5.11,4.69,5.19,5.53
201,Rajasthan,Dungarpur,,,,,,,,,,,,,,,5,6,,6,,2,,6,1
202,Tamil Nadu,Madurai,5.43,,3.72,4.14,5.5,5.52,5.77,5.35,5.8,5.08,,5.48,,3.69,4,3.8,3.36,4,4.5,6,4.2,4.83,5.5
203,Tamil Nadu,Thoothukudi,5.43,,3.67,4.25,5.4,5.6,5.67,5.25,6,5,,5.5,,3.75,4,3.8,4,4,3.6,4.75,5,4.75,5.67
204,Tamil Nadu,Ramanathapuram,,,4,4,5,6,5.5,5.5,,,,5,,4,,,,,,,,5.33,5.67
205,Tamil Nadu,Mayiladuthurai,,,,,,,,,,,,,,,,,,,,,,3,6
206,Karnataka,Vijayanagar,,,,,,,,,,,,,,,,,,,,,,,6
207,Tamil Nadu,Kanchipuram,5,,3.8,4.15,5.48,5.6,5.5,5.5,5.67,5,,5.5,,,,,,,4,5.67,4,4.33,6
208,Tamil Nadu,Thanjavur,5.5,,3.8,4.14,5.5,5.53,5.75,5.29,5.8,5,,5.49,,3.69,4,3.88,3.57,4.06,4,5.29,4.9,5.16,5.53
209,Tamil Nadu,Tirunelveli,5.43,,3.67,4.17,5.5,5.5,5.71,5.4,5.8,5,,5.44,,3.6,4,3.83,3.83,4,4.33,5.25,4.25,5,5.6
210,Tamil Nadu,Dindigul,5.44,,3.74,4.18,5.47,5.53,5.75,5.35,5.79,5.07,,5.48,,3.69,4,4,3.7,4,4,5,4.4,5.13,5.55
211,Arunachal Pradesh,Namsai,,,,,,,,,,,,,,,,5.77,5.45,5.39,5.39,5.35,5.4,5.4,5.41
212,Tamil Nadu,Cuddalore,5.44,,3.73,4.16,5.49,5.52,5.75,5.35,5.77,5.07,,5.48,,3.67,4.03,1.91,2.35,2.26,2.25,2.35,4.71,5.18,5.51
213,Tamil Nadu,Kanniyakumari,,,,,,,,,5.75,5,,,,,,,,,,,,,
214,Tamil Nadu,Thiruvarur,,,3.67,4.17,5.5,5.6,5.75,5.25,3,5,,5.5,,,,,3.5,4,4,5.33,4.6,5.14,5.5
215,Tamil Nadu,Dharmapuri,4.11,,2.21,2.48,3.14,2.42,4,3.05,3.79,4.19,,5.74,,1.85,2.56,3.04,4.77,2.81,2.99,4.56,4.21,5.09,5.26
216,Tamil Nadu,Pudukkottai,5.45,,3.75,4.25,5.5,5.5,5.67,5.5,5.67,5.1,,5.5,,3.63,4,3.88,3.4,4.04,3.92,4.94,4.64,5.38,5.54
217,Tamil Nadu,Nagapattinam,5.33,,3.8,4.25,5.5,5.67,5.67,5.5,,,,,,,4,3.75,,,,,,,
218,Tamil Nadu,Ariyalur,,,,,,,,,,5.05,,5.48,,3.67,4.03,3.85,3.6,4.06,3.92,5.6,4.83,5.44,5.5
219,Tamil Nadu,Villupuram,3.66,,2.54,3.52,4.28,3.16,3.49,3.45,2.36,3.28,,2.63,,2.24,2.15,2.35,2.84,4.27,3.85,4.09,2.75,5.6,5.6
220,Meghalaya,West khasi hills,3.05,3.32,3.29,4,3.96,3.77,3.8,,3.65,,3.93,4.02,4.45,4.98,5.17,5.22,5.22,5.22,5.22,5.22,5.22,,5.53
221,Tamil Nadu,Ranipet,,,,,,,,,,,,,,,,,,,,,4.72,5.16,5.51
222,Tamil Nadu,Tirupathur,,,,,,,,,,,,,,,,,,,,,4.69,5.17,5.51
223,Tamil Nadu,Sivaganga,,,4,,5.46,5.5,5.5,5,,,,5.5,,3.67,4,3.75,3.8,4,3.8,4.67,5,5.33,5.5
224,Tamil Nadu,Thenkasi,,,,,,,,,,,,,,,,,,,,,,5.33,
225,Kerala,Kannur,2.73,2.56,2.82,2.6,2.66,2.92,3.5,3.27,3.27,2.96,3.71,3.66,3.36,2.92,3.55,3.01,3.35,5.02,3.77,4.41,4.83,4.42,3.9
226,Nagaland,Kohima,,,,,,,,5,4.5,,,,,,,,,,,,,,
227,Nagaland,Mon,,,,,,,,,4.95,,,,,,,,,,,,,,
228,Arunachal Pradesh,West siang,3.75,1.93,3.86,3.86,,,4.04,4.25,4.51,4.53,4.56,4.62,4.78,4.8,4.95,4.73,4.3,4.23,4.27,4.21,4.5,4.53,4.55
229,West Bengal,Murshidabad,2.38,3.38,2.99,3.33,3,3.87,4.59,4.85,4.76,,,,,,,,,,,,,,
230,Rajasthan,Udaipur,4.23,4.67,3.64,4.62,1.93,1.95,1.87,1.92,1.84,1.86,1.9,1.95,1.98,1.8,1.43,1.52,1.76,2,1.68,2.37,2.33,2.39,1
231,Arunachal Pradesh,Shi yomi,,,,,,,,,,,,,,,,,,,,4.33,4.67,4.67,4.64
232,Arunachal Pradesh,East siang,1.83,1.87,2,2,2.49,2,2,1.91,2,2,2,2.02,1.98,2,2.16,4.15,3.99,4.27,4.6,4.58,4.61,4.61,4.62
233,Nagaland,Longleng,,,,,,,,,4.6,,,,,,,,,,,,,,
234,Nagaland,Dimapur,,,,,,,,4.25,4.56,,,,,,,,,,,,,,
235,Meghalaya,South west khasi hills,,,,,,,,,,,,,,4.4,4.44,4.53,4.52,4.52,4.52,4.53,4.54,,4.55
236,Uttar Pradesh,Kanpur nagar,1.6,1.8,1.75,1.67,,4.5,,3,,3.5,3.2,2.86,2.83,3,3,1,,,,,,,
237,Uttar Pradesh,Shravasti,1.74,1.83,1.75,1.67,1.8,4.5,3.4,,,,,2.8,2.8,,3,,,,,,,,
238,Uttar Pradesh,Rae bareli,1.8,1.78,1.75,1.86,1.75,4.5,3.4,3.06,,3.31,3.17,2.8,2.84,2.93,2.83,1.11,1.29,1.13,1.07,1.07,1.17,1.77,1.94
239,Uttar Pradesh,Kanpur dehat,,,,1.75,1.67,4.5,3.33,3.11,,3.33,,2.5,,,,,,,,,,,
240,Uttar Pradesh,Deoria,,1.67,1.8,1.82,1.7,4.5,3.38,3,,3.25,3,3,3,3,3,,1,2,1.5,2,2,,2
241,Uttar Pradesh,Muzaffarnagar,,2,1.86,1.8,1.75,4.5,3.25,3,,3.33,,2.81,2.84,2.89,2.83,1.11,1.32,1.28,1.35,,1.39,1.77,
242,Uttar Pradesh,Etah,1.7,1.78,1.8,1.78,1.75,4.5,3.5,,,,,,,,,,,,,,,,
243,Uttar Pradesh,Moradabad,1.73,1.75,1.8,1.83,1.78,4.5,3.33,3,,3.31,,2.83,,3,,,,,,,1,1.75,
244,Uttar Pradesh,Ghazipur,,1.67,,1.5,2,4.5,3,3,,3.33,3,3,3,,3,,,,,,,,
245,Uttar Pradesh,Kaushambi,1.78,2,2,2,2,4.5,3,3,,3.2,3.17,2.81,2.83,2.88,2.84,1,1.33,1.29,1.34,1.42,1.42,1.77,1.92
246,Nagaland,Wokha,,,,,,,,4.5,4.17,,,,,,,,,,,,,,
247,Nagaland,Peren,,,,,,,,,4.5,,,,,,,,,,,,,,
248,Nagaland,Mokokchung,,,,,,,,4.5,4,,,,,,,,,,,,,,
249,Uttar Pradesh,Ballia,,2,1.5,1.5,1.67,4.5,3.33,3,,3,,,,,,,,,,,,,
250,Uttar Pradesh,Sonbhadra,1.67,1.78,1.67,1.67,1.8,4.5,3.4,3,,3.25,3.14,3,2.5,2.8,2.83,,1.33,1.33,1.33,,,2,2
251,Uttar Pradesh,Kannauj,,2,1.75,2,,4.5,,3,,3.33,,2.75,,3,,1.14,,,,,,,
252,Uttar Pradesh,Unnao,1.73,1.86,2,1.67,1.67,4.5,3.38,3.14,,3.33,3,2.79,2.84,2.88,2.8,1,1.36,1.14,1.11,1.12,1.09,1.75,1.92
253,Uttar Pradesh,Maharajganj,1.75,1.79,1.82,1.81,1.75,4.48,3.41,3.07,,3,3.33,2.8,3,3,2.67,,1.5,2,1.57,,1.67,,2
254,Uttar Pradesh,Kheri,1.74,1.79,1.82,1.81,1.75,4.47,3.41,3.07,,3.31,3.14,2.82,2.83,2.89,2.84,1.13,1.32,1.11,1.12,1.12,1.12,1.76,1.91
255,Uttar Pradesh,Bareilly,1.73,1.81,1.83,1.82,1.74,4.46,3.39,3.07,,3.27,3.13,2.81,2.82,2.9,2.83,1.11,1.33,1.08,1.1,1.08,1.09,1.77,1.91
256,Uttar Pradesh,Budaun,1.75,1.79,1.82,1.81,1.74,4.46,3.4,3.07,,3.31,3.14,2.82,2.83,2.89,2.84,1.11,1.32,1.08,1.08,1.08,1.08,1.76,1.91
257,Uttar Pradesh,Sitapur,1.74,1.79,1.82,1.82,1.73,4.46,3.39,3.08,,3.29,3.17,2.82,2.83,2.9,2.84,1.11,1.33,1.11,1.12,1.12,1.11,1.76,1.92
258,Uttar Pradesh,Kushi nagar,1.74,1.79,1.82,1.81,1.74,4.46,3.4,3.07,,3.3,3.14,2.82,2.83,2.89,2.84,1.12,1.32,1.63,1.63,1.63,1.63,1.76,1.91
259,Uttar Pradesh,Bahraich,1.74,1.79,1.82,1.81,1.74,4.46,3.4,3.07,,3.31,3.14,2.82,2.83,2.9,2.83,1,1.32,1.28,1.35,1.41,1.4,,1.91
260,Uttar Pradesh,Pilibhit,,1.83,1.75,1.8,1.75,4.45,3.5,3,,3.29,3.2,2.82,3,2.89,2.84,1,1.32,1.08,1.08,1.08,1.08,,1.91
261,Uttar Pradesh,Rampur,1.76,1.8,1.81,1.8,1.73,4.45,3.41,3.08,,,,,,2.91,2.83,,,,,,,1.78,
262,Uttar Pradesh,Sant kabeer nagar,,1.8,1.83,1.83,1.78,4.43,3.33,3.11,,3.32,3.12,2.78,2.82,2.88,2.82,1,,,1.33,1.42,1.4,1.8,1.9
263,Uttar Pradesh,Fatehpur,1.78,1.75,1.8,1.83,1.73,4.43,3.36,3.08,,3.31,3.13,2.82,2.82,2.9,2.83,1.11,1.32,1.28,1.35,1.41,1.4,1.77,1.91
264,Uttar Pradesh,Saharanpur,2,1.71,1.67,1.67,1.8,4.4,3.5,3.25,,3.33,3.2,2.81,2.8,2.9,2.86,1.11,1.29,1.31,1.33,1.41,1.42,1.76,1.88
265,Kerala,Idukki,2.59,2.01,2.42,2.33,2.5,2.38,2.27,2.05,2.03,2.27,2.47,3.08,4.02,3.96,4.39,4.08,3.92,4.17,3.57,3.97,4.08,3.89,3.93
266,Arunachal Pradesh,Siang,,,,,,,,,,,,,,,,4.05,3.76,3.83,3.83,3.81,3.85,4.34,4.38
267,Chhattisgarh,Korea,1,0.88,0.92,0.9,0.87,0.85,0.8,0.73,0.9,0.89,0.88,0.75,0.86,0.79,0.88,0.61,0.97,4.34,0.79,0.69,1.3,1.27,0.67
268,Uttar Pradesh,Barabanki,1.7,1.79,,1.67,2,4.33,3,,,3.33,,,3,2.8,2.83,1.17,1,,,,,,
269,Nagaland,Phek,,,,,,,,,4.33,,,,,,,,,,,,,,
270,Tamil Nadu,Kallakurichi,,,,,,,,,,,,,,,,,,,,,4.2,2.99,3.43
271,Arunachal Pradesh,Leparada,,,,,,,,,,,,,,,,,,,,3.94,4.19,4.17,4.19
272,Kerala,Malappuram,1.97,1.44,1.7,1.77,1.56,1.62,1.43,1.77,1.87,1.95,1.82,1.89,1.87,1.98,2.19,2.39,2.07,3.04,2.22,2.74,2.92,4.12,2.52
273,Kerala,Kozhikode,2.13,2.27,2.37,2.33,2.47,1.99,2.57,2.65,2.32,2.44,2.6,2.42,2.64,2.42,3.11,3,2.5,3.22,2.77,3.06,3.92,4.04,3.2
274,Uttar Pradesh,Azamgarh,1.5,,2,2,,4,,3,,3.29,,,3,3,2.67,,1,,,,1.5,2,2
275,Uttar Pradesh,Chandauli,,,,2,,4,,,,3.25,,,,,,,,,,,,,
276,Uttar Pradesh,Etawah,,,,2,,4,,3,,,,,3,3,3,,,,,,,,
277,Uttar Pradesh,Hardoi,1.75,1.75,,2,,4,,3,,,,3,2.75,2.88,2.8,,,1.12,,,,,1.94
278,Uttar Pradesh,Aligarh,,,,,2,,4,,,3.33,3,3,2.82,2.92,2.83,1.11,1.33,1.29,,,1.43,,
279,Rajasthan,Baran,,,,,,4,1,,,,1,,1,,,,1,1,,0.41,2,0.67,1
280,Uttar Pradesh,Allahabad,1.5,2,,,2,,4,,,,,,,,,,,,,,,,
281,Nagaland,Zunheboto,,,,,,,,,4,,,,,,,,,,,,,,
282,Nagaland,Tuensang,,,,,,,,,4,,,,,,,,,,,,,,
283,Kerala,Pathanamthitta,1.51,1.7,1.41,1.67,1.86,1.92,1.69,1.82,1.93,1.62,1.88,2.08,1.85,1.78,2.24,2.22,2.02,3.8,2.86,3.6,3.97,3.49,3.43
284,Arunachal Pradesh,Lower siang,,,,,,,,,,,,,,,,,,,3.82,3.79,3.84,3.85,3.85
285,Nagaland,Kiphire,,,,,,,,,3.83,,,,,,,,,,,,,,
286,Kerala,Palakkad,2.55,2.69,2.5,1.7,2.42,3.13,3.09,2.77,2.64,2.94,3.14,3.01,2.9,2.89,2.76,2.93,2.63,3.61,3.01,3.13,3.76,3.58,3.23
287,Kerala,Kottayam,2.03,2.64,2.62,2.37,2.45,2.29,2.37,2.31,2.3,2.31,2.78,2.08,2.17,2.51,2.56,2.55,2.39,2.52,2.67,2.69,3.23,3.74,3.46
288,Kerala,Kasaragod,2.14,2.51,2.38,2.25,2,2.36,1.51,2.46,2.29,2,2.43,2.42,2.05,1.62,3.03,2.57,2.45,3.68,3.04,2.95,3.4,3.3,2.8
289,Kerala,Wayanad,1.88,1.78,2.13,2.28,2.64,2.47,2.7,2.08,2.19,3.56,3.21,3.47,2.93,2.99,2.99,3,2.31,2.33,2.51,2.38,2.62,2.78,2.79
290,Uttar Pradesh,Meerut,1.71,2,2,2,1.5,,3.5,,,3.5,3,,2.81,2.9,2.82,1.09,,1.29,,1.43,1.43,,
291,Uttar Pradesh,Sultanpur,,,,,,,,,,3.5,,,,,,,,,,,,,
292,Uttar Pradesh,Varanasi,,1.79,1.8,,1.5,,3.5,3,,,,,,,,,,,,,,,
293,Uttar Pradesh,Gonda,,,2,,,,,,,3.5,,,,,,,,,,,,,
294,Uttar Pradesh,Shahjahanpur,1.8,1.75,1.8,,1.67,,3.5,,,3.3,3.14,2.82,2.83,2.89,2.82,1.13,1.32,,1.07,1.08,1.05,,
295,Uttar Pradesh,Ambedkar nagar,1.83,,,,1,,3.5,,,,,,,,,,,,,,,,
296,Uttar Pradesh,Farrukhabad,2,2,,,2,,3.5,,,,,,,,,,1,,,,,,
297,Arunachal Pradesh,East kameng,,,,,,,,,3.44,,,,,,,,,,,,,,
298,Uttar Pradesh,Auraiya,,,2,,1.75,,3.43,3.14,,3,,3,,,,,1,,,,,,
299,West Bengal,Dinajpur dakshin,3.36,3.33,3.33,3.37,3.05,3.16,2.52,1.74,1.74,,,,,,,,,,,,,,
300,Uttar Pradesh,Mirzapur,2,2,2,,1.73,,3.36,,,3.33,,,3,,,,,,,,,,
301,Kerala,Ernakulam,2.06,2.28,2.22,2.22,1.96,2.51,2.98,2.74,2.67,3.23,3.36,3.13,2.69,2.75,3,2.73,2.77,2.85,2.68,2.54,2.8,2.7,2.63
302,Uttar Pradesh,Mau,,,2,,,,,,,3.33,,,,,,,,,,,,,
303,Uttar Pradesh,Lalitpur,,2,2,2,1.67,,3.33,3,,3.3,3,2.75,2.67,2.92,2.83,1,,,1.25,,,,
304,Uttar Pradesh,Firozabad,,2,2,,1.67,,3.33,3,,,,,,3,,1,1,1,,,,,
305,Odisha,Deogarh,2.32,2.31,2.28,2.31,2.29,,,,,,,,,,,,,,,3.29,,,
306,Kerala,Alappuzha,1.09,1.33,1.22,0.88,1.09,1.18,1.05,1.21,1.41,1.75,1.4,2.02,1.91,2.03,2.17,2.07,1.93,1.92,1.63,2.09,2.05,3.29,2.29
307,West Bengal,24 paraganas north,2.55,2.6,3.11,3.07,3.19,3.28,3.27,2.91,2.91,,,,,,,,,,,,,,
308,Uttar Pradesh,Bulandshahr,2,1.5,,,,,,,,,3.2,,2.89,2.88,2.86,1.12,1.29,1.28,1.33,1.43,1.39,,
309,Odisha,Jharsuguda,2.22,2.25,2.36,2.36,2.35,,,,,,,,,,,,,,,3.17,,,
310,West Bengal,24 paraganas south,0.6,0.6,1,2,2.1,2.05,2.01,3.16,3.16,,,,,,,,,,,,,,
311,Uttar Pradesh,Kasganj,,,,,,,,,,,3.15,2.86,2.86,3,3,1,1.38,1.27,1.37,1.4,,1.79,
312,Uttar Pradesh,Gorakhpur,2,2,,,,,,3,,,3,,2.75,,,,,,,,,,
313,Odisha,Sonepur,,2.14,,1.5,2,,,,,,,,,,,,,,,3,,,
314,Uttar Pradesh,Bijnor,,2,,,,,,,,3,3,,3,,,,,,,,,,
315,Uttar Pradesh,Lucknow,,1.67,,,,,,,,3,3,3,3,3,,,1,1,1,,,,
316,Uttar Pradesh,Jalaun,,,,,,,,,,,,,3,3,,1,,1.33,,,,,
317,Uttar Pradesh,Hathras,,,,,2,,,,,,,,2.67,3,3,,,,,,,2,
318,Uttar Pradesh,Amethi,,,,,,,,,,,,2.8,3,3,2.88,1.08,1,1,1,1,1,2,2
319,Uttar Pradesh,Mahoba,,,,,,,,,,,,,3,,,,,,,,,,
320,Uttar Pradesh,Agra,,,,,1,,3,,,,,,,,,,,,,,,,
321,Uttar Pradesh,Shamli,,,,,,,,,,,,,3,2.88,2.88,1.13,,,,,,,
322,Uttar Pradesh,Hamirpur,,,,,,,,,,,,,,3,,,,,,,,,
323,Uttar Pradesh,Jhansi,1.75,1.67,,,,,,,,,3,3,2.81,2.88,2.89,1.12,1.29,,,,,,
324,Uttar Pradesh,Baghpat,1.75,,,,,,,,,,,,,3,2.67,1,,,,,,,
325,Uttar Pradesh,Mainpuri,2,,,,,,,3,,,,,2.84,,,1.09,1.5,,1.5,1.5,,,
326,Odisha,Puri,2.2,2.17,1.83,1.83,2,,,,,,,,,,,,,,,3,,,
327,Odisha,Dhenkanal,2.34,2.33,2.33,2.34,2.33,,,,,,,,,,,,,,,3,,,
328,Uttar Pradesh,Ghaziabad,,2,2,,,,,,,,,,,3,,,,,,,,,
329,Chhattisgarh,Dhamtari,1.5,2,1.5,2,2,2,0.6,1.67,2,2,,,,,,2,1.5,,3,2,2,2.17,2.17
330,Chhattisgarh,Gariyaband,,,,,,,,,,,,2,2,2,1.5,1.89,,,,3,2.67,2.5,2
331,West Bengal,Howrah,2.51,2.54,2.56,2.44,2.32,2.99,2.26,2.56,2.35,,,,,,,,,,,,,,
332,Odisha,Rayagada,2.32,0.24,2.14,2.1,2.11,,,,,,,,,,,,,,,2.98,,,
333,Odisha,Gajapati,2.41,2.4,2.36,2.33,2.35,,,,,,,,,,,,,,,2.9,,,
334,Uttar Pradesh,Sambhal,,,,,,,,,,,,,,2.89,,1.11,1.5,1,1,1,1,,
335,Uttar Pradesh,Hapur,,,,,,,,,,,,,,2.86,2.86,1.25,,,1.33,,1.44,1.73,1.92
336,Odisha,Mayurbhanj,2.46,2.45,2.2,2.21,2.34,,,,,,,,,,,,,,,2.81,,,
337,Odisha,Sambalpur,2.44,2.43,2.44,2.43,2.44,,,,,,,,,,,,,,,2.75,,,
338,Kerala,Thiruvananthapuram,1.25,2,1.6,2.16,1.44,2.06,1.82,1.83,2.14,1.83,1.69,1.73,1.65,1.59,1.88,2.52,2.17,2.14,1.98,2.11,2.53,2.33,2.75
339,Assam,Dima hasao,0.51,0.57,0.53,0.54,0.55,0.54,0.54,0.54,0.54,0.54,0.54,0.54,0.67,1.32,1.34,1.35,1.34,2.73,1.57,1.62,2.24,2.31,2
340,Chhattisgarh,Raipur,1.73,1.71,1.69,1.76,1.69,1.69,0.03,1.69,1.7,1.71,1.84,2,2,2,2,2,1.5,,2.55,1.86,2.62,2.59,1.65
341,Odisha,Koraput,2.44,0.24,2.4,2.4,2.4,,,,,,,,,,,,,,,2.61,,,
342,West Bengal,Nadia,1.49,1.34,1.59,1.61,1.57,2.35,2.42,2.6,2.56,,,,,,,,,,,,,,
343,Chhattisgarh,Mahasamund,1.5,2,1.67,2,2,1.5,2,2,2,,2,,2,2,1.57,2,1.5,2,2.57,2.5,2.53,2.54,1.81
344,Odisha,Boudh,,2.29,2.24,2.29,2.25,,,,,,,,,,,,,,,2.55,,,
345,Odisha,Khordha,2.4,2.14,2,2,1.99,,,,,,,,,,,,,,,2.55,,,
346,Odisha,Anugul,2.35,2.34,2.34,2.33,2.35,,,,,,,,,,,,,,,2.53,,,
347,Odisha,Kandhamal,2.41,2.5,0.25,2.5,2.5,,,,,,,,,,,,,,,1.67,,,
348,Kerala,Thrissur,1.23,2.32,1.75,1.33,1.74,2.3,1.46,1.54,1.57,1.59,1.9,2.11,2.26,2.07,2.03,2.12,2.09,2.37,2.28,2.26,2.5,2.33,2.19
349,Rajasthan,Rajsamand,,,,,,,,2.5,,,,,,,,,,,,,,,
350,Odisha,Balangir,,2.29,2,2.5,2.16,,,,,,,,,,,,,,,2,,,
351,Rajasthan,Bharatpur,,,,,,,,,,,,,,,,,,,2.5,,,,
352,Assam,Cachar,0.94,0.95,0.94,0.94,2.12,2.09,2.04,1.91,1.99,1.95,2.09,2.12,2.12,2.12,2.13,2.13,2.13,2.13,2.29,2.38,2.38,2.38,2.5
353,Odisha,Nayagarh,2.48,2.48,2.12,2.12,2.12,,,,,,,,,,,,,,,2.19,,,
354,Assam,Kamrup metro,,,,,,0.87,0.87,0.87,1.21,0.98,1.02,1.74,1.75,1.76,1.76,1.76,1.76,1.77,2.01,2.14,2.14,2.13,2.48
355,West Bengal,Medinipur east,2.15,2.13,2.2,2.15,2.19,2.24,2.31,2.47,2.47,,,,,,,,,,,,,,
356,Odisha,Kendujhar,2.43,2.38,2.41,2.4,2.41,,,,,,,,,,,,,,,2,,,
357,Odisha,Nabarangpur,2.27,2.43,2.08,2.18,2.12,,,,,,,,,,,,,,,1.82,,,
358,Uttarakhand,Tehri garhwal,,,,,,,,,,,,,,,1.55,1.53,1.78,1.94,2.4,2.4,2.41,2.18,
359,Odisha,Ganjam,2.4,2.4,2.38,2.38,2.4,,,,,,,,,,,,,,,2,,,
360,Odisha,Baleshwar,2.38,2.38,2.38,2.39,2.38,,,,,,,,,,,,,,,1.96,,,
361,Kerala,Kollam,1.52,1.4,1.74,1.66,1.56,1.83,1.92,1.85,1.74,1.42,1.42,1.44,1.6,1.57,1.78,1.61,1.41,1.62,1.84,1.95,2.38,2.14,2.03
362,Odisha,Sundargarh,2.33,0.24,2.36,2.35,2.36,,,,,,,,,,,,,,,2,,,
363,Odisha,Cuttack,2.35,2.25,2.25,2.26,2.25,,,,,,,,,,,,,,,1.47,,,
364,Odisha,Malkangiri,2.29,2.33,2.13,2.13,2.1,,,,,,,,,,,,,,,2.29,,,
365,Odisha,Kalahandi,2.27,2.32,2.28,2.29,2.28,,,,,,,,,,,,,,,1.94,,,
366,Odisha,Bhadrak,2.31,2.3,2.2,2.27,2.2,,,,,,,,,,,,,,,1.36,,,
367,West Bengal,Purba bardhaman,0.98,0.99,1.2,1.85,2.01,2.14,2.25,2.31,2.31,,,,,,,,,,,,,,
368,Odisha,Jajapur,2.3,2.29,2.24,2.29,2.24,,,,,,,,,,,,,,,,,,
369,Odisha,Bargarh,2.3,2.27,2.27,2.27,2.26,,,,,,,,,,,,,,,1.5,,,
370,Odisha,Kendrapara,,2.14,2.27,2.25,2.25,,,,,,,,,,,,,,,1.5,,,
371,Odisha,Jagatsinghapur,2.26,2.26,2.24,2.26,2.24,,,,,,,,,,,,,,,1.87,,,
372,Uttarakhand,Rudra prayag,,,,,,,,,,,,,,,2,,,,2.25,,2,,
373,Odisha,Nuapada,2.21,2.25,2,1.96,2.01,,,,,,,,,,,,,,,1.25,,,
374,Chhattisgarh,Baloda bazar,,,,,,,,,,,,2.18,2,2,2.15,1.86,1.55,1.53,1.53,1.64,1.52,1.67,1.6
375,Assam,West karbi anglong,,,,,,,,,,,,,,,,,,,,,2,2.15,1.97
376,Assam,Karbi anglong,0.75,0.75,0.77,0.77,0.8,0.79,0.8,0.81,0.81,0.81,0.8,1.02,1.06,1,1.01,1.02,1.02,2.04,2.1,2.14,2.14,2.14,1.2
377,West Bengal,Jalpaiguri,1.38,1.39,1.22,1.71,1.8,1.8,1.8,2.13,2.13,,,,,,,,,,,,,,
378,West Bengal,Bankura,2.03,1.97,2.06,1.98,1.75,1.76,1.52,1.52,1.52,,,,,,,,,,,,,,
379,West Bengal,Hooghly,1.23,1.34,1.3,1.77,1.8,1.98,1.89,2.04,2.04,,,,,,,,,,,,,,
380,Uttar Pradesh,Balrampur,2,,2,2,,,,,,,,,,,,,,,,,,,
381,Rajasthan,Karauli,,1,,2,1,,,,,,,,,,,,,,,,,,
382,Uttar Pradesh,Faizabad,,,,,,,,,,,,,,,,,1,1,,1.5,1,2,
383,Uttarakhand,Uttar kashi,,,,,,,,,,,,,,,,2,2,2,2,,,1,
384,Uttar Pradesh,Pratapgarh,1.5,2,,,,,,,,,,,,,,,,,,,,,
385,Rajasthan,Tonk,,2,2,,2,,,,,1,,,,,,,,1,,,,,
386,Uttar Pradesh,Amroha,2,,,,,,,,,,,,,,,,1.5,,,,,,
387,Uttar Pradesh,Jaunpur,,1.75,,2,,,,,,,,,,,,,,,,,,,
388,Uttar Pradesh,Siddharth nagar,,,2,,,,,,,,,,,,,,,,,,,,
389,Rajasthan,Sawai madhopur,,,,,,,,2,,,,,,,,,,,,0.67,,,
390,Bihar,Purnia,1,2,1,0.99,0.99,0.97,,0.94,1.27,,,,,,,,,,,,,,
391,West Bengal,Dinajpur uttar,1.68,1.86,1.87,1.88,1.96,1.88,1.97,1.68,1.45,,,,,,,,,,,,,,
392,Bihar,Araria,0.97,1.95,0.99,0.99,0.99,0.97,,0.95,1.27,,,,,,,,1.15,1.13,1.15,,,,1
393,Bihar,Katihar,0.97,1.95,1,1,1,0.96,,1,1.27,,,,,,,,1.33,1.17,1.2,1.23,1.21,1.21,1.21
394,Bihar,Kishanganj,0.97,1.89,0.98,0.98,0.98,0.97,,0.95,1.27,,,,,,,,0.98,1.03,1.03,1.01,1.03,1.02,1.02
395,Assam,Sonitpur,0.73,0.73,0.73,0.73,0.73,0.73,0.73,0.73,0.73,0.73,0.73,0.88,0.97,0.96,0.84,0.98,0.98,1.79,1.79,1.81,1.81,1.81,1.85
396,West Bengal,Maldah,0.8,0.75,0.7,0.73,0.71,0.72,0.73,1.7,1.82,,,,,,,,,,,,,,
397,Chhattisgarh,Durg,1,1,1,1.2,1,,1,0.87,0.75,,1.81,1.17,1,,1.17,,,,,1,1,1,1.1
398,West Bengal,Coochbehar,1.5,1.5,1.5,1.5,1.5,1.5,1.6,1.73,1.73,,,,,,,,,,,,,,
399,Assam,Marigaon,0.8,0.8,0.8,0.8,0.8,0.8,0.8,0.8,1.7,1.1,1.2,1.15,1.16,1.17,1.17,1.18,1.18,1.2,1.42,1.53,1.53,1.53,1.62
400,Himachal Pradesh,Una,,0.67,0.38,,,0.33,0.25,0.29,0.33,0.5,,0.33,0.33,,0.33,0.29,0.33,0.67,0.57,0.71,1.61,1.67,
401,Assam,Sivasagar,0.86,0.87,0.85,0.83,0.83,0.78,0.8,0.77,0.97,0.85,0.76,0.67,0.69,0.69,0.69,0.69,0.71,1.02,0.99,1.07,1.07,1.07,1.65
402,Assam,Hojai,,,,,,,,,,,,,,,,,,,,,1.03,1.03,1.65
403,Himachal Pradesh,Solan,,0.5,,,,,,,,0.5,,,0.53,0.53,0.53,0.5,,,1,1,1.64,1.64,
404,Himachal Pradesh,Kangra,,0.72,0.29,,,0.6,0.45,0.53,0.53,,,0.53,0.53,0.53,,,0.69,0.6,0.58,0.63,1.63,1.64,
405,Chhattisgarh,Jashpur,0.7,0.79,0.75,0.74,0.75,0.71,0.76,0.75,0.78,0.74,0.73,0.74,0.73,0.71,0.72,0.81,0.71,1.02,0.7,0.47,0.78,0.76,1.63
406,Himachal Pradesh,Mandi,,0.38,0.38,,,0.56,0.5,0.5,0.55,0.64,,0.42,0.42,0.42,0.42,0.53,0.53,0.53,0.53,0.57,1.63,1.63,
407,Himachal Pradesh,Hamirpur,,0.57,0.7,,,0.42,0.53,0.52,0.42,0.58,,0.39,0.53,0.53,0.53,0.52,0.43,0.47,0.51,0.61,1.63,1.63,
408,Chhattisgarh,Kondagaon,,,,,,,,,,,,0.89,0.93,0.74,0.74,1.46,1.47,1.4,1.47,1.63,1.48,1.5,1.48
409,Himachal Pradesh,Sirmaur,,0.68,0.25,,,0.72,0.53,0.52,0.53,0.56,,0.53,0.53,0.53,0.53,0.53,0.55,0.7,0.7,0.81,1.63,1.62,
410,Himachal Pradesh,Bilaspur,,0.5,0.68,,,0.73,0.73,,0.65,0.56,,0.72,0.72,0.72,0.72,0.71,0.76,0.84,0.84,0.82,1.62,1.63,
411,Chhattisgarh,Sarangarh bilaigarh,,,,,,,,,,,,,,,,,,,,,,,1.63
412,Himachal Pradesh,Shimla,,0.75,0.25,,,0.75,0.54,0.5,1,0.63,,0.72,0.53,0.53,0.53,0.57,1,1,1,1,1.59,1.6,
413,Assam,Hailakandi,0.51,0.51,0.51,0.5,0.51,0.51,0.51,0.5,0.5,0.5,0.5,0.61,0.71,0.71,0.71,0.72,0.75,0.76,1.14,1.03,1.32,1.33,1.59
414,West Bengal,Darjeeling,0.83,0.79,0.79,0.81,1.06,1.06,1.06,1.53,1.58,,,,,,,,,,,,,,
415,Assam,Golaghat,0.3,0.3,0.3,0.3,0.3,0.3,0.3,0.3,0.3,0.3,0.3,1,1.53,1.53,1.54,1.55,1.55,1.57,0.64,0.69,0.69,0.69,0.75
416,West Bengal,Birbhum,1.01,1.01,1.51,1.55,1.45,1.56,0.67,1.03,1.35,,,,,,,,,,,,,,
417,Assam,Goalpara,0.51,0.51,0.51,0.51,0.51,0.51,0.5,0.51,0.91,0.64,0.69,0.93,0.94,0.94,0.95,0.95,0.96,0.97,1.3,1.08,1.37,1.37,1.52
418,Assam,Nalbari,0.93,0.93,0.92,0.93,0.92,0.92,0.93,0.93,0.93,0.92,0.93,0.96,0.97,0.97,0.97,0.98,0.99,1.14,1.29,1.38,1.38,1.38,1.51
419,Assam,Baksa,,,,,,0.92,0.93,0.24,0.93,0.93,0.93,1.24,1.26,1.26,1.26,1.27,1.27,1.29,1.39,1.45,1.45,1.45,1.5
420,Chhattisgarh,Balod,,,,,,,,,,,,,1,1,1,,,,,1,1.5,1.5,1.5
421,Assam,Barpeta,0.8,0.8,0.8,0.8,0.8,0.8,0.8,0.8,0.8,0.8,0.8,0.83,0.87,0.88,0.88,0.88,0.89,1.34,1.4,1.43,1.44,1.39,1.48
422,Assam,Dibrugarh,0.57,0.57,0.57,0.57,0.57,0.57,0.57,0.56,0.57,0.57,0.57,0.68,0.7,0.69,0.81,0.82,0.83,0.84,1.06,1.17,1.16,1.17,1.46
423,Bihar,Purbi champaran,1.11,1.02,,1,0.99,0.97,,1.09,1.23,,,,,,,,1.39,,,,,,
424,Assam,Bongaigaon,0.59,0.59,0.59,0.58,0.58,0.59,0.58,0.59,0.59,0.59,0.59,0.69,0.8,0.8,0.81,0.82,0.83,0.86,1.1,1.22,1.23,1.23,1.38
425,West Bengal,Medinipur west,0.8,0.84,1.34,1.33,1.24,1.17,1.21,1.21,1.31,,,,,,,,,,,,,,
426,Bihar,Bhojpur,,,,,,1,,,1.33,,,,,,,,0.95,1,,,,,
427,Bihar,Gaya,1,1.33,1,1,1,0.9,,1,1.18,,,,,,,,,,,,,,
428,Chhattisgarh,Bijapur,,,,,,,,0.82,,0.83,0.82,0.5,0.57,0.56,0.87,0.71,0.67,0.64,0.4,1.13,1,1.17,1.33
429,Bihar,Aurangabad,,1.33,,,,1,,1,1,,,,,,,,,,,,,,
430,West Bengal,Purulia,0.37,0.48,0.41,0.51,0.61,0.81,0.89,0.62,1.31,,,,,,,,,,,,,,
431,Chhattisgarh,Balrampur,,,,,,,,,,,,0.98,0.95,0.71,0.78,0.78,0.89,0.9,0.87,0.8,1.29,1.29,0.8
432,Chhattisgarh,Surajpur,,,,,,,,,,,,0.98,0.9,0.75,0.9,0.79,0.98,0.65,0.98,0.9,1.16,1.16,1.27
433,Assam,Chirang,,,,,,0.58,0.59,0.59,0.59,0.59,0.59,0.66,0.67,0.68,0.68,0.69,0.7,0.73,0.89,0.98,0.98,1.19,1.27
434,Assam,Jorhat,0.63,0.63,0.63,0.63,0.63,0.63,0.63,0.63,0.63,0.63,0.63,0.29,0.47,0.47,0.57,0.57,0.59,0.7,0.92,1.03,1.03,1.03,1.27
435,Assam,Kamrup,0.87,0.87,0.86,0.87,0.86,0.87,0.86,0.86,0.87,0.87,0.87,0.97,0.99,0.99,1.14,1.14,1.15,1.16,1.15,1.2,1.2,1.2,1.27
436,Chhattisgarh,Surguja,1.26,0.9,0.9,0.95,0.92,0.97,0.96,0.95,0.91,0.9,0.9,0.98,0.95,0.97,0.96,0.87,0.83,0.81,1.05,0.43,0.92,0.92,0.98
437,Bihar,Pashchim champaran,1.25,1.09,0.99,0.99,,0.97,,1.08,1.22,,,,,,,,1.15,1.15,1.14,1.14,1.14,1.14,1.14
438,Chhattisgarh,Korba,1,1,,0.8,0.88,0.8,0.89,1,0.83,,0.8,1,1,1,1,1,1,1,1.25,1,1,1,
439,Assam,Karimganj,0.46,0.46,0.46,0.46,0.46,0.64,0.52,0.54,0.57,0.54,0.55,0.59,0.63,0.63,0.63,0.64,0.65,0.67,0.91,1.03,1.03,1.03,1.25
440,Assam,Dhemaji,0.65,0.65,0.65,0.65,0.66,0.66,0.66,0.64,0.66,0.66,0.66,0.68,0.78,0.78,0.79,0.8,0.81,0.83,1,1.1,1.1,1.1,1.25
441,Bihar,Muzaffarpur,0.86,0.93,0.99,0.99,0.99,0.97,,1.1,1.22,,,,,,,,1.21,1.17,1.17,1.18,1.17,1.16,1.18
442,Chhattisgarh,Rajnandgaon,1,0.67,1,1,0.75,1,1,0.83,0.71,0.89,0.9,0.88,0.82,1,1,1,,1.17,1,1.15,1.17,1.21,1
443,Assam,Dhubri,0.75,0.75,0.75,0.75,0.75,0.75,0.75,0.75,0.75,0.75,0.75,0.77,0.79,0.79,0.79,0.8,0.81,0.82,0.99,1.08,1.08,1.08,1.21
444,Bihar,Arwal,,,,1,,0.91,,,,,,,,,,,1.2,1.2,1,,,,
445,Chhattisgarh,Narayanpur,,,,,,,,1,1,1,1,1,0.5,0.5,0.67,0.67,0.75,0.67,1.2,1,,1.12,0.75
446,Assam,South salmara mancachar,,,,,,,,,,,,,,,,,,,,,1.09,1.09,1.2
447,Chhattisgarh,Kanker,1,0.77,0.85,1.09,0.78,0.92,0.9,1,0.82,0.82,0.85,0.9,0.6,0.5,0.58,0.66,0.85,0.65,0.61,0.5,0.5,0.5,1.2
448,Chhattisgarh,Bilaspur,1,1,1,0.5,1,1,1,1,,,1,,,,,,,,1,1,1.2,1.2,1
449,Bihar,Rohtas,1,1,1,1,1,,,,,,,,,,,,1.2,1,1,1,,,
450,Assam,Tinsukia,0.54,0.54,0.54,0.55,0.55,0.55,0.55,0.55,0.55,0.55,0.55,0.67,0.68,0.68,0.68,0.7,0.71,0.73,0.94,1.05,1.05,1.05,1.19
451,Bihar,Vaishali,1.11,1.02,0.99,1,0.98,0.98,,0.92,1,,,,,,,,1.19,,,,,,
452,Bihar,Siwan,1,,,,1,1,,1,1,,,,,,,,1.13,1.19,1.13,1.13,1.13,1.13,1.13
453,Assam,Kokrajhar,0.78,0.78,0.78,0.78,0.78,0.78,0.78,0.78,0.79,0.79,0.79,0.8,0.9,0.9,0.89,0.9,0.91,0.93,1.04,1.1,1.1,1.1,1.18
454,Bihar,Bhagalpur,0.98,1.04,0.98,0.98,0.97,0.98,,1,1.17,,,,,,,,1.07,1.07,1.07,0.89,1.07,1.08,1.08
455,Chhattisgarh,Sakti,,,,,,,,,,,,,,,,,,,,,,,1.17
456,Bihar,Gopalganj,,1,,,,,,,,,,,,,,,,,,,,,1.17
457,Bihar,Supaul,0.97,1.04,0.99,1,0.98,0.97,,1,1.16,,,,,,,,0.37,0.85,0.77,0.66,0.76,0.73,1.02
458,Assam,Udalguri,,,,,,0.61,0.61,0.61,0.61,0.61,0.61,0.66,0.68,0.67,0.79,0.79,0.8,0.9,1.01,1.08,1.08,1.08,1.16
459,Bihar,Madhepura,,1,1,1,1,0.98,,1,1.16,,,,,,,,1.05,1.06,1.05,1.06,1.06,1.06,1.05
460,Bihar,Khagaria,0.95,0.58,1,1,1,0.96,,0.96,1.15,,,,,,,,0.95,1,1,1,1,1,1
461,Bihar,Sheohar,1.13,1,1,1,1,,,,,,,,,,,,0.83,1.04,0.98,0.96,1,0.95,0.95
462,Bihar,Sitamarhi,1.11,1.02,0.98,0.98,0.98,,,,,,,,,,,,,,,,,,
463,Chhattisgarh,Dantewada,0.67,0.76,0.54,0.69,0.56,0.53,0.87,0.85,0.67,,0.8,0.79,0.59,0.55,0.88,0.73,0.79,0.63,1.1,1.11,0.83,0.81,1.1
464,Jammu and Kashmir,Reasi,,,,,,,,,,,1.08,1.08,1.1,,1.1,1,,,,,,,
465,Jammu and Kashmir,Poonch,,,,,,,,,,,,,1.1,,,,,,,,,,
466,Assam,Majuli,,,,,,,,,,,,,,,,,,,,,1.03,1.03,1.09
467,Bihar,Madhubani,0.92,0.94,1,1,1,1,,1,1.08,,,,,,,,0.58,0.9,0.84,0.78,0.83,0.83,0.82
468,Bihar,Samastipur,0.93,0.96,0.99,0.99,0.99,0.97,,1,1.08,,,,,,,,0.96,1.03,1.02,1.01,1.02,1.02,1.01
469,Jammu and Kashmir,Udhampur,1,,,,,1.01,1.02,1.02,,1.08,1.03,1.03,1.03,,1.02,,1,1,1,1,1,,
470,Bihar,Begusarai,0.97,0.58,0.99,0.99,0.99,0.97,,0.98,,,,,,,,,0.84,0.92,0.91,1.07,0.9,0.89,0.89
471,Assam,Nagaon,0.64,0.64,0.64,0.64,0.64,0.64,0.64,0.64,0.65,0.64,0.64,0.86,0.87,0.87,0.87,0.88,0.88,0.96,1.01,1.03,1.03,1.03,1.06
472,Assam,Darrang,0.61,0.61,0.61,0.61,0.61,0.6,0.6,0.6,0.61,0.6,0.6,0.64,0.66,0.65,0.67,0.67,0.68,0.77,0.89,0.95,0.95,0.95,1.05
473,Assam,Biswanath,,,,,,,,,,,,,,,,,,,,,0.9,0.9,1.05
474,Assam,Charaideo,,,,,,,,,,,,,,,,,,,,,1.03,1.03,1.04
475,Jammu and Kashmir,Kathua,1,,,,,1,,,,1.03,1,1,1,,1,1,1,1,1.01,1,1,,
476,Jammu and Kashmir,Jammu,,,,,,,,1.01,,,0.93,0.93,0.93,0.93,,,1,1,1,,,,
477,Bihar,Nalanda,,,1,1,1,1,,,1,,,,,,,,1,,,,,,
478,Chhattisgarh,Janjgir-champa,1,1,1,1,0.83,0.86,0.8,1,0.86,,0.86,1,0.88,0.96,0.96,1,1,1,1,1,1,0.83,
479,Rajasthan,Alwar,,,,,,,,,,,,,,,,,,,,,1,1,
480,Bihar,Darbhanga,,0.67,1,,1,,,1,,,,,,,,,,,1,1,1,,
481,Chhattisgarh,Mungeli,,,,,,,,,,,,,,,,,,1,,1,1,1,
482,Chhattisgarh,Sukma,,,,,,,,,,,,0.8,0.58,0.58,0.85,0.73,0.67,0.67,0.78,1,1,0.5,0.8
483,Rajasthan,Jhalawar,,,,,,,,,,,,,1,,,,,,,,,1,
484,Bihar,Banka,1,1,,,,,,,,,,,,,,,,,,,,,
485,Madhya Pradesh,Mandsaur,,,0.29,,,,,1,1,,,1,0.75,,,,,,,,,,
486,Chhattisgarh,Kabirdham,,,,1,1,,1,1,,,,,,,1,,,,,,,,
487,Bihar,Saharsa,,,1,1,1,1,,1,,,,,,,,,,,,,,,
488,Bihar,Jehanabad,,1,,1,,1,,,1,,,,,,,,,,,,,,
489,Rajasthan,Dholpur,,,,,,,,,,,,,1,,,,,,,,,,
490,Jammu and Kashmir,Rajauri,1,,,,,,,,,,,,,,,,,,,,,,
491,Rajasthan,Nagaur,,,,,,,,,,,,,,,,,,,,,,1,
492,Madhya Pradesh,Rajgarh,,,,1,1,,,,,,,,,,,,,,,,,,
493,Bihar,Lakhisarai,,,,,,,,,,,,,,,,,1,,,,,,
494,Chhattisgarh,Khairgarh chhuikhadan gandai,,,,,,,,,,,,,,,,,,,,,,,1
495,Chhattisgarh,Gaurella-pendra-marwahi,,,,,,,,,,,,,,,,,,,,,1,,
496,Bihar,Nawada,,,,,1,1,,,,,,,,,,,,,,,,,
497,Chhattisgarh,Mohla manpur ambagarh chouki,,,,,,,,,,,,,,,,,,,,,,,1
498,Assam,Lakhimpur,0.65,0.65,0.65,0.65,0.65,0.65,0.65,0.65,0.65,0.65,0.65,0.69,0.76,0.76,0.77,0.77,0.78,0.78,0.86,0.9,0.9,0.95,0.96
499,Chhattisgarh,Raigarh,0.7,0.8,0.75,0.78,0.76,0.79,0.79,0.79,0.81,0.72,0.72,0.75,0.75,0.78,0.82,0.82,0.78,0.15,0.78,0.75,0.76,0.76,0.95
500,Chhattisgarh,Bastar,0.85,0.85,0.86,0.86,0.86,0.86,0.86,0.86,0.87,0.86,0.8,0.89,0.95,0.94,0.57,0.79,0.88,0.67,0.78,0.77,0.69,0.69,0.7
501,Bihar,Patna,,,,,,,,,,,,,,,,,0.71,0.67,,,,,
502,Himachal Pradesh,Kullu,,,,,,,,,0.38,0.53,,,,,,0.53,0.5,0.5,0.47,0.58,,,
503,Chhattisgarh,Manendragarh chirimiri bharatpur,,,,,,,,,,,,,,,,,,,,,,,0.5
504,Haryana,Sirsa,,,,,,,,,,,,,0.5,,,,,,,,,,
