state,district,year,cashewnut_whole_year_area_hectare,cashewnut_whole_year_production_tonne,cashewnut_whole_year_yield_tonne_per_hectare,cashewnut_rabi_area_hectare,cashewnut_rabi_production_tonne,cashewnut_rabi_yield_tonne_per_hectare,cashewnut_kharif_area_hectare,cashewnut_kharif_production_tonne,cashewnut_kharif_yield_tonne_per_hectare
Andaman and Nicobar Islands,Nicobars,2000 - 2001,720.0,165.0,0.23,,,,,,
,,2001 - 2002,719.0,192.0,0.27,,,,,,
,,2002 - 2003,719.0,208.0,0.29,,,,,,
,,2003 - 2004,717.0,208.5,0.29,,,,,,
,,2004 - 2005,683.5,197.9,0.29,,,,,,
,,2005 - 2006,450.0,55.8,0.12,,,,,,
,,2006 - 2007,450.0,85.13,0.19,,,,,,
,,2010 - 2011,,,,,260.5,0.26,,,
,,2011 - 2012,,,,,282.3,0.28,,,
,,2012 - 2013,,,,,302.4,0.29,,,
,,2013 - 2014,,,,,302.3,0.29,,,
,,2014 - 2015,,,,,303.0,0.29,,,
,,2015 - 2016,,,,956.9,251.6,0.26,,,
,,2016 - 2017,,,,356.5,18.15,0.05,,,
,,2017 - 2018,,,,19.0,21.0,1.11,,,
,,2018 - 2019,,,,19.0,15.0,0.79,,,
,,2019 - 2020,,,,19.0,15.0,0.79,,,
,,2020 - 2021,,,,19.0,18.0,0.95,,,
,,2021 - 2022,,,,15.0,8.0,0.53,,,
,,2022 - 2023,,,,13.0,6.0,0.46,,,
,North and middle andaman,2000 - 2001,80.0,54.0,0.68,,,,,,
,,2001 - 2002,81.0,33.0,0.41,,,,,,
,,2006 - 2007,40.5,44.0,1.09,,,,,,
,,2010 - 2011,,,,84.5,39.0,0.46,,,
,,2011 - 2012,,,,153.5,53.5,0.35,,,
,,2012 - 2013,,,,122.1,54.1,0.44,,,
,,2013 - 2014,,,,131.2,54.8,0.42,,,
,,2014 - 2015,,,,81.2,7.2,0.09,,,
,,2015 - 2016,,,,81.2,9.0,0.11,,,
,,2016 - 2017,,,,73.5,0.78,0.01,,,
,,2017 - 2018,,,,0.8,0.44,0.55,,,
,,2018 - 2019,,,,4.16,6.58,1.58,,,
,,2019 - 2020,,,,12.16,4.82,0.4,,,
,,2020 - 2021,,,,12.19,5.45,0.45,,,
,,2021 - 2022,,,,12.2,5.32,0.44,,,
,,2022 - 2023,,,,12.03,4.65,0.39,,,
,South andamans,2002 - 2003,81.0,24.0,0.3,,,,,,
,,2003 - 2004,116.5,26.14,0.22,,,,,,
,,2004 - 2005,116.5,25.1,0.22,,,,,,
,,2005 - 2006,118.5,30.22,0.26,,,,,,
,,2006 - 2007,79.5,26.0,0.33,,,,,,
,,2010 - 2011,,,,15.0,10.5,0.7,,,
,,2011 - 2012,,,,20.0,15.3,0.77,,,
,,2012 - 2013,,,,35.4,21.2,0.6,,,
,,2013 - 2014,,,,29.5,21.8,0.74,,,
,,2014 - 2015,,,,14.9,22.8,1.53,,,
,,2015 - 2016,,,,14.9,20.4,1.37,,,
,,2016 - 2017,,,,19.0,24.0,1.26,,,
,,2017 - 2018,,,,18.9,22.23,1.18,,,
,,2018 - 2019,,,,18.9,22.23,1.18,,,
,,2019 - 2020,,,,18.9,22.25,1.18,,,
,,2020 - 2021,,,,5.9,4.58,0.78,,,
,,2021 - 2022,,,,5.5,4.53,0.82,,,
,,2022 - 2023,,,,5.9,4.9,0.83,,,
Andhra Pradesh,Anantapur,2013 - 2014,,,,,,,9.0,3.0,0.33
,,2014 - 2015,,,,,,,19.0,7.0,0.37
,,2015 - 2016,,,,,,,19.0,7.0,0.37
,,2016 - 2017,,,,,,,19.0,8.0,0.42
,,2017 - 2018,,,,,,,41.0,,0.0
,,2018 - 2019,,,,,,,47.0,,0.0
,,2019 - 2020,,,,,,,30.0,30.0,1.0
,Chittoor,2000 - 2001,126.0,27.0,0.21,,,,,,
,,2001 - 2002,126.0,34.0,0.27,,,,,,
,,2002 - 2003,121.0,15.0,0.12,,,,,,
,,2003 - 2004,124.0,33.0,0.27,,,,,,
,,2004 - 2005,119.0,25.0,0.21,,,,,,
,,2005 - 2006,119.0,32.0,0.27,,,,,,
,,2006 - 2007,117.0,31.0,0.26,,,,,,
,,2008 - 2009,90.0,26.0,0.29,,,,,,
,,2009 - 2010,98.0,29.0,0.3,,,,,,
,,2010 - 2011,100.0,24.0,0.24,,,,,,
,,2011 - 2012,76.0,19.0,0.25,,,,,,
,,2012 - 2013,,,,,,,75.0,20.0,0.27
,,2013 - 2014,,,,,,,75.0,24.0,0.32
,,2014 - 2015,,,,,,,86.0,30.0,0.35
,,2015 - 2016,,,,,,,86.0,32.0,0.37
,,2016 - 2017,,,,,,,86.0,37.0,0.43
,,2017 - 2018,,,,,,,80.0,123.0,1.54
,,2018 - 2019,,,,,,,68.0,140.0,2.06
,,2019 - 2020,,,,,,,95.0,95.0,1.0
,East godavari,2000 - 2001,,,0.14,,,,,,
,,2001 - 2002,,,0.15,,,,,,
,,2002 - 2003,,975.0,0.03,,,,,,
,,2003 - 2004,,,0.1,,,,,,
,,2004 - 2005,,,0.09,,,,,,
,,2005 - 2006,,,0.16,,,,,,
,,2006 - 2007,,,0.24,,,,,,
,,2008 - 2009,,,0.21,,,,,,
,,2009 - 2010,,,0.29,,,,,,
,,2010 - 2011,,,0.18,,,,,,
,,2011 - 2012,,,0.19,,,,,,
,,2012 - 2013,,,,,,,,,0.21
,,2013 - 2014,,,,,,,,,0.26
,,2014 - 2015,,,,,,,,,0.51
,,2015 - 2016,,,,,,,,,0.34
,,2016 - 2017,,,,,,,,,0.46
,,2017 - 2018,,,,,,,,,0.69
,,2018 - 2019,,,,,,,,,0.91
,,2019 - 2020,,,,,,,,,1.0
,Guntur,2000 - 2001,97.0,21.0,0.22,,,,,,
,,2001 - 2002,150.0,41.0,0.27,,,,,,
,,2002 - 2003,150.0,19.0,0.13,,,,,,
,,2003 - 2004,150.0,40.0,0.27,,,,,,
,,2004 - 2005,159.0,34.0,0.21,,,,,,
,,2005 - 2006,159.0,42.0,0.26,,,,,,
,,2006 - 2007,159.0,42.0,0.26,,,,,,
,,2008 - 2009,156.0,45.0,0.29,,,,,,
,,2009 - 2010,166.0,49.0,0.3,,,,,,
,,2010 - 2011,162.0,39.0,0.24,,,,,,
,,2011 - 2012,162.0,42.0,0.26,,,,,,
,,2012 - 2013,,,,,,,154.0,42.0,0.27
,,2013 - 2014,,,,,,,154.0,49.0,0.32
,,2014 - 2015,,,,,,,152.0,53.0,0.35
,,2015 - 2016,,,,,,,152.0,57.0,0.38
,,2016 - 2017,,,,,,,116.0,50.0,0.43
,,2017 - 2018,,,,,,,121.0,32.0,0.26
,,2018 - 2019,,,,,,,115.0,97.0,0.84
,Kadapa,2000 - 2001,7.0,2.0,0.29,,,,,,
,,2001 - 2002,7.0,2.0,0.29,,,,,,
,,2002 - 2003,7.0,1.0,0.14,,,,,,
,,2003 - 2004,7.0,2.0,0.29,,,,,,
,,2004 - 2005,7.0,2.0,0.29,,,,,,
,,2005 - 2006,7.0,2.0,0.29,,,,,,
,,2006 - 2007,6.0,2.0,0.33,,,,,,
,,2008 - 2009,6.0,2.0,0.33,,,,,,
,,2009 - 2010,6.0,2.0,0.33,,,,,,
,,2010 - 2011,6.0,1.0,0.17,,,,,,
,,2011 - 2012,6.0,2.0,0.33,,,,,,
,,2012 - 2013,,,,,,,7.0,2.0,0.29
,,2013 - 2014,,,,,,,6.0,2.0,0.33
,,2014 - 2015,,,,,,,6.0,2.0,0.33
,,2015 - 2016,,,,,,,8.0,3.0,0.38
,,2016 - 2017,,,,,,,6.0,3.0,0.5
,,2017 - 2018,,,,,,,7.0,,0.0
,,2018 - 2019,,,,,,,7.0,,0.0
,Krishna,2000 - 2001,824.0,180.0,0.22,,,,,,
,,2001 - 2002,803.0,220.0,0.27,,,,,,
,,2002 - 2003,478.0,59.0,0.12,,,,,,
,,2003 - 2004,355.0,95.0,0.27,,,,,,
,,2004 - 2005,337.0,72.0,0.21,,,,,,
,,2005 - 2006,307.0,82.0,0.27,,,,,,
,,2006 - 2007,307.0,81.0,0.26,,,,,,
,,2008 - 2009,282.0,82.0,0.29,,,,,,
,,2009 - 2010,259.0,77.0,0.3,,,,,,
,,2010 - 2011,170.0,41.0,0.24,,,,,,
,,2011 - 2012,180.0,46.0,0.26,,,,,,
,,2012 - 2013,,,,,,,127.0,34.0,0.27
,,2013 - 2014,,,,,,,122.0,38.0,0.31
,,2014 - 2015,,,,,,,115.0,40.0,0.35
,,2015 - 2016,,,,,,,115.0,43.0,0.37
,,2016 - 2017,,,,,,,115.0,50.0,0.43
,,2017 - 2018,,,,,,,77.0,142.0,1.84
,,2018 - 2019,,,,,,,85.0,94.0,1.11
,,2019 - 2020,,,,,,,81.0,81.0,1.0
,Prakasam,2000 - 2001,761.0,166.0,0.22,,,,,,
,,2001 - 2002,702.0,193.0,0.27,,,,,,
,,2002 - 2003,687.0,85.0,0.12,,,,,,
,,2003 - 2004,698.0,187.0,0.27,,,,,,
,,2004 - 2005,689.0,147.0,0.21,,,,,,
,,2005 - 2006,648.0,173.0,0.27,,,,,,
,,2006 - 2007,672.0,177.0,0.26,,,,,,
,,2008 - 2009,,339.0,0.32,,,,,,
,,2009 - 2010,,316.0,0.3,,,,,,
,,2010 - 2011,,253.0,0.24,,,,,,
,,2011 - 2012,,277.0,0.26,,,,,,
,,2012 - 2013,,,,,,,,283.0,0.27
,,2013 - 2014,,,,,,,,324.0,0.31
,,2014 - 2015,,,,,,,958.0,335.0,0.35
,,2015 - 2016,,,,,,,922.0,343.0,0.37
,,2016 - 2017,,,,,,,919.0,397.0,0.43
,,2017 - 2018,,,,,,,195.0,,7.36
,,2018 - 2019,,,,,,,139.0,766.0,5.51
,,2019 - 2020,,,,,,,957.0,957.0,1.0
,Spsr nellore,2000 - 2001,743.0,162.0,0.22,,,,,,
,,2001 - 2002,665.0,183.0,0.28,,,,,,
,,2002 - 2003,778.0,97.0,0.12,,,,,,
,,2003 - 2004,806.0,216.0,0.27,,,,,,
,,2004 - 2005,733.0,157.0,0.21,,,,,,
,,2005 - 2006,662.0,176.0,0.27,,,,,,
,,2006 - 2007,674.0,178.0,0.26,,,,,,
,,2008 - 2009,479.0,140.0,0.29,,,,,,
,,2009 - 2010,480.0,143.0,0.3,,,,,,
,,2010 - 2011,491.0,118.0,0.24,,,,,,
,,2011 - 2012,453.0,116.0,0.26,,,,,,
,,2012 - 2013,,,,,,,390.0,106.0,0.27
,,2013 - 2014,,,,,,,393.0,124.0,0.32
,,2014 - 2015,,,,,,,211.0,74.0,0.35
,,2015 - 2016,,,,,,,169.0,63.0,0.37
,,2016 - 2017,,,,,,,169.0,73.0,0.43
,,2017 - 2018,,,,,,,154.0,970.0,6.3
,,2018 - 2019,,,,,,,156.0,78.0,0.5
,,2019 - 2020,,,,,,,20.0,20.0,1.0
,Srikakulam,2000 - 2001,,,0.34,,,,,,
,,2001 - 2002,,,0.42,,,,,,
,,2002 - 2003,,,0.44,,,,,,
,,2003 - 2004,,,0.38,,,,,,
,,2004 - 2005,,,0.45,,,,,,
,,2005 - 2006,,,0.4,,,,,,
,,2006 - 2007,,,0.35,,,,,,
,,2008 - 2009,,,0.26,,,,,,
,,2009 - 2010,,,0.4,,,,,,
,,2010 - 2011,,,0.36,,,,,,
,,2011 - 2012,,,0.36,,,,,,
,,2012 - 2013,,,,,,,,,0.37
,,2013 - 2014,,,,,,,,,0.38
,,2014 - 2015,,,,,,,,,0.39
,,2015 - 2016,,,,,,,,,0.33
,,2016 - 2017,,,,,,,,,0.36
,,2017 - 2018,,,,,,,,,1.19
,,2018 - 2019,,,,,,,,,0.87
,,2019 - 2020,,,,,,,,,1.0
,Visakhapatanam,2000 - 2001,,,0.25,,,,,,
,,2001 - 2002,,,0.49,,,,,,
,,2002 - 2003,,,0.12,,,,,,
,,2003 - 2004,,,0.55,,,,,,
,,2004 - 2005,,,0.19,,,,,,
,,2005 - 2006,,,0.23,,,,,,
,,2006 - 2007,,,0.33,,,,,,
,,2008 - 2009,,,0.24,,,,,,
,,2009 - 2010,,,0.27,,,,,,
,,2010 - 2011,,,0.21,,,,,,
,,2011 - 2012,,,0.11,,,,,,
,,2012 - 2013,,,,,,,,,0.23
,,2013 - 2014,,,,,,,,,0.3
,,2014 - 2015,,,,,,,,,0.19
,,2015 - 2016,,,,,,,,,0.3
,,2016 - 2017,,,,,,,,,0.41
,,2017 - 2018,,,,,,,,,0.69
,,2018 - 2019,,,,,,,,,0.83
,,2019 - 2020,,,,,,,,,1.0
,Vizianagaram,2000 - 2001,,,0.22,,,,,,
,,2001 - 2002,,,0.27,,,,,,
,,2002 - 2003,,,0.12,,,,,,
,,2003 - 2004,,,0.27,,,,,,
,,2004 - 2005,,,0.21,,,,,,
,,2005 - 2006,,,0.27,,,,,,
,,2006 - 2007,,,0.26,,,,,,
,,2008 - 2009,,,0.29,,,,,,
,,2009 - 2010,,,0.3,,,,,,
,,2010 - 2011,,,0.24,,,,,,
,,2011 - 2012,,,0.25,,,,,,
,,2012 - 2013,,,,,,,,,0.28
,,2013 - 2014,,,,,,,,,0.33
,,2014 - 2015,,,,,,,,,0.25
,,2015 - 2016,,,,,,,,,0.21
,,2016 - 2017,,,,,,,,,0.27
,,2017 - 2018,,,,,,,,,0.59
,,2018 - 2019,,,,,,,,,0.72
,,2019 - 2020,,,,,,,,,1.0
,West godavari,2000 - 2001,,,0.21,,,,,,
,,2001 - 2002,,,0.16,,,,,,
,,2002 - 2003,,,0.06,,,,,,
,,2003 - 2004,,,0.15,,,,,,
,,2004 - 2005,,,0.22,,,,,,
,,2005 - 2006,,,0.32,,,,,,
,,2006 - 2007,,,0.18,,,,,,
,,2008 - 2009,,,0.43,,,,,,
,,2009 - 2010,,,0.25,,,,,,
,,2010 - 2011,,,0.24,,,,,,
,,2011 - 2012,,,0.48,,,,,,
,,2012 - 2013,,,,,,,,,0.33
,,2013 - 2014,,,,,,,,,0.36
,,2014 - 2015,,,,,,,,,0.36
,,2015 - 2016,,,,,,,,,0.76
,,2016 - 2017,,,,,,,,,0.78
,,2017 - 2018,,,,,,,,,0.51
,,2018 - 2019,,,,,,,,,1.14
,,2019 - 2020,,,,,,,,,1.0
Chhattisgarh,Bastar,2020 - 2021,,0.0,0.0,,,,,,
,,2021 - 2022,965.0,0.0,0.0,,,,,,
,Dantewada,2021 - 2022,3.0,0.0,0.0,,,,,,
,Kanker,2020 - 2021,10.0,0.0,0.0,,,,,,
,,2021 - 2022,6.0,0.0,0.0,,,,,,
,Raigarh,2020 - 2021,139.0,0.0,0.0,,,,,,
,,2021 - 2022,150.0,0.0,0.0,,,,,,
,Surguja,2020 - 2021,2.0,0.0,0.0,,,,,,
,,2021 - 2022,2.0,0.0,0.0,,,,,,
Goa,North goa,2004 - 2005,,,0.47,,,,,,
,,2005 - 2006,,,0.49,,,,,,
,,2006 - 2007,,,0.44,,,,,,
,,2007 - 2008,,,0.38,,,,,,
,,2013 - 2014,,,0.44,,,,,,
,,2014 - 2015,,,0.45,,,,,,
,,2015 - 2016,,,0.31,,,,,,
,,2016 - 2017,,,0.44,,,,,,
,,2017 - 2018,,,0.56,,,,,,
,,2018 - 2019,,,0.55,,,,,,
,,2019 - 2020,,,0.55,,,,,,
,,2020 - 2021,,,0.5,,,,,,
,,2021 - 2022,,,0.46,,,,,,
,,2022 - 2023,,,0.45,,,,,,
,South goa,2004 - 2005,,,0.46,,,,,,
,,2005 - 2006,,,0.49,,,,,,
,,2006 - 2007,,,0.44,,,,,,
,,2007 - 2008,,,0.44,,,,,,
,,2013 - 2014,,,0.41,,,,,,
,,2014 - 2015,,,0.44,,,,,,
,,2015 - 2016,,,0.3,,,,,,
,,2016 - 2017,,,0.42,,,,,,
,,2017 - 2018,,,0.37,,,,,,
,,2018 - 2019,,,0.37,,,,,,
,,2019 - 2020,,,0.42,,,,,,
,,2020 - 2021,,,0.45,,,,,,
,,2021 - 2022,,,0.46,,,,,,
,,2022 - 2023,,,0.45,,,,,,
Karnataka,Bagalkot,2008 - 2009,1.0,0.61,0.61,,,,,,
,,2009 - 2010,1.0,1.0,1.0,,,,,,
,,2010 - 2011,1.0,1.0,1.0,,,,,,
,,2011 - 2012,1.0,1.0,1.0,,,,,,
,,2012 - 2013,2.0,2.0,1.0,,,,,,
,,2013 - 2014,3.0,3.0,1.0,,,,,,
,,2018 - 2019,16.0,19.0,1.19,,,,,,
,,2019 - 2020,15.0,21.0,1.4,,,,,,
,,2020 - 2021,27.0,34.0,1.26,,,,,,
,,2021 - 2022,37.0,53.0,1.43,,,,,,
,,2022 - 2023,10.0,54.0,5.4,,,,,,
,Bangalore rural,2008 - 2009,44.0,27.05,0.61,,,,,,
,,2009 - 2010,159.0,121.0,0.76,,,,,,
,,2010 - 2011,159.0,117.0,0.74,,,,,,
,,2011 - 2012,16.0,13.0,0.81,,,,,,
,,2012 - 2013,21.0,17.0,0.81,,,,,,
,,2013 - 2014,23.0,21.0,0.91,,,,,,
,,2014 - 2015,24.0,18.0,0.75,,,,,,
,,2015 - 2016,30.0,19.0,0.63,,,,,,
,,2016 - 2017,15.0,8.0,0.53,,,,,,
,,2017 - 2018,20.0,15.0,0.75,,,,,,
,,2018 - 2019,49.0,59.0,1.2,,,,,,
,,2019 - 2020,111.0,157.0,1.41,,,,,,
,,2020 - 2021,112.0,142.0,1.27,,,,,,
,,2021 - 2022,117.0,165.0,1.41,,,,,,
,,2022 - 2023,110.0,514.0,4.67,,,,,,
,Belgaum,2008 - 2009,634.0,389.78,0.61,,,,,,
,,2009 - 2010,773.0,586.0,0.76,,,,,,
,,2010 - 2011,896.0,657.0,0.73,,,,,,
,,2011 - 2012,796.0,638.0,0.8,,,,,,
,,2012 - 2013,,,0.8,,,,,,
,,2013 - 2014,,,0.89,,,,,,
,,2014 - 2015,,,1.84,,,,,,
,,2015 - 2016,,,2.03,,,,,,
,,2016 - 2017,,,3.02,,,,,,
,,2017 - 2018,,,2.96,,,,,,
,,2018 - 2019,,,1.46,,,,,,
,,2019 - 2020,,,1.24,,,,,,
,,2020 - 2021,,,1.91,,,,,,
,,2021 - 2022,,,1.74,,,,,,
,,2022 - 2023,,,8.0,,,,,,
,Bellary,2014 - 2015,115.0,85.0,0.74,,,,,,
,,2015 - 2016,11.0,7.0,0.64,,,,,,
,,2017 - 2018,12.0,9.0,0.75,,,,,,
,,2018 - 2019,7.0,8.0,1.14,,,,,,
,,2019 - 2020,58.0,82.0,1.41,,,,,,
,,2020 - 2021,30.0,38.0,1.27,,,,,,
,,2021 - 2022,19.0,26.0,1.37,,,,,,
,Bengaluru urban,2012 - 2013,3.0,2.0,0.67,,,,,,
,,2013 - 2014,3.0,3.0,1.0,,,,,,
,,2018 - 2019,4.0,5.0,1.25,,,,,,
,,2019 - 2020,4.0,6.0,1.5,,,,,,
,,2020 - 2021,7.0,9.0,1.29,,,,,,
,,2021 - 2022,13.0,18.0,1.38,,,,,,
,,2022 - 2023,3.0,59.0,19.67,,,,,,
,Bidar,2008 - 2009,39.0,23.98,0.61,,,,,,
,,2009 - 2010,36.0,27.0,0.75,,,,,,
,,2010 - 2011,66.0,48.0,0.73,,,,,,
,,2011 - 2012,79.0,63.0,0.8,,,,,,
,,2012 - 2013,61.0,49.0,0.8,,,,,,
,,2013 - 2014,62.0,55.0,0.89,,,,,,
,,2014 - 2015,97.0,72.0,0.74,,,,,,
,,2015 - 2016,21.0,14.0,0.67,,,,,,
,,2016 - 2017,16.0,9.0,0.56,,,,,,
,,2018 - 2019,142.0,171.0,1.2,,,,,,
,,2019 - 2020,59.0,84.0,1.42,,,,,,
,,2020 - 2021,36.0,46.0,1.28,,,,,,
,,2021 - 2022,47.0,67.0,1.43,,,,,,
,,2022 - 2023,32.0,259.0,8.09,,,,,,
,Bijapur,2020 - 2021,1.0,1.0,1.0,,,,,,
,Chamarajanagar,2008 - 2009,56.0,34.43,0.61,,,,,,
,,2009 - 2010,56.0,42.0,0.75,,,,,,
,,2010 - 2011,56.0,41.0,0.73,,,,,,
,,2011 - 2012,56.0,45.0,0.8,,,,,,
,,2012 - 2013,56.0,45.0,0.8,,,,,,
,,2013 - 2014,38.0,34.0,0.89,,,,,,
,,2014 - 2015,31.0,23.0,0.74,,,,,,
,,2015 - 2016,32.0,21.0,0.66,,,,,,
,,2016 - 2017,28.0,16.0,0.57,,,,,,
,,2017 - 2018,28.0,21.0,0.75,,,,,,
,,2018 - 2019,1.0,1.0,1.0,,,,,,
,,2019 - 2020,6.0,9.0,1.5,,,,,,
,,2020 - 2021,4.0,5.0,1.25,,,,,,
,,2021 - 2022,3.0,4.0,1.33,,,,,,
,,2022 - 2023,3.0,18.0,6.0,,,,,,
,Chikballapur,2008 - 2009,,718.56,0.37,,,,,,
,,2009 - 2010,,,1.13,,,,,,
,,2010 - 2011,,,0.54,,,,,,
,,2011 - 2012,,,1.19,,,,,,
,,2012 - 2013,,,1.19,,,,,,
,,2013 - 2014,,,0.89,,,,,,
,,2014 - 2015,,,1.25,,,,,,
,,2015 - 2016,,,1.29,,,,,,
,,2016 - 2017,,,1.16,,,,,,
,,2017 - 2018,,,1.34,,,,,,
,,2018 - 2019,,,1.04,,,,,,
,,2019 - 2020,,,1.19,,,,,,
,,2020 - 2021,,,1.51,,,,,,
,,2021 - 2022,,,1.57,,,,,,
,,2022 - 2023,,,7.36,,,,,,
,Chikmagalur,2008 - 2009,477.0,216.28,0.45,,,,,,
,,2009 - 2010,393.0,298.0,0.76,,,,,,
,,2010 - 2011,351.0,257.0,0.73,,,,,,
,,2011 - 2012,286.0,229.0,0.8,,,,,,
,,2012 - 2013,213.0,171.0,0.8,,,,,,
,,2013 - 2014,204.0,182.0,0.89,,,,,,
,,2014 - 2015,179.0,218.0,1.22,,,,,,
,,2015 - 2016,179.0,204.0,1.14,,,,,,
,,2016 - 2017,190.0,202.0,1.06,,,,,,
,,2017 - 2018,206.0,151.0,0.73,,,,,,
,,2018 - 2019,87.0,105.0,1.21,,,,,,
,,2019 - 2020,70.0,99.0,1.41,,,,,,
,,2020 - 2021,107.0,136.0,1.27,,,,,,
,,2021 - 2022,57.0,81.0,1.42,,,,,,
,,2022 - 2023,41.0,301.0,7.34,,,,,,
,Chitradurga,2008 - 2009,14.0,8.61,0.61,,,,,,
,,2009 - 2010,4.0,3.0,0.75,,,,,,
,,2010 - 2011,4.0,3.0,0.75,,,,,,
,,2011 - 2012,4.0,3.0,0.75,,,,,,
,,2012 - 2013,4.0,3.0,0.75,,,,,,
,,2013 - 2014,4.0,4.0,1.0,,,,,,
,,2014 - 2015,4.0,3.0,0.75,,,,,,
,,2017 - 2018,1.0,1.0,1.0,,,,,,
,,2018 - 2019,10.0,12.0,1.2,,,,,,
,,2019 - 2020,29.0,41.0,1.41,,,,,,
,,2020 - 2021,56.0,71.0,1.27,,,,,,
,,2021 - 2022,46.0,65.0,1.41,,,,,,
,,2022 - 2023,44.0,288.0,6.55,,,,,,
,Dakshin kannad,2008 - 2009,,,0.61,,,,,,
,,2009 - 2010,,,0.76,,,,,,
,,2010 - 2011,,,0.92,,,,,,
,,2011 - 2012,,,1.02,,,,,,
,,2012 - 2013,,,1.02,,,,,,
,,2013 - 2014,,,1.22,,,,,,
,,2014 - 2015,,,0.85,,,,,,
,,2015 - 2016,,,0.59,,,,,,
,,2016 - 2017,,,0.42,,,,,,
,,2017 - 2018,,,0.74,,,,,,
,,2018 - 2019,,,1.18,,,,,,
,,2019 - 2020,,,1.47,,,,,,
,,2020 - 2021,,,1.14,,,,,,
,,2021 - 2022,,,1.27,,,,,,
,,2022 - 2023,,,5.28,,,,,,
,Davangere,2008 - 2009,35.0,21.52,0.61,,,,,,
,,2009 - 2010,44.0,33.0,0.75,,,,,,
,,2010 - 2011,31.0,23.0,0.74,,,,,,
,,2011 - 2012,36.0,29.0,0.81,,,,,,
,,2012 - 2013,23.0,19.0,0.83,,,,,,
,,2013 - 2014,41.0,37.0,0.9,,,,,,
,,2014 - 2015,35.0,26.0,0.74,,,,,,
,,2015 - 2016,19.0,12.0,0.63,,,,,,
,,2016 - 2017,34.0,19.0,0.56,,,,,,
,,2017 - 2018,44.0,32.0,0.73,,,,,,
,,2018 - 2019,34.0,41.0,1.21,,,,,,
,,2019 - 2020,32.0,45.0,1.41,,,,,,
,,2020 - 2021,49.0,62.0,1.27,,,,,,
,,2021 - 2022,51.0,72.0,1.41,,,,,,
,,2022 - 2023,40.0,153.0,3.83,,,,,,
,Dharwad,2008 - 2009,85.0,52.26,0.61,,,,,,
,,2009 - 2010,94.0,71.0,0.76,,,,,,
,,2010 - 2011,94.0,69.0,0.73,,,,,,
,,2011 - 2012,100.0,80.0,0.8,,,,,,
,,2012 - 2013,55.0,44.0,0.8,,,,,,
,,2013 - 2014,49.0,44.0,0.9,,,,,,
,,2014 - 2015,67.0,50.0,0.75,,,,,,
,,2015 - 2016,47.0,30.0,0.64,,,,,,
,,2016 - 2017,27.0,15.0,0.56,,,,,,
,,2017 - 2018,36.0,26.0,0.72,,,,,,
,,2018 - 2019,66.0,80.0,1.21,,,,,,
,,2019 - 2020,72.0,102.0,1.42,,,,,,
,,2020 - 2021,89.0,113.0,1.27,,,,,,
,,2021 - 2022,96.0,136.0,1.42,,,,,,
,,2022 - 2023,85.0,471.0,5.54,,,,,,
,Gadag,2016 - 2017,2.0,1.0,0.5,,,,,,
,,2017 - 2018,83.0,61.0,0.73,,,,,,
,,2018 - 2019,76.0,92.0,1.21,,,,,,
,,2019 - 2020,122.0,173.0,1.42,,,,,,
,,2020 - 2021,133.0,169.0,1.27,,,,,,
,,2021 - 2022,153.0,217.0,1.42,,,,,,
,,2022 - 2023,110.0,659.0,5.99,,,,,,
,Gulbarga,2018 - 2019,1.0,1.0,1.0,,,,,,
,Hassan,2008 - 2009,6.0,3.69,0.61,,,,,,
,,2009 - 2010,6.0,5.0,0.83,,,,,,
,,2010 - 2011,6.0,4.0,0.67,,,,,,
,,2011 - 2012,4.0,3.0,0.75,,,,,,
,,2012 - 2013,24.0,19.0,0.79,,,,,,
,,2013 - 2014,19.0,17.0,0.89,,,,,,
,,2015 - 2016,10.0,6.0,0.6,,,,,,
,,2016 - 2017,8.0,5.0,0.63,,,,,,
,,2017 - 2018,37.0,27.0,0.73,,,,,,
,,2018 - 2019,21.0,25.0,1.19,,,,,,
,,2019 - 2020,22.0,31.0,1.41,,,,,,
,,2020 - 2021,31.0,39.0,1.26,,,,,,
,,2021 - 2022,43.0,61.0,1.42,,,,,,
,,2022 - 2023,23.0,136.0,5.91,,,,,,
,Haveri,2008 - 2009,44.0,27.05,0.61,,,,,,
,,2009 - 2010,49.0,37.0,0.76,,,,,,
,,2010 - 2011,55.0,40.0,0.73,,,,,,
,,2011 - 2012,61.0,49.0,0.8,,,,,,
,,2012 - 2013,50.0,40.0,0.8,,,,,,
,,2013 - 2014,54.0,48.0,0.89,,,,,,
,,2014 - 2015,38.0,28.0,0.74,,,,,,
,,2015 - 2016,64.0,41.0,0.64,,,,,,
,,2016 - 2017,63.0,36.0,0.57,,,,,,
,,2017 - 2018,100.0,73.0,0.73,,,,,,
,,2018 - 2019,113.0,136.0,1.2,,,,,,
,,2019 - 2020,154.0,218.0,1.42,,,,,,
,,2020 - 2021,161.0,204.0,1.27,,,,,,
,,2021 - 2022,252.0,426.0,1.69,,,,,,
,,2022 - 2023,203.0,,7.2,,,,,,
,Kodagu,2008 - 2009,,,0.65,,,,,,
,,2009 - 2010,,,0.6,,,,,,
,,2010 - 2011,,,1.13,,,,,,
,,2011 - 2012,,,1.08,,,,,,
,,2012 - 2013,,,1.08,,,,,,
,,2013 - 2014,,,1.12,,,,,,
,,2014 - 2015,,,1.16,,,,,,
,,2015 - 2016,,,1.68,,,,,,
,,2016 - 2017,,,1.12,,,,,,
,,2017 - 2018,,,1.26,,,,,,
,,2018 - 2019,305.0,410.0,1.34,,,,,,
,,2019 - 2020,251.0,436.0,1.74,,,,,,
,,2020 - 2021,283.0,359.0,1.27,,,,,,
,,2021 - 2022,264.0,446.0,1.69,,,,,,
,,2022 - 2023,321.0,,9.21,,,,,,
,Kolar,2008 - 2009,883.0,542.86,0.61,,,,,,
,,2009 - 2010,883.0,670.0,0.76,,,,,,
,,2010 - 2011,,569.0,0.36,,,,,,
,,2011 - 2012,,,1.42,,,,,,
,,2012 - 2013,,,1.42,,,,,,
,,2013 - 2014,,868.0,0.61,,,,,,
,,2014 - 2015,700.0,450.0,0.64,,,,,,
,,2015 - 2016,314.0,183.0,0.58,,,,,,
,,2016 - 2017,197.0,91.0,0.46,,,,,,
,,2017 - 2018,97.0,71.0,0.73,,,,,,
,,2018 - 2019,69.0,83.0,1.2,,,,,,
,,2019 - 2020,112.0,159.0,1.42,,,,,,
,,2020 - 2021,128.0,162.0,1.27,,,,,,
,,2021 - 2022,91.0,188.0,2.07,,,,,,
,,2022 - 2023,83.0,653.0,7.87,,,,,,
,Koppal,2018 - 2019,19.0,23.0,1.21,,,,,,
,,2019 - 2020,20.0,28.0,1.4,,,,,,
,,2020 - 2021,19.0,24.0,1.26,,,,,,
,,2021 - 2022,9.0,8.0,0.89,,,,,,
,,2022 - 2023,20.0,176.0,8.8,,,,,,
,Mandya,2008 - 2009,4.0,2.46,0.61,,,,,,
,,2009 - 2010,3.0,2.0,0.67,,,,,,
,,2010 - 2011,3.0,2.0,0.67,,,,,,
,,2011 - 2012,2.0,2.0,1.0,,,,,,
,,2012 - 2013,5.0,4.0,0.8,,,,,,
,,2014 - 2015,1.0,1.0,1.0,,,,,,
,,2015 - 2016,8.0,5.0,0.63,,,,,,
,,2018 - 2019,7.0,8.0,1.14,,,,,,
,,2019 - 2020,6.0,9.0,1.5,,,,,,
,,2020 - 2021,7.0,9.0,1.29,,,,,,
,,2021 - 2022,10.0,14.0,1.4,,,,,,
,,2022 - 2023,6.0,17.0,2.83,,,,,,
,Mysore,2008 - 2009,200.0,122.96,0.61,,,,,,
,,2009 - 2010,190.0,144.0,0.76,,,,,,
,,2010 - 2011,184.0,135.0,0.73,,,,,,
,,2011 - 2012,184.0,147.0,0.8,,,,,,
,,2012 - 2013,219.0,176.0,0.8,,,,,,
,,2013 - 2014,127.0,113.0,0.89,,,,,,
,,2014 - 2015,39.0,29.0,0.74,,,,,,
,,2015 - 2016,23.0,15.0,0.65,,,,,,
,,2016 - 2017,22.0,12.0,0.55,,,,,,
,,2017 - 2018,24.0,18.0,0.75,,,,,,
,,2018 - 2019,10.0,12.0,1.2,,,,,,
,,2019 - 2020,5.0,7.0,1.4,,,,,,
,,2020 - 2021,3.0,4.0,1.33,,,,,,
,,2022 - 2023,1.0,6.0,6.0,,,,,,
,Raichur,2020 - 2021,2.0,3.0,1.5,,,,,,
,,2021 - 2022,1.0,1.0,1.0,,,,,,
,,2022 - 2023,1.0,6.0,6.0,,,,,,
,Ramanagara,2008 - 2009,20.0,12.3,0.61,,,,,,
,,2009 - 2010,18.0,14.0,0.78,,,,,,
,,2010 - 2011,2.0,1.0,0.5,,,,,,
,,2011 - 2012,1.0,1.0,1.0,,,,,,
,,2012 - 2013,2.0,2.0,1.0,,,,,,
,,2013 - 2014,2.0,2.0,1.0,,,,,,
,,2014 - 2015,2.0,1.0,0.5,,,,,,
,,2018 - 2019,16.0,19.0,1.19,,,,,,
,,2019 - 2020,23.0,33.0,1.43,,,,,,
,,2020 - 2021,14.0,18.0,1.29,,,,,,
,,2021 - 2022,13.0,18.0,1.38,,,,,,
,,2022 - 2023,7.0,49.0,7.0,,,,,,
,Shimoga,2008 - 2009,,899.44,0.61,,,,,,
,,2009 - 2010,,833.0,0.57,,,,,,
,,2010 - 2011,,,0.73,,,,,,
,,2011 - 2012,,,0.8,,,,,,
,,2012 - 2013,,,0.8,,,,,,
,,2013 - 2014,,363.0,0.31,,,,,,
,,2014 - 2015,,285.0,0.25,,,,,,
,,2015 - 2016,,351.0,0.29,,,,,,
,,2016 - 2017,,171.0,0.15,,,,,,
,,2017 - 2018,,406.0,0.35,,,,,,
,,2018 - 2019,,,1.27,,,,,,
,,2019 - 2020,,,1.22,,,,,,
,,2020 - 2021,,,0.96,,,,,,
,,2021 - 2022,,,1.59,,,,,,
,,2022 - 2023,,,3.72,,,,,,
,Tumkur,2008 - 2009,130.0,79.92,0.61,,,,,,
,,2009 - 2010,159.0,121.0,0.76,,,,,,
,,2010 - 2011,164.0,120.0,0.73,,,,,,
,,2011 - 2012,150.0,120.0,0.8,,,,,,
,,2012 - 2013,145.0,117.0,0.81,,,,,,
,,2013 - 2014,48.0,43.0,0.9,,,,,,
,,2014 - 2015,78.0,58.0,0.74,,,,,,
,,2015 - 2016,45.0,29.0,0.64,,,,,,
,,2016 - 2017,104.0,59.0,0.57,,,,,,
,,2017 - 2018,86.0,63.0,0.73,,,,,,
,,2018 - 2019,111.0,134.0,1.21,,,,,,
,,2019 - 2020,93.0,132.0,1.42,,,,,,
,,2020 - 2021,115.0,146.0,1.27,,,,,,
,,2021 - 2022,124.0,176.0,1.42,,,,,,
,,2022 - 2023,139.0,818.0,5.88,,,,,,
,Udupi,2008 - 2009,,,0.61,,,,,,
,,2009 - 2010,,,0.76,,,,,,
,,2010 - 2011,,,0.47,,,,,,
,,2011 - 2012,,,0.36,,,,,,
,,2012 - 2013,,,0.36,,,,,,
,,2013 - 2014,,,0.36,,,,,,
,,2014 - 2015,,,0.32,,,,,,
,,2015 - 2016,,,0.32,,,,,,
,,2016 - 2017,,,0.35,,,,,,
,,2017 - 2018,,,0.3,,,,,,
,,2018 - 2019,,,1.11,,,,,,
,,2019 - 2020,,,1.47,,,,,,
,,2020 - 2021,,,1.15,,,,,,
,,2021 - 2022,,,1.41,,,,,,
,,2022 - 2023,,,6.76,,,,,,
,Uttar kannad,2008 - 2009,,,0.86,,,,,,
,,2009 - 2010,,,0.64,,,,,,
,,2010 - 2011,,,0.62,,,,,,
,,2011 - 2012,,,0.62,,,,,,
,,2012 - 2013,,,0.62,,,,,,
,,2013 - 2014,,,1.09,,,,,,
,,2014 - 2015,,,1.1,,,,,,
,,2015 - 2016,,,1.42,,,,,,
,,2016 - 2017,,,1.38,,,,,,
,,2017 - 2018,,,1.4,,,,,,
,,2018 - 2019,,,1.39,,,,,,
,,2019 - 2020,,,1.39,,,,,,
,,2020 - 2021,,,1.41,,,,,,
,,2021 - 2022,,,1.45,,,,,,
,,2022 - 2023,,,8.64,,,,,,
,Vijayanagar,2022 - 2023,5.0,47.0,9.4,,,,,,
,Yadgir,2018 - 2019,5.0,6.0,1.2,,,,,,
,,2019 - 2020,2.0,3.0,1.5,,,,,,
,,2020 - 2021,5.0,6.0,1.2,,,,,,
,,2021 - 2022,2.0,3.0,1.5,,,,,,
Kerala,Alappuzha,2000 - 2001,,,0.26,,,,,,
,,2001 - 2002,,,0.3,,,,,,
,,2002 - 2003,,,0.31,,,,,,
,,2003 - 2004,,,0.34,,,,,,
,,2004 - 2005,,,0.27,,,,,,
,,2005 - 2006,,,0.34,,,,,,
,,2006 - 2007,,978.0,0.33,,,,,,
,,2007 - 2008,,993.0,0.39,,,,,,
,,2008 - 2009,,668.0,0.31,,,,,,
,,2009 - 2010,,814.0,0.39,,,,,,
,,2010 - 2011,,492.62,0.24,,,,,,
,,2011 - 2012,,547.69,0.21,,,,,,
,,2012 - 2013,,436.0,0.21,,,,,,
,,2013 - 2014,,433.0,0.2,,,,,,
,,2014 - 2015,,318.0,0.17,,,,,,
,,2015 - 2016,,248.02,0.14,,,,,,
,,2016 - 2017,,248.0,0.14,,,,,,
,,2017 - 2018,,283.0,0.17,,,,,,
,,2018 - 2019,,332.19,0.21,,,,,,
,,2019 - 2020,,207.0,0.13,,,,,,
,,2020 - 2021,,174.87,0.12,,,,,,
,,2021 - 2022,,187.0,0.16,,,,,,
,,2022 - 2023,986.12,152.5,0.15,,,,,,
,Ernakulam,2000 - 2001,,496.0,0.31,,,,,,
,,2001 - 2002,,724.0,0.49,,,,,,
,,2002 - 2003,,607.0,0.45,,,,,,
,,2003 - 2004,,528.0,0.43,,,,,,
,,2004 - 2005,,545.0,0.47,,,,,,
,,2005 - 2006,,507.0,0.45,,,,,,
,,2006 - 2007,948.0,438.0,0.46,,,,,,
,,2007 - 2008,783.0,350.0,0.45,,,,,,
,,2008 - 2009,596.0,241.0,0.4,,,,,,
,,2009 - 2010,581.0,218.0,0.38,,,,,,
,,2010 - 2011,573.89,184.56,0.32,,,,,,
,,2011 - 2012,648.12,155.76,0.24,,,,,,
,,2012 - 2013,604.0,149.0,0.25,,,,,,
,,2013 - 2014,557.0,168.0,0.3,,,,,,
,,2014 - 2015,430.0,122.0,0.28,,,,,,
,,2015 - 2016,433.0,117.94,0.27,,,,,,
,,2016 - 2017,446.0,114.0,0.26,,,,,,
,,2017 - 2018,469.0,133.0,0.28,,,,,,
,,2018 - 2019,394.87,99.46,0.25,,,,,,
,,2019 - 2020,398.0,119.0,0.3,,,,,,
,,2020 - 2021,366.08,110.63,0.3,,,,,,
,,2021 - 2022,354.0,125.0,0.35,,,,,,
,,2022 - 2023,382.8,114.21,0.3,,,,,,
,Idukki,2000 - 2001,,594.0,0.43,,,,,,
,,2001 - 2002,,547.0,0.41,,,,,,
,,2002 - 2003,,788.0,0.6,,,,,,
,,2003 - 2004,,536.0,0.44,,,,,,
,,2004 - 2005,,677.0,0.53,,,,,,
,,2005 - 2006,,746.0,0.62,,,,,,
,,2006 - 2007,,542.0,0.44,,,,,,
,,2007 - 2008,,588.0,0.36,,,,,,
,,2008 - 2009,,731.0,0.54,,,,,,
,,2009 - 2010,,497.0,0.4,,,,,,
,,2010 - 2011,,342.25,0.28,,,,,,
,,2011 - 2012,,507.95,0.34,,,,,,
,,2012 - 2013,,482.0,0.31,,,,,,
,,2013 - 2014,,530.0,0.38,,,,,,
,,2014 - 2015,,410.0,0.3,,,,,,
,,2015 - 2016,,376.03,0.33,,,,,,
,,2016 - 2017,,340.0,0.3,,,,,,
,,2017 - 2018,,326.0,0.32,,,,,,
,,2018 - 2019,944.56,191.45,0.2,,,,,,
,,2019 - 2020,891.0,253.0,0.28,,,,,,
,,2020 - 2021,866.61,209.42,0.24,,,,,,
,,2021 - 2022,839.0,207.0,0.25,,,,,,
,,2022 - 2023,742.47,169.79,0.23,,,,,,
,Kannur,2000 - 2001,,,1.0,,,,,,
,,2001 - 2002,,,0.89,,,,,,
,,2002 - 2003,,,0.94,,,,,,
,,2003 - 2004,,,0.92,,,,,,
,,2004 - 2005,,,0.98,,,,,,
,,2005 - 2006,,,1.17,,,,,,
,,2006 - 2007,,,1.22,,,,,,
,,2007 - 2008,,,1.33,,,,,,
,,2008 - 2009,,,1.07,,,,,,
,,2009 - 2010,,,1.11,,,,,,
,,2010 - 2011,,,1.3,,,,,,
,,2011 - 2012,,,1.04,,,,,,
,,2012 - 2013,,,1.17,,,,,,
,,2013 - 2014,,,0.99,,,,,,
,,2014 - 2015,,,0.91,,,,,,
,,2015 - 2016,,,0.85,,,,,,
,,2016 - 2017,,,0.99,,,,,,
,,2017 - 2018,,,0.95,,,,,,
,,2018 - 2019,,,0.45,,,,,,
,,2019 - 2020,,,0.65,,,,,,
,,2020 - 2021,,,0.75,,,,,,
,,2021 - 2022,,,0.62,,,,,,
,,2022 - 2023,,,0.47,,,,,,
,Kasaragod,2000 - 2001,,,0.9,,,,,,
,,2001 - 2002,,,1.1,,,,,,
,,2002 - 2003,,,1.03,,,,,,
,,2003 - 2004,,,1.1,,,,,,
,,2004 - 2005,,,0.94,,,,,,
,,2005 - 2006,,,0.99,,,,,,
,,2006 - 2007,,,1.03,,,,,,
,,2007 - 2008,,,0.96,,,,,,
,,2008 - 2009,,,1.09,,,,,,
,,2009 - 2010,,,0.63,,,,,,
,,2010 - 2011,,,0.75,,,,,,
,,2011 - 2012,,,0.69,,,,,,
,,2012 - 2013,,,0.64,,,,,,
,,2013 - 2014,,,0.79,,,,,,
,,2014 - 2015,,,0.88,,,,,,
,,2015 - 2016,,,0.56,,,,,,
,,2016 - 2017,,,0.69,,,,,,
,,2017 - 2018,,,0.55,,,,,,
,,2018 - 2019,,,0.59,,,,,,
,,2019 - 2020,,,0.5,,,,,,
,,2020 - 2021,,,0.54,,,,,,
,,2021 - 2022,,,0.52,,,,,,
,,2022 - 2023,,,0.48,,,,,,
,Kollam,2000 - 2001,,,0.73,,,,,,
,,2001 - 2002,,,0.79,,,,,,
,,2002 - 2003,,,0.65,,,,,,
,,2003 - 2004,,,0.73,,,,,,
,,2004 - 2005,,,0.68,,,,,,
,,2005 - 2006,,,0.7,,,,,,
,,2006 - 2007,,,0.65,,,,,,
,,2007 - 2008,,,0.51,,,,,,
,,2008 - 2009,,,0.45,,,,,,
,,2009 - 2010,,,0.44,,,,,,
,,2010 - 2011,,926.45,0.33,,,,,,
,,2011 - 2012,,914.46,0.27,,,,,,
,,2012 - 2013,,883.0,0.27,,,,,,
,,2013 - 2014,,922.0,0.32,,,,,,
,,2014 - 2015,,772.0,0.29,,,,,,
,,2015 - 2016,,643.66,0.28,,,,,,
,,2016 - 2017,,671.0,0.29,,,,,,
,,2017 - 2018,,452.0,0.25,,,,,,
,,2018 - 2019,,455.32,0.27,,,,,,
,,2019 - 2020,,424.0,0.24,,,,,,
,,2020 - 2021,,493.32,0.28,,,,,,
,,2021 - 2022,,385.0,0.28,,,,,,
,,2022 - 2023,,341.7,0.22,,,,,,
,Kottayam,2000 - 2001,747.0,233.0,0.31,,,,,,
,,2001 - 2002,765.0,229.0,0.3,,,,,,
,,2002 - 2003,700.0,226.0,0.32,,,,,,
,,2003 - 2004,640.0,214.0,0.33,,,,,,
,,2004 - 2005,688.0,222.0,0.32,,,,,,
,,2005 - 2006,638.0,269.0,0.42,,,,,,
,,2006 - 2007,589.0,226.0,0.38,,,,,,
,,2007 - 2008,581.0,222.0,0.38,,,,,,
,,2008 - 2009,554.0,160.0,0.29,,,,,,
,,2009 - 2010,404.0,127.0,0.31,,,,,,
,,2010 - 2011,415.69,110.99,0.27,,,,,,
,,2011 - 2012,468.81,117.34,0.25,,,,,,
,,2012 - 2013,457.0,125.0,0.27,,,,,,
,,2013 - 2014,410.0,123.0,0.3,,,,,,
,,2014 - 2015,399.0,103.0,0.26,,,,,,
,,2015 - 2016,375.15,101.78,0.27,,,,,,
,,2016 - 2017,362.0,95.0,0.26,,,,,,
,,2017 - 2018,376.0,113.0,0.3,,,,,,
,,2018 - 2019,345.34,90.2,0.26,,,,,,
,,2019 - 2020,328.0,57.0,0.17,,,,,,
,,2020 - 2021,279.56,61.69,0.22,,,,,,
,,2021 - 2022,253.0,78.0,0.31,,,,,,
,,2022 - 2023,256.34,71.09,0.28,,,,,,
,Kozhikode,2000 - 2001,,,0.46,,,,,,
,,2001 - 2002,,,0.56,,,,,,
,,2002 - 2003,,,0.56,,,,,,
,,2003 - 2004,,,0.62,,,,,,
,,2004 - 2005,,,0.58,,,,,,
,,2005 - 2006,,,0.65,,,,,,
,,2006 - 2007,,,0.5,,,,,,
,,2007 - 2008,,,0.66,,,,,,
,,2008 - 2009,,,0.51,,,,,,
,,2009 - 2010,,704.0,0.34,,,,,,
,,2010 - 2011,,881.64,0.45,,,,,,
,,2011 - 2012,,702.91,0.31,,,,,,
,,2012 - 2013,,834.0,0.38,,,,,,
,,2013 - 2014,,937.0,0.45,,,,,,
,,2014 - 2015,,740.0,0.37,,,,,,
,,2015 - 2016,,625.82,0.32,,,,,,
,,2016 - 2017,,553.0,0.31,,,,,,
,,2017 - 2018,,436.0,0.27,,,,,,
,,2018 - 2019,,298.89,0.19,,,,,,
,,2019 - 2020,,305.0,0.21,,,,,,
,,2020 - 2021,,333.43,0.24,,,,,,
,,2021 - 2022,,342.0,0.28,,,,,,
,,2022 - 2023,,346.0,0.29,,,,,,
,Malappuram,2000 - 2001,,,0.52,,,,,,
,,2001 - 2002,,,0.45,,,,,,
,,2002 - 2003,,,0.42,,,,,,
,,2003 - 2004,,,0.41,,,,,,
,,2004 - 2005,,,0.4,,,,,,
,,2005 - 2006,,,0.81,,,,,,
,,2006 - 2007,,,0.7,,,,,,
,,2007 - 2008,,,0.88,,,,,,
,,2008 - 2009,,,0.58,,,,,,
,,2009 - 2010,,,0.51,,,,,,
,,2010 - 2011,,,0.37,,,,,,
,,2011 - 2012,,,0.42,,,,,,
,,2012 - 2013,,,0.39,,,,,,
,,2013 - 2014,,930.0,0.32,,,,,,
,,2014 - 2015,,671.0,0.26,,,,,,
,,2015 - 2016,,480.05,0.21,,,,,,
,,2016 - 2017,,445.0,0.22,,,,,,
,,2017 - 2018,,322.0,0.17,,,,,,
,,2018 - 2019,,257.09,0.16,,,,,,
,,2019 - 2020,,229.0,0.15,,,,,,
,,2020 - 2021,,208.96,0.13,,,,,,
,,2021 - 2022,,189.0,0.15,,,,,,
,,2022 - 2023,,221.48,0.15,,,,,,
,Palakkad,2000 - 2001,,,0.4,,,,,,
,,2001 - 2002,,,0.38,,,,,,
,,2002 - 2003,,,0.42,,,,,,
,,2003 - 2004,,,0.42,,,,,,
,,2004 - 2005,,,0.51,,,,,,
,,2005 - 2006,,,0.41,,,,,,
,,2006 - 2007,,,0.39,,,,,,
,,2007 - 2008,,,0.46,,,,,,
,,2008 - 2009,,,0.47,,,,,,
,,2009 - 2010,,,0.35,,,,,,
,,2010 - 2011,,901.92,0.31,,,,,,
,,2011 - 2012,,638.66,0.24,,,,,,
,,2012 - 2013,,615.0,0.2,,,,,,
,,2013 - 2014,,804.0,0.26,,,,,,
,,2014 - 2015,,609.0,0.26,,,,,,
,,2015 - 2016,,406.26,0.2,,,,,,
,,2016 - 2017,,471.0,0.24,,,,,,
,,2017 - 2018,,214.0,0.19,,,,,,
,,2018 - 2019,,210.04,0.19,,,,,,
,,2019 - 2020,,195.0,0.14,,,,,,
,,2020 - 2021,,225.71,0.18,,,,,,
,,2021 - 2022,994.0,187.0,0.19,,,,,,
,,2022 - 2023,947.83,171.07,0.18,,,,,,
,Pathanamthitta,2000 - 2001,,522.0,0.49,,,,,,
,,2001 - 2002,,524.0,0.46,,,,,,
,,2002 - 2003,,527.0,0.48,,,,,,
,,2003 - 2004,,631.0,0.55,,,,,,
,,2004 - 2005,,636.0,0.56,,,,,,
,,2005 - 2006,,528.0,0.5,,,,,,
,,2006 - 2007,,458.0,0.45,,,,,,
,,2007 - 2008,893.0,303.0,0.34,,,,,,
,,2008 - 2009,704.0,253.0,0.36,,,,,,
,,2009 - 2010,658.0,254.0,0.39,,,,,,
,,2010 - 2011,596.9,204.07,0.34,,,,,,
,,2011 - 2012,620.91,201.6,0.32,,,,,,
,,2012 - 2013,532.0,161.0,0.3,,,,,,
,,2013 - 2014,475.0,135.0,0.28,,,,,,
,,2014 - 2015,455.0,121.0,0.27,,,,,,
,,2015 - 2016,446.67,111.52,0.25,,,,,,
,,2016 - 2017,437.0,105.0,0.24,,,,,,
,,2017 - 2018,439.0,108.0,0.25,,,,,,
,,2018 - 2019,411.7,87.38,0.21,,,,,,
,,2019 - 2020,391.0,84.0,0.21,,,,,,
,,2020 - 2021,402.72,107.82,0.27,,,,,,
,,2021 - 2022,397.0,77.0,0.19,,,,,,
,,2022 - 2023,391.11,117.18,0.3,,,,,,
,Thiruvananthapuram,2000 - 2001,,,0.46,,,,,,
,,2001 - 2002,,988.0,0.4,,,,,,
,,2002 - 2003,,,0.47,,,,,,
,,2003 - 2004,,909.0,0.41,,,,,,
,,2004 - 2005,,761.0,0.37,,,,,,
,,2005 - 2006,,,0.58,,,,,,
,,2006 - 2007,,582.0,0.49,,,,,,
,,2007 - 2008,,512.0,0.42,,,,,,
,,2008 - 2009,,443.0,0.43,,,,,,
,,2009 - 2010,,403.0,0.4,,,,,,
,,2010 - 2011,,390.5,0.37,,,,,,
,,2011 - 2012,,410.48,0.31,,,,,,
,,2012 - 2013,,417.0,0.29,,,,,,
,,2013 - 2014,,370.0,0.27,,,,,,
,,2014 - 2015,,306.0,0.24,,,,,,
,,2015 - 2016,,267.43,0.22,,,,,,
,,2016 - 2017,,255.0,0.24,,,,,,
,,2017 - 2018,845.0,198.0,0.23,,,,,,
,,2018 - 2019,839.01,207.03,0.25,,,,,,
,,2019 - 2020,814.0,173.0,0.21,,,,,,
,,2020 - 2021,722.98,181.66,0.25,,,,,,
,,2021 - 2022,721.0,165.0,0.23,,,,,,
,,2022 - 2023,759.62,184.07,0.24,,,,,,
,Thrissur,2000 - 2001,,,0.34,,,,,,
,,2001 - 2002,,,0.41,,,,,,
,,2002 - 2003,,,0.51,,,,,,
,,2003 - 2004,,,0.48,,,,,,
,,2004 - 2005,,,0.53,,,,,,
,,2005 - 2006,,,0.5,,,,,,
,,2006 - 2007,,960.0,0.4,,,,,,
,,2007 - 2008,,,0.5,,,,,,
,,2008 - 2009,,,0.43,,,,,,
,,2009 - 2010,,933.0,0.41,,,,,,
,,2010 - 2011,,856.62,0.44,,,,,,
,,2011 - 2012,,692.17,0.28,,,,,,
,,2012 - 2013,,671.0,0.31,,,,,,
,,2013 - 2014,,580.0,0.31,,,,,,
,,2014 - 2015,,426.0,0.25,,,,,,
,,2015 - 2016,,462.44,0.28,,,,,,
,,2016 - 2017,,491.0,0.32,,,,,,
,,2017 - 2018,,449.0,0.33,,,,,,
,,2018 - 2019,,398.54,0.31,,,,,,
,,2019 - 2020,,335.0,0.29,,,,,,
,,2020 - 2021,,347.99,0.33,,,,,,
,,2021 - 2022,962.0,283.0,0.29,,,,,,
,,2022 - 2023,930.96,254.45,0.27,,,,,,
,Wayanad,2000 - 2001,,768.0,0.5,,,,,,
,,2001 - 2002,,627.0,0.41,,,,,,
,,2002 - 2003,,,0.88,,,,,,
,,2003 - 2004,,876.0,0.65,,,,,,
,,2004 - 2005,,892.0,0.7,,,,,,
,,2005 - 2006,,697.0,0.56,,,,,,
,,2006 - 2007,,877.0,0.65,,,,,,
,,2007 - 2008,,534.0,0.47,,,,,,
,,2008 - 2009,969.0,318.0,0.33,,,,,,
,,2009 - 2010,706.0,494.0,0.7,,,,,,
,,2010 - 2011,623.42,502.01,0.81,,,,,,
,,2011 - 2012,799.46,339.54,0.42,,,,,,
,,2012 - 2013,748.0,356.0,0.48,,,,,,
,,2013 - 2014,850.0,266.0,0.31,,,,,,
,,2014 - 2015,718.0,224.0,0.31,,,,,,
,,2015 - 2016,715.93,290.88,0.41,,,,,,
,,2016 - 2017,574.0,206.0,0.36,,,,,,
,,2017 - 2018,542.0,194.0,0.36,,,,,,
,,2018 - 2019,469.29,152.59,0.33,,,,,,
,,2019 - 2020,512.0,177.0,0.35,,,,,,
,,2020 - 2021,496.3,175.18,0.35,,,,,,
,,2021 - 2022,449.0,184.0,0.41,,,,,,
,,2022 - 2023,399.64,189.78,0.47,,,,,,
Madhya Pradesh,Jhabua,2002 - 2003,1.0,0.0,0.0,,,,,,
Manipur,Chandel,2002 - 2003,105.0,75.0,0.71,,,,,,
,,2003 - 2004,125.0,50.0,0.4,,,,,,
,,2014 - 2015,10.0,6.4,0.64,,,,,,
,Imphal east,2002 - 2003,180.0,18.0,0.1,,,,,,
,,2003 - 2004,200.0,80.0,0.4,,,,,,
,,2014 - 2015,21.0,13.44,0.64,,,,,,
,,2015 - 2016,28.0,16.0,0.57,,,,,,
,,2016 - 2017,27.0,17.0,0.63,,,,,,
,,2017 - 2018,37.0,18.0,0.49,,,,,,
,Ukhrul,2015 - 2016,6.0,3.24,0.54,,,,,,
,,2016 - 2017,4.0,2.16,0.54,,,,,,
Meghalaya,East garo hills,2002 - 2003,104.0,102.0,0.98,,,,,,
,,2003 - 2004,134.0,131.0,0.98,,,,,,
,,2010 - 2011,293.0,289.0,0.99,,,,,,
,,2011 - 2012,296.0,293.0,0.99,,,,,,
,,2012 - 2013,308.0,314.0,1.02,,,,,,
,,2013 - 2014,205.0,218.0,1.06,,,,,,
,,2014 - 2015,208.0,225.0,1.08,,,,,,
,,2015 - 2016,,,,211.0,237.0,1.12,,,
,,2016 - 2017,,,,229.0,283.0,1.24,,,
,,2017 - 2018,,,,230.0,285.0,1.24,,,
,,2018 - 2019,,,,231.0,287.0,1.24,,,
,,2019 - 2020,,,,232.0,289.0,1.25,,,
,,2020 - 2021,,,,234.0,292.0,1.25,,,
,North garo hills,2013 - 2014,115.0,120.0,1.04,,,,,,
,,2014 - 2015,116.0,125.0,1.08,,,,,,
,,2015 - 2016,,,,118.0,129.0,1.09,,,
,,2016 - 2017,,,,124.0,136.0,1.1,,,
,,2017 - 2018,,,,125.0,138.0,1.1,,,
,,2018 - 2019,,,,126.0,140.0,1.11,,,
,,2019 - 2020,,,,127.0,142.0,1.12,,,
,,2020 - 2021,,,,129.0,145.0,1.12,,,
,South garo hills,2002 - 2003,,,0.98,,,,,,
,,2003 - 2004,,,0.98,,,,,,
,,2010 - 2011,,,0.97,,,,,,
,,2011 - 2012,,,0.98,,,,,,
,,2012 - 2013,,,1.0,,,,,,
,,2013 - 2014,,,1.03,,,,,,
,,2014 - 2015,,,1.05,,,,,,
,,2015 - 2016,,,,,,1.07,,,
,,2016 - 2017,,,,,,0.82,,,
,,2017 - 2018,,,,,,0.82,,,
,,2018 - 2019,,,,,,0.82,,,
,,2019 - 2020,,,,,,0.82,,,
,,2020 - 2021,,,,,,0.82,,,
,South west garo hills,2013 - 2014,,,2.54,,,,,,
,,2014 - 2015,,,2.54,,,,,,
,,2015 - 2016,,,,,,2.61,,,
,,2016 - 2017,,,,,,1.94,,,
,,2017 - 2018,,,,,,1.94,,,
,,2018 - 2019,,,,,,1.94,,,
,,2019 - 2020,,,,,,1.94,,,
,,2020 - 2021,,,,,,1.94,,,
,West garo hills,2002 - 2003,,,1.04,,,,,,
,,2003 - 2004,,,1.05,,,,,,
,,2010 - 2011,,,2.47,,,,,,
,,2011 - 2012,,,2.51,,,,,,
,,2012 - 2013,,,2.57,,,,,,
,,2013 - 2014,,,2.69,,,,,,
,,2014 - 2015,,,2.7,,,,,,
,,2015 - 2016,,,,,,2.72,,,
,,2016 - 2017,,,,,,1.88,,,
,,2017 - 2018,,,,,,1.88,,,
,,2018 - 2019,,,,,,1.88,,,
,,2019 - 2020,,,,,,1.88,,,
,,2020 - 2021,,,,,,1.89,,,
Puducherry,Karaikal,2000 - 2001,7.0,4.0,0.57,,,,,,
,,2001 - 2002,7.0,4.0,0.57,,,,,,
,,2002 - 2003,6.0,4.0,0.67,,,,,,
,,2003 - 2004,7.0,5.0,0.71,,,,,,
,,2004 - 2005,7.0,4.0,0.57,,,,,,
,,2008 - 2009,,,,,,,6.0,5.0,0.83
,,2009 - 2010,,,,,,,7.0,6.0,0.86
,,2010 - 2011,,,,,,,7.0,5.0,0.71
,,2011 - 2012,,,,,,,7.0,3.0,0.43
,,2012 - 2013,,,,,,,7.0,3.0,0.43
,,2013 - 2014,,,,,,,6.0,3.0,0.5
,,2014 - 2015,,,,,,,6.0,3.0,0.5
,,2015 - 2016,,,,,,,6.0,3.0,0.5
,,2016 - 2017,,,,,,,4.0,2.0,0.5
,,2017 - 2018,,,,,,,4.0,1.0,0.25
,,2018 - 2019,,,,,,,3.0,1.0,0.33
,,2019 - 2020,,,,,,,3.0,1.0,0.33
,,2020 - 2021,,,,,,,3.0,6.0,2.0
,,2021 - 2022,,,,,,,2.0,1.0,0.5
,,2022 - 2023,,,,,,,2.0,1.0,0.5
,Mahe,2000 - 2001,11.0,7.0,0.64,,,,,,
,,2001 - 2002,11.0,22.0,2.0,,,,,,
,,2002 - 2003,10.0,18.0,1.8,,,,,,
,,2003 - 2004,9.0,16.0,1.78,,,,,,
,,2004 - 2005,9.0,6.0,0.67,,,,,,
,,2008 - 2009,,,,,,,4.0,4.0,1.0
,,2009 - 2010,,,,,,,3.0,3.0,1.0
,,2010 - 2011,,,,,,,3.0,2.0,0.67
,,2011 - 2012,,,,,,,3.0,2.0,0.67
,,2015 - 2016,,,,,,,2.0,1.0,0.5
,,2016 - 2017,,,,,,,2.0,1.0,0.5
,,2017 - 2018,,,,,,,2.0,1.0,0.5
,,2018 - 2019,,,,,,,2.0,1.0,0.5
,,2019 - 2020,,,,,,,2.0,1.0,0.5
,,2020 - 2021,,,,,,,2.0,1.0,0.5
,,2021 - 2022,,,,,,,2.0,1.0,0.5
,,2022 - 2023,,,,,,,2.0,1.0,0.5
,Pondicherry,2000 - 2001,184.0,110.0,0.6,,,,,,
,,2001 - 2002,173.0,108.0,0.62,,,,,,
,,2002 - 2003,168.0,118.0,0.7,,,,,,
,,2003 - 2004,201.0,151.0,0.75,,,,,,
,,2004 - 2005,202.0,131.0,0.65,,,,,,
,,2008 - 2009,,,,,,,164.0,164.0,1.0
,,2009 - 2010,,,,,,,161.0,137.0,0.85
,,2010 - 2011,,,,,,,163.0,124.0,0.76
,,2011 - 2012,,,,,,,149.0,45.0,0.3
,,2012 - 2013,,,,,,,137.0,49.0,0.36
,,2013 - 2014,,,,,,,141.0,50.0,0.35
,,2014 - 2015,,,,,,,138.0,41.0,0.3
,,2015 - 2016,,,,,,,135.0,40.0,0.3
,,2016 - 2017,,,,,,,142.0,48.0,0.34
,,2017 - 2018,,,,,,,141.0,41.0,0.29
,,2018 - 2019,,,,,,,140.0,59.0,0.42
,,2019 - 2020,,,,,,,140.0,63.0,0.45
,,2020 - 2021,,,,,,,124.0,56.0,0.45
,,2021 - 2022,,,,,,,124.0,55.0,0.44
,,2022 - 2023,,,,,,,135.0,59.0,0.44
Tamil Nadu,Ariyalur,2008 - 2009,,,0.0,,,,,,
,,2009 - 2010,,,0.32,,,,,,
,,2011 - 2012,,,0.22,,,,,,
,,2013 - 2014,,,0.22,,,,,,
,,2014 - 2015,,,0.39,,,,,,
,,2015 - 2016,,,0.07,,,,,,
,,2016 - 2017,,977.0,0.03,,,,,,
,,2017 - 2018,,,0.0,,,,,,
,,2018 - 2019,,,0.23,,,,,,
,,2019 - 2020,,,0.22,,,,,,
,,2020 - 2021,,,0.32,,,,,,
,,2021 - 2022,,,0.28,,,,,,
,,2022 - 2023,,,0.3,,,,,,
,Chengalpattu,2020 - 2021,259.0,77.0,0.3,,,,,,
,,2021 - 2022,264.0,112.0,0.42,,,,,,
,,2022 - 2023,250.0,79.0,0.32,,,,,,
,Chennai,2021 - 2022,8.0,3.0,0.38,,,,,,
,,2022 - 2023,8.0,3.0,0.38,,,,,,
,Coimbatore,2000 - 2001,43.0,17.0,0.4,,,,,,
,,2002 - 2003,243.0,73.0,0.3,,,,,,
,,2003 - 2004,249.0,86.0,0.35,,,,,,
,,2004 - 2005,292.0,106.0,0.36,,,,,,
,,2005 - 2006,303.0,115.0,0.38,,,,,,
,,2006 - 2007,294.0,134.0,0.46,,,,,,
,,2007 - 2008,280.0,160.0,0.57,,,,,,
,,2008 - 2009,120.0,141.0,1.18,,,,,,
,,2009 - 2010,111.0,56.0,0.5,,,,,,
,,2011 - 2012,105.0,28.0,0.27,,,,,,
,,2013 - 2014,103.0,29.0,0.28,,,,,,
,,2014 - 2015,98.0,40.0,0.41,,,,,,
,,2015 - 2016,83.0,25.0,0.3,,,,,,
,,2016 - 2017,69.0,8.0,0.12,,,,,,
,,2017 - 2018,39.0,,0.0,,,,,,
,,2018 - 2019,33.0,7.0,0.21,,,,,,
,,2019 - 2020,24.0,7.0,0.29,,,,,,
,,2020 - 2021,28.0,8.0,0.29,,,,,,
,,2021 - 2022,27.0,11.0,0.41,,,,,,
,,2022 - 2023,25.0,8.0,0.32,,,,,,
,Cuddalore,2000 - 2001,,,0.19,,,,,,
,,2002 - 2003,,,0.68,,,,,,
,,2003 - 2004,,,0.78,,,,,,
,,2004 - 2005,,,0.89,,,,,,
,,2005 - 2006,,,0.76,,,,,,
,,2006 - 2007,,,1.0,,,,,,
,,2007 - 2008,,,1.08,,,,,,
,,2008 - 2009,,,0.81,,,,,,
,,2009 - 2010,,,0.8,,,,,,
,,2011 - 2012,,,0.17,,,,,,
,,2013 - 2014,,,0.4,,,,,,
,,2014 - 2015,,,0.38,,,,,,
,,2015 - 2016,,,0.51,,,,,,
,,2016 - 2017,,,0.07,,,,,,
,,2017 - 2018,,,0.0,,,,,,
,,2018 - 2019,,,0.19,,,,,,
,,2019 - 2020,,,0.38,,,,,,
,,2020 - 2021,,,0.34,,,,,,
,,2021 - 2022,,,0.36,,,,,,
,,2022 - 2023,,,0.27,,,,,,
,Dharmapuri,2000 - 2001,2.0,1.0,0.5,,,,,,
,,2002 - 2003,16.0,5.0,0.31,,,,,,
,,2003 - 2004,2.0,1.0,0.5,,,,,,
,,2004 - 2005,1.0,,0.0,,,,,,
,,2005 - 2006,1.0,,0.0,,,,,,
,,2006 - 2007,1.0,1.0,1.0,,,,,,
,,2007 - 2008,7.0,4.0,0.57,,,,,,
,,2008 - 2009,1.0,1.0,1.0,,,,,,
,,2013 - 2014,1.0,,0.0,,,,,,
,,2017 - 2018,1.0,,0.0,,,,,,
,,2018 - 2019,1.0,,0.0,,,,,,
,Dindigul,2000 - 2001,247.0,95.0,0.38,,,,,,
,,2002 - 2003,601.0,182.0,0.3,,,,,,
,,2003 - 2004,609.0,210.0,0.34,,,,,,
,,2004 - 2005,555.0,201.0,0.36,,,,,,
,,2005 - 2006,589.0,222.0,0.38,,,,,,
,,2006 - 2007,562.0,256.0,0.46,,,,,,
,,2007 - 2008,459.0,262.0,0.57,,,,,,
,,2008 - 2009,411.0,214.0,0.52,,,,,,
,,2009 - 2010,399.0,200.0,0.5,,,,,,
,,2011 - 2012,415.0,109.0,0.26,,,,,,
,,2013 - 2014,339.0,97.0,0.29,,,,,,
,,2014 - 2015,271.0,111.0,0.41,,,,,,
,,2015 - 2016,280.0,86.0,0.31,,,,,,
,,2016 - 2017,311.0,37.0,0.12,,,,,,
,,2017 - 2018,381.0,,0.0,,,,,,
,,2018 - 2019,338.0,75.0,0.22,,,,,,
,,2019 - 2020,317.0,97.0,0.31,,,,,,
,,2020 - 2021,270.0,81.0,0.3,,,,,,
,,2021 - 2022,286.0,121.0,0.42,,,,,,
,,2022 - 2023,282.0,89.0,0.32,,,,,,
,Erode,2002 - 2003,34.0,10.0,0.29,,,,,,
,,2003 - 2004,63.0,22.0,0.35,,,,,,
,,2004 - 2005,94.0,34.0,0.36,,,,,,
,,2005 - 2006,143.0,54.0,0.38,,,,,,
,,2006 - 2007,98.0,45.0,0.46,,,,,,
,,2007 - 2008,109.0,62.0,0.57,,,,,,
,,2008 - 2009,25.0,64.0,2.56,,,,,,
,,2009 - 2010,27.0,14.0,0.52,,,,,,
,,2011 - 2012,23.0,6.0,0.26,,,,,,
,,2013 - 2014,15.0,4.0,0.27,,,,,,
,,2014 - 2015,15.0,6.0,0.4,,,,,,
,,2015 - 2016,11.0,3.0,0.27,,,,,,
,,2016 - 2017,10.0,1.0,0.1,,,,,,
,,2017 - 2018,10.0,,0.0,,,,,,
,,2018 - 2019,12.0,3.0,0.25,,,,,,
,,2019 - 2020,8.0,3.0,0.38,,,,,,
,,2020 - 2021,8.0,2.0,0.25,,,,,,
,,2021 - 2022,8.0,3.0,0.38,,,,,,
,,2022 - 2023,10.0,3.0,0.3,,,,,,
,Kallakurichi,2020 - 2021,,315.0,0.3,,,,,,
,,2021 - 2022,959.0,407.0,0.42,,,,,,
,,2022 - 2023,978.0,379.0,0.39,,,,,,
,Kanchipuram,2000 - 2001,199.0,66.0,0.33,,,,,,
,,2002 - 2003,401.0,121.0,0.3,,,,,,
,,2003 - 2004,358.0,124.0,0.35,,,,,,
,,2004 - 2005,456.0,165.0,0.36,,,,,,
,,2005 - 2006,479.0,181.0,0.38,,,,,,
,,2006 - 2007,336.0,165.0,0.49,,,,,,
,,2007 - 2008,310.0,177.0,0.57,,,,,,
,,2008 - 2009,206.0,107.0,0.52,,,,,,
,,2009 - 2010,277.0,139.0,0.5,,,,,,
,,2011 - 2012,300.0,79.0,0.26,,,,,,
,,2013 - 2014,191.0,54.0,0.28,,,,,,
,,2014 - 2015,210.0,86.0,0.41,,,,,,
,,2015 - 2016,241.0,74.0,0.31,,,,,,
,,2016 - 2017,221.0,26.0,0.12,,,,,,
,,2017 - 2018,231.0,,0.0,,,,,,
,,2018 - 2019,229.0,51.0,0.22,,,,,,
,,2019 - 2020,305.0,93.0,0.3,,,,,,
,,2020 - 2021,70.0,21.0,0.3,,,,,,
,,2021 - 2022,70.0,29.0,0.41,,,,,,
,,2022 - 2023,61.0,19.0,0.31,,,,,,
,Kanniyakumari,2000 - 2001,,899.0,0.46,,,,,,
,,2002 - 2003,,568.0,0.29,,,,,,
,,2003 - 2004,,,0.71,,,,,,
,,2004 - 2005,,413.0,0.2,,,,,,
,,2005 - 2006,,337.0,0.17,,,,,,
,,2006 - 2007,,842.0,0.44,,,,,,
,,2007 - 2008,,742.0,0.4,,,,,,
,,2008 - 2009,,,0.81,,,,,,
,,2009 - 2010,,,0.84,,,,,,
,,2011 - 2012,,332.0,0.26,,,,,,
,,2013 - 2014,,335.0,0.29,,,,,,
,,2014 - 2015,,491.0,0.41,,,,,,
,,2015 - 2016,,592.0,0.52,,,,,,
,,2016 - 2017,,448.0,0.41,,,,,,
,,2017 - 2018,,,0.0,,,,,,
,,2018 - 2019,966.0,207.0,0.21,,,,,,
,,2019 - 2020,876.0,471.0,0.54,,,,,,
,,2020 - 2021,846.0,254.0,0.3,,,,,,
,,2021 - 2022,830.0,352.0,0.42,,,,,,
,,2022 - 2023,801.0,65.0,0.08,,,,,,
,Karur,2000 - 2001,17.0,5.0,0.29,,,,,,
,,2002 - 2003,39.0,12.0,0.31,,,,,,
,,2003 - 2004,39.0,13.0,0.33,,,,,,
,,2004 - 2005,56.0,20.0,0.36,,,,,,
,,2005 - 2006,50.0,19.0,0.38,,,,,,
,,2006 - 2007,32.0,14.0,0.44,,,,,,
,,2007 - 2008,30.0,17.0,0.57,,,,,,
,,2008 - 2009,30.0,16.0,0.53,,,,,,
,,2009 - 2010,32.0,16.0,0.5,,,,,,
,,2011 - 2012,13.0,3.0,0.23,,,,,,
,,2013 - 2014,22.0,6.0,0.27,,,,,,
,,2014 - 2015,30.0,12.0,0.4,,,,,,
,,2015 - 2016,12.0,4.0,0.33,,,,,,
,,2016 - 2017,16.0,2.0,0.13,,,,,,
,,2017 - 2018,13.0,,0.0,,,,,,
,,2018 - 2019,13.0,3.0,0.23,,,,,,
,,2019 - 2020,8.0,2.0,0.25,,,,,,
,,2020 - 2021,8.0,3.0,0.38,,,,,,
,,2021 - 2022,11.0,4.0,0.36,,,,,,
,,2022 - 2023,8.0,3.0,0.38,,,,,,
,Krishnagiri,2003 - 2004,2.0,1.0,0.5,,,,,,
,,2004 - 2005,3.0,1.0,0.33,,,,,,
,,2005 - 2006,2.0,1.0,0.5,,,,,,
,,2006 - 2007,23.0,10.0,0.43,,,,,,
,,2007 - 2008,14.0,8.0,0.57,,,,,,
,,2008 - 2009,14.0,7.0,0.5,,,,,,
,,2009 - 2010,14.0,7.0,0.5,,,,,,
,,2011 - 2012,7.0,2.0,0.29,,,,,,
,,2013 - 2014,5.0,1.0,0.2,,,,,,
,,2014 - 2015,8.0,3.0,0.38,,,,,,
,,2016 - 2017,6.0,1.0,0.17,,,,,,
,,2017 - 2018,5.0,,0.0,,,,,,
,,2018 - 2019,2.0,1.0,0.5,,,,,,
,,2019 - 2020,5.0,1.0,0.2,,,,,,
,,2020 - 2021,9.0,3.0,0.33,,,,,,
,,2021 - 2022,4.0,2.0,0.5,,,,,,
,,2022 - 2023,7.0,2.0,0.29,,,,,,
,Madurai,2000 - 2001,100.0,38.0,0.38,,,,,,
,,2002 - 2003,251.0,76.0,0.3,,,,,,
,,2003 - 2004,255.0,88.0,0.35,,,,,,
,,2004 - 2005,267.0,97.0,0.36,,,,,,
,,2005 - 2006,310.0,117.0,0.38,,,,,,
,,2006 - 2007,236.0,107.0,0.45,,,,,,
,,2007 - 2008,197.0,113.0,0.57,,,,,,
,,2008 - 2009,177.0,92.0,0.52,,,,,,
,,2009 - 2010,180.0,90.0,0.5,,,,,,
,,2011 - 2012,175.0,46.0,0.26,,,,,,
,,2013 - 2014,168.0,48.0,0.29,,,,,,
,,2014 - 2015,163.0,67.0,0.41,,,,,,
,,2015 - 2016,163.0,50.0,0.31,,,,,,
,,2016 - 2017,159.0,19.0,0.12,,,,,,
,,2017 - 2018,161.0,,0.0,,,,,,
,,2018 - 2019,143.0,32.0,0.22,,,,,,
,,2019 - 2020,135.0,41.0,0.3,,,,,,
,,2020 - 2021,135.0,41.0,0.3,,,,,,
,,2021 - 2022,129.0,55.0,0.43,,,,,,
,,2022 - 2023,114.0,36.0,0.32,,,,,,
,Mayiladuthurai,2020 - 2021,672.0,526.0,0.78,,,,,,
,,2021 - 2022,681.0,289.0,0.42,,,,,,
,,2022 - 2023,683.0,215.0,0.31,,,,,,
,Nagapattinam,2000 - 2001,347.0,163.0,0.47,,,,,,
,,2002 - 2003,503.0,152.0,0.3,,,,,,
,,2003 - 2004,557.0,192.0,0.34,,,,,,
,,2004 - 2005,584.0,211.0,0.36,,,,,,
,,2005 - 2006,590.0,223.0,0.38,,,,,,
,,2006 - 2007,631.0,287.0,0.45,,,,,,
,,2007 - 2008,869.0,497.0,0.57,,,,,,
,,2008 - 2009,,,0.52,,,,,,
,,2009 - 2010,,,0.5,,,,,,
,,2011 - 2012,,488.0,0.26,,,,,,
,,2013 - 2014,,661.0,0.39,,,,,,
,,2014 - 2015,,779.0,0.47,,,,,,
,,2015 - 2016,,517.0,0.3,,,,,,
,,2016 - 2017,,,1.48,,,,,,
,,2017 - 2018,,,0.0,,,,,,
,,2018 - 2019,,447.0,0.26,,,,,,
,,2019 - 2020,,886.0,0.63,,,,,,
,,2020 - 2021,832.0,897.0,1.08,,,,,,
,,2021 - 2022,941.0,626.0,0.67,,,,,,
,,2022 - 2023,849.0,366.0,0.43,,,,,,
,Namakkal,2000 - 2001,1.0,,0.0,,,,,,
,,2002 - 2003,2.0,1.0,0.5,,,,,,
,,2005 - 2006,4.0,2.0,0.5,,,,,,
,,2006 - 2007,1.0,1.0,1.0,,,,,,
,,2011 - 2012,18.0,5.0,0.28,,,,,,
,,2013 - 2014,4.0,1.0,0.25,,,,,,
,,2014 - 2015,21.0,9.0,0.43,,,,,,
,,2015 - 2016,14.0,4.0,0.29,,,,,,
,,2016 - 2017,11.0,1.0,0.09,,,,,,
,,2017 - 2018,1.0,,0.0,,,,,,
,,2018 - 2019,3.0,1.0,0.33,,,,,,
,,2019 - 2020,4.0,1.0,0.25,,,,,,
,,2020 - 2021,4.0,1.0,0.25,,,,,,
,,2021 - 2022,9.0,4.0,0.44,,,,,,
,,2022 - 2023,15.0,5.0,0.33,,,,,,
,Perambalur,2000 - 2001,,,0.22,,,,,,
,,2002 - 2003,,,0.26,,,,,,
,,2003 - 2004,,,0.17,,,,,,
,,2004 - 2005,,,0.17,,,,,,
,,2005 - 2006,,,0.22,,,,,,
,,2006 - 2007,,,0.2,,,,,,
,,2007 - 2008,,,0.27,,,,,,
,,2008 - 2009,1.0,,,,,,,,
,,2009 - 2010,2.0,1.0,0.5,,,,,,
,,2011 - 2012,4.0,1.0,0.25,,,,,,
,,2013 - 2014,1.0,,0.0,,,,,,
,,2014 - 2015,1.0,,0.0,,,,,,
,,2015 - 2016,1.0,,0.0,,,,,,
,,2016 - 2017,1.0,,0.0,,,,,,
,,2017 - 2018,3.0,,0.0,,,,,,
,,2018 - 2019,6.0,1.0,0.17,,,,,,
,,2019 - 2020,4.0,1.0,0.25,,,,,,
,,2020 - 2021,2.0,1.0,0.5,,,,,,
,,2021 - 2022,1.0,0.0,0.0,,,,,,
,,2022 - 2023,3.0,1.0,0.33,,,,,,
,Pudukkottai,2000 - 2001,,,0.2,,,,,,
,,2002 - 2003,,,0.1,,,,,,
,,2003 - 2004,,,0.21,,,,,,
,,2004 - 2005,,,0.25,,,,,,
,,2005 - 2006,,,0.23,,,,,,
,,2006 - 2007,,,0.23,,,,,,
,,2007 - 2008,,,0.27,,,,,,
,,2008 - 2009,,,0.34,,,,,,
,,2009 - 2010,,,0.31,,,,,,
,,2011 - 2012,,,0.39,,,,,,
,,2013 - 2014,,750.0,0.1,,,,,,
,,2014 - 2015,,303.0,0.05,,,,,,
,,2015 - 2016,,,0.26,,,,,,
,,2016 - 2017,,233.0,0.04,,,,,,
,,2017 - 2018,,,0.0,,,,,,
,,2018 - 2019,,363.0,0.06,,,,,,
,,2019 - 2020,,526.0,0.1,,,,,,
,,2020 - 2021,,767.0,0.13,,,,,,
,,2021 - 2022,,463.0,0.08,,,,,,
,,2022 - 2023,,,0.31,,,,,,
,Ramanathapuram,2000 - 2001,129.0,50.0,0.39,,,,,,
,,2002 - 2003,124.0,37.0,0.3,,,,,,
,,2003 - 2004,230.0,79.0,0.34,,,,,,
,,2004 - 2005,261.0,94.0,0.36,,,,,,
,,2005 - 2006,375.0,141.0,0.38,,,,,,
,,2006 - 2007,315.0,143.0,0.45,,,,,,
,,2007 - 2008,161.0,92.0,0.57,,,,,,
,,2008 - 2009,125.0,65.0,0.52,,,,,,
,,2009 - 2010,137.0,69.0,0.5,,,,,,
,,2011 - 2012,168.0,44.0,0.26,,,,,,
,,2013 - 2014,168.0,48.0,0.29,,,,,,
,,2014 - 2015,168.0,69.0,0.41,,,,,,
,,2015 - 2016,160.0,49.0,0.31,,,,,,
,,2016 - 2017,152.0,18.0,0.12,,,,,,
,,2017 - 2018,140.0,,0.0,,,,,,
,,2018 - 2019,139.0,31.0,0.22,,,,,,
,,2019 - 2020,122.0,37.0,0.3,,,,,,
,,2020 - 2021,127.0,38.0,0.3,,,,,,
,,2021 - 2022,124.0,52.0,0.42,,,,,,
,,2022 - 2023,99.0,31.0,0.31,,,,,,
,Ranipet,2020 - 2021,20.0,6.0,0.3,,,,,,
,,2021 - 2022,7.0,3.0,0.43,,,,,,
,,2022 - 2023,12.0,3.0,0.25,,,,,,
,Salem,2003 - 2004,93.0,32.0,0.34,,,,,,
,,2004 - 2005,595.0,215.0,0.36,,,,,,
,,2005 - 2006,25.0,9.0,0.36,,,,,,
,,2006 - 2007,23.0,10.0,0.43,,,,,,
,,2007 - 2008,24.0,14.0,0.58,,,,,,
,,2008 - 2009,22.0,11.0,0.5,,,,,,
,,2009 - 2010,21.0,11.0,0.52,,,,,,
,,2011 - 2012,21.0,6.0,0.29,,,,,,
,,2013 - 2014,2.0,1.0,0.5,,,,,,
,,2014 - 2015,23.0,9.0,0.39,,,,,,
,,2015 - 2016,49.0,15.0,0.31,,,,,,
,,2016 - 2017,49.0,6.0,0.12,,,,,,
,,2017 - 2018,59.0,,0.0,,,,,,
,,2018 - 2019,60.0,13.0,0.22,,,,,,
,,2019 - 2020,62.0,19.0,0.31,,,,,,
,,2020 - 2021,67.0,20.0,0.3,,,,,,
,,2021 - 2022,80.0,34.0,0.43,,,,,,
,,2022 - 2023,96.0,30.0,0.31,,,,,,
,Sivaganga,2000 - 2001,,,0.32,,,,,,
,,2002 - 2003,,939.0,0.19,,,,,,
,,2003 - 2004,,,0.25,,,,,,
,,2004 - 2005,,,0.42,,,,,,
,,2005 - 2006,,,0.39,,,,,,
,,2006 - 2007,,771.0,0.16,,,,,,
,,2007 - 2008,,908.0,0.2,,,,,,
,,2008 - 2009,,,0.22,,,,,,
,,2009 - 2010,,,0.27,,,,,,
,,2011 - 2012,,,0.28,,,,,,
,,2013 - 2014,,243.0,0.07,,,,,,
,,2014 - 2015,,262.0,0.08,,,,,,
,,2015 - 2016,,231.0,0.07,,,,,,
,,2016 - 2017,,1.0,0.0,,,,,,
,,2017 - 2018,,,0.0,,,,,,
,,2018 - 2019,,693.0,0.22,,,,,,
,,2019 - 2020,,186.0,0.06,,,,,,
,,2020 - 2021,,88.0,0.03,,,,,,
,,2021 - 2022,,122.0,0.04,,,,,,
,,2022 - 2023,,57.0,0.02,,,,,,
,Thanjavur,2000 - 2001,,,0.44,,,,,,
,,2002 - 2003,,417.0,0.15,,,,,,
,,2003 - 2004,,582.0,0.2,,,,,,
,,2004 - 2005,,759.0,0.31,,,,,,
,,2005 - 2006,,364.0,0.15,,,,,,
,,2006 - 2007,,928.0,0.4,,,,,,
,,2007 - 2008,,,0.57,,,,,,
,,2008 - 2009,,673.0,0.4,,,,,,
,,2009 - 2010,,619.0,0.4,,,,,,
,,2011 - 2012,,490.0,0.26,,,,,,
,,2013 - 2014,,422.0,0.23,,,,,,
,,2014 - 2015,,,3.5,,,,,,
,,2015 - 2016,,,0.91,,,,,,
,,2016 - 2017,,374.0,0.24,,,,,,
,,2017 - 2018,,,0.0,,,,,,
,,2018 - 2019,,441.0,0.25,,,,,,
,,2019 - 2020,,330.0,0.22,,,,,,
,,2020 - 2021,,400.0,0.23,,,,,,
,,2021 - 2022,,,0.67,,,,,,
,,2022 - 2023,,944.0,0.58,,,,,,
,The nilgiris,2000 - 2001,4.0,,0.0,,,,,,
,Theni,2000 - 2001,,836.0,0.38,,,,,,
,,2002 - 2003,,,0.3,,,,,,
,,2003 - 2004,,,0.35,,,,,,
,,2004 - 2005,,,0.26,,,,,,
,,2005 - 2006,,,0.26,,,,,,
,,2006 - 2007,,,0.47,,,,,,
,,2007 - 2008,,,0.54,,,,,,
,,2008 - 2009,,,0.48,,,,,,
,,2009 - 2010,,,0.5,,,,,,
,,2011 - 2012,,,1.08,,,,,,
,,2013 - 2014,,,0.38,,,,,,
,,2014 - 2015,,860.0,0.22,,,,,,
,,2015 - 2016,,,0.31,,,,,,
,,2016 - 2017,,499.0,0.14,,,,,,
,,2017 - 2018,,,0.0,,,,,,
,,2018 - 2019,,,0.29,,,,,,
,,2019 - 2020,,,0.5,,,,,,
,,2020 - 2021,,210.0,0.07,,,,,,
,,2021 - 2022,,,0.76,,,,,,
,,2022 - 2023,,280.0,0.09,,,,,,
,Thenkasi,2020 - 2021,,240.0,0.14,,,,,,
,,2021 - 2022,,240.0,0.15,,,,,,
,,2022 - 2023,,83.0,0.06,,,,,,
,Thiruvallur,2000 - 2001,133.0,44.0,0.33,,,,,,
,,2002 - 2003,222.0,67.0,0.3,,,,,,
,,2003 - 2004,195.0,67.0,0.34,,,,,,
,,2004 - 2005,234.0,85.0,0.36,,,,,,
,,2005 - 2006,365.0,138.0,0.38,,,,,,
,,2006 - 2007,346.0,170.0,0.49,,,,,,
,,2007 - 2008,240.0,137.0,0.57,,,,,,
,,2008 - 2009,246.0,128.0,0.52,,,,,,
,,2009 - 2010,188.0,94.0,0.5,,,,,,
,,2011 - 2012,146.0,38.0,0.26,,,,,,
,,2013 - 2014,104.0,30.0,0.29,,,,,,
,,2014 - 2015,102.0,42.0,0.41,,,,,,
,,2015 - 2016,90.0,28.0,0.31,,,,,,
,,2016 - 2017,161.0,19.0,0.12,,,,,,
,,2017 - 2018,157.0,,0.0,,,,,,
,,2018 - 2019,166.0,37.0,0.22,,,,,,
,,2019 - 2020,147.0,45.0,0.31,,,,,,
,,2020 - 2021,98.0,29.0,0.3,,,,,,
,,2021 - 2022,167.0,71.0,0.43,,,,,,
,,2022 - 2023,156.0,49.0,0.31,,,,,,
,Thiruvarur,2000 - 2001,1.0,,0.0,,,,,,
,,2002 - 2003,21.0,6.0,0.29,,,,,,
,,2003 - 2004,20.0,7.0,0.35,,,,,,
,,2004 - 2005,16.0,6.0,0.38,,,,,,
,,2005 - 2006,5.0,2.0,0.4,,,,,,
,,2006 - 2007,5.0,2.0,0.4,,,,,,
,,2007 - 2008,3.0,2.0,0.67,,,,,,
,,2008 - 2009,3.0,2.0,0.67,,,,,,
,,2009 - 2010,3.0,2.0,0.67,,,,,,
,,2011 - 2012,3.0,1.0,0.33,,,,,,
,,2013 - 2014,3.0,1.0,0.33,,,,,,
,,2014 - 2015,3.0,1.0,0.33,,,,,,
,,2015 - 2016,3.0,1.0,0.33,,,,,,
,,2017 - 2018,4.0,,0.0,,,,,,
,,2018 - 2019,8.0,2.0,0.25,,,,,,
,,2019 - 2020,11.0,3.0,0.27,,,,,,
,,2020 - 2021,10.0,3.0,0.3,,,,,,
,,2021 - 2022,6.0,3.0,0.5,,,,,,
,,2022 - 2023,12.0,4.0,0.33,,,,,,
,Thoothukudi,2000 - 2001,139.0,53.0,0.38,,,,,,
,,2002 - 2003,911.0,275.0,0.3,,,,,,
,,2003 - 2004,749.0,259.0,0.35,,,,,,
,,2004 - 2005,824.0,298.0,0.36,,,,,,
,,2005 - 2006,811.0,307.0,0.38,,,,,,
,,2006 - 2007,839.0,382.0,0.46,,,,,,
,,2007 - 2008,789.0,451.0,0.57,,,,,,
,,2008 - 2009,817.0,426.0,0.52,,,,,,
,,2009 - 2010,713.0,357.0,0.5,,,,,,
,,2011 - 2012,733.0,193.0,0.26,,,,,,
,,2013 - 2014,722.0,206.0,0.29,,,,,,
,,2014 - 2015,693.0,285.0,0.41,,,,,,
,,2015 - 2016,592.0,112.0,0.19,,,,,,
,,2016 - 2017,594.0,20.0,0.03,,,,,,
,,2017 - 2018,548.0,,0.0,,,,,,
,,2018 - 2019,502.0,147.0,0.29,,,,,,
,,2019 - 2020,487.0,350.0,0.72,,,,,,
,,2020 - 2021,426.0,128.0,0.3,,,,,,
,,2021 - 2022,433.0,184.0,0.42,,,,,,
,,2022 - 2023,417.0,131.0,0.31,,,,,,
,Tiruchirappalli,2000 - 2001,102.0,32.0,0.31,,,,,,
,,2002 - 2003,770.0,233.0,0.3,,,,,,
,,2003 - 2004,786.0,271.0,0.34,,,,,,
,,2004 - 2005,800.0,289.0,0.36,,,,,,
,,2005 - 2006,781.0,295.0,0.38,,,,,,
,,2006 - 2007,781.0,355.0,0.45,,,,,,
,,2007 - 2008,801.0,458.0,0.57,,,,,,
,,2008 - 2009,776.0,390.0,0.5,,,,,,
,,2009 - 2010,711.0,356.0,0.5,,,,,,
,,2011 - 2012,633.0,167.0,0.26,,,,,,
,,2013 - 2014,604.0,172.0,0.28,,,,,,
,,2014 - 2015,593.0,244.0,0.41,,,,,,
,,2015 - 2016,582.0,94.0,0.16,,,,,,
,,2016 - 2017,573.0,,0.0,,,,,,
,,2017 - 2018,636.0,,0.0,,,,,,
,,2018 - 2019,658.0,145.0,0.22,,,,,,
,,2019 - 2020,671.0,387.0,0.58,,,,,,
,,2020 - 2021,738.0,221.0,0.3,,,,,,
,,2021 - 2022,772.0,328.0,0.42,,,,,,
,,2022 - 2023,752.0,285.0,0.38,,,,,,
,Tirunelveli,2000 - 2001,,442.0,0.38,,,,,,
,,2002 - 2003,,,0.3,,,,,,
,,2003 - 2004,,,0.25,,,,,,
,,2004 - 2005,,,0.41,,,,,,
,,2005 - 2006,,,0.69,,,,,,
,,2006 - 2007,,,0.8,,,,,,
,,2007 - 2008,,,0.85,,,,,,
,,2008 - 2009,,,0.52,,,,,,
,,2009 - 2010,,,0.3,,,,,,
,,2011 - 2012,,467.0,0.11,,,,,,
,,2013 - 2014,,243.0,0.06,,,,,,
,,2014 - 2015,,658.0,0.17,,,,,,
,,2015 - 2016,,588.0,0.15,,,,,,
,,2016 - 2017,,67.0,0.02,,,,,,
,,2017 - 2018,,,0.0,,,,,,
,,2018 - 2019,,143.0,0.05,,,,,,
,,2019 - 2020,,467.0,0.16,,,,,,
,,2020 - 2021,991.0,97.0,0.1,,,,,,
,,2021 - 2022,939.0,118.0,0.13,,,,,,
,,2022 - 2023,801.0,63.0,0.08,,,,,,
,Tirupathur,2021 - 2022,1.0,0.0,0.0,,,,,,
,Tiruppur,2008 - 2009,247.0,,0.0,,,,,,
,,2009 - 2010,239.0,120.0,0.5,,,,,,
,,2011 - 2012,262.0,69.0,0.26,,,,,,
,,2013 - 2014,203.0,58.0,0.29,,,,,,
,,2014 - 2015,221.0,91.0,0.41,,,,,,
,,2015 - 2016,184.0,56.0,0.3,,,,,,
,,2016 - 2017,165.0,19.0,0.12,,,,,,
,,2017 - 2018,162.0,,0.0,,,,,,
,,2018 - 2019,143.0,32.0,0.22,,,,,,
,,2019 - 2020,93.0,28.0,0.3,,,,,,
,,2020 - 2021,93.0,28.0,0.3,,,,,,
,,2021 - 2022,88.0,37.0,0.42,,,,,,
,,2022 - 2023,49.0,15.0,0.31,,,,,,
,Tiruvannamalai,2004 - 2005,12.0,4.0,0.33,,,,,,
,,2005 - 2006,2.0,1.0,0.5,,,,,,
,,2006 - 2007,1.0,1.0,1.0,,,,,,
,,2007 - 2008,12.0,7.0,0.58,,,,,,
,,2008 - 2009,7.0,4.0,0.57,,,,,,
,,2009 - 2010,10.0,5.0,0.5,,,,,,
,,2011 - 2012,7.0,2.0,0.29,,,,,,
,,2013 - 2014,1.0,,0.0,,,,,,
,,2015 - 2016,1.0,,0.0,,,,,,
,,2016 - 2017,4.0,,0.0,,,,,,
,,2017 - 2018,8.0,,0.0,,,,,,
,,2018 - 2019,6.0,1.0,0.17,,,,,,
,,2019 - 2020,3.0,1.0,0.33,,,,,,
,,2020 - 2021,4.0,1.0,0.25,,,,,,
,,2021 - 2022,25.0,11.0,0.44,,,,,,
,,2022 - 2023,18.0,6.0,0.33,,,,,,
,Vellore,2002 - 2003,29.0,9.0,0.31,,,,,,
,,2003 - 2004,37.0,13.0,0.35,,,,,,
,,2004 - 2005,45.0,16.0,0.36,,,,,,
,,2005 - 2006,23.0,9.0,0.39,,,,,,
,,2006 - 2007,24.0,11.0,0.46,,,,,,
,,2007 - 2008,26.0,15.0,0.58,,,,,,
,,2008 - 2009,26.0,14.0,0.54,,,,,,
,,2009 - 2010,23.0,12.0,0.52,,,,,,
,,2011 - 2012,11.0,3.0,0.27,,,,,,
,,2013 - 2014,9.0,3.0,0.33,,,,,,
,,2014 - 2015,6.0,2.0,0.33,,,,,,
,,2015 - 2016,17.0,5.0,0.29,,,,,,
,,2016 - 2017,12.0,1.0,0.08,,,,,,
,,2017 - 2018,15.0,,0.0,,,,,,
,,2018 - 2019,13.0,3.0,0.23,,,,,,
,,2019 - 2020,16.0,5.0,0.31,,,,,,
,,2020 - 2021,3.0,1.0,0.33,,,,,,
,,2021 - 2022,2.0,1.0,0.5,,,,,,
,Villupuram,2000 - 2001,401.0,103.0,0.26,,,,,,
,,2002 - 2003,,,0.5,,,,,,
,,2003 - 2004,,,0.3,,,,,,
,,2004 - 2005,,949.0,0.2,,,,,,
,,2005 - 2006,,,0.24,,,,,,
,,2006 - 2007,,768.0,0.16,,,,,,
,,2007 - 2008,,,0.23,,,,,,
,,2008 - 2009,,,0.63,,,,,,
,,2009 - 2010,,,0.43,,,,,,
,,2011 - 2012,,610.0,0.13,,,,,,
,,2013 - 2014,,,0.47,,,,,,
,,2014 - 2015,,,0.69,,,,,,
,,2015 - 2016,,,0.68,,,,,,
,,2016 - 2017,,,0.62,,,,,,
,,2017 - 2018,,,0.0,,,,,,
,,2018 - 2019,,,0.87,,,,,,
,,2019 - 2020,,,0.65,,,,,,
,,2020 - 2021,,,0.38,,,,,,
,,2021 - 2022,,,3.0,,,,,,
,,2022 - 2023,,,1.36,,,,,,
,Virudhunagar,2002 - 2003,34.0,10.0,0.29,,,,,,
,,2003 - 2004,66.0,23.0,0.35,,,,,,
,,2004 - 2005,72.0,26.0,0.36,,,,,,
,,2005 - 2006,82.0,31.0,0.38,,,,,,
,,2006 - 2007,63.0,29.0,0.46,,,,,,
,,2007 - 2008,69.0,39.0,0.57,,,,,,
,,2008 - 2009,73.0,38.0,0.52,,,,,,
,,2009 - 2010,65.0,33.0,0.51,,,,,,
,,2011 - 2012,67.0,18.0,0.27,,,,,,
,,2013 - 2014,36.0,10.0,0.28,,,,,,
,,2014 - 2015,41.0,17.0,0.41,,,,,,
,,2015 - 2016,46.0,14.0,0.3,,,,,,
,,2016 - 2017,35.0,4.0,0.11,,,,,,
,,2017 - 2018,49.0,,0.0,,,,,,
,,2018 - 2019,34.0,8.0,0.24,,,,,,
,,2019 - 2020,40.0,12.0,0.3,,,,,,
,,2020 - 2021,40.0,12.0,0.3,,,,,,
,,2021 - 2022,29.0,12.0,0.41,,,,,,
,,2022 - 2023,23.0,7.0,0.3,,,,,,
Telangana,Adilabad,2000 - 2001,24.0,4.0,0.17,,,,,,
,,2001 - 2002,24.0,2.0,0.08,,,,,,
,,2002 - 2003,86.0,19.0,0.22,,,,,,
,,2003 - 2004,24.0,4.0,0.17,,,,,,
,,2004 - 2005,24.0,8.0,0.33,,,,,,
,,2005 - 2006,60.0,21.0,0.35,,,,,,
,,2006 - 2007,62.0,11.0,0.18,,,,,,
,,2010 - 2011,29.0,10.0,0.34,,,,,,
,,2011 - 2012,29.0,23.0,0.79,,,,,,
,,2013 - 2014,,,,,,,27.0,17.0,0.63
,,2014 - 2015,,,,,,,12.0,7.0,0.58
,Bhadradri,2016 - 2017,,,,,,,,725.0,0.42
,,2017 - 2018,,,,,,,,447.0,0.3
,,2018 - 2019,,,,,,,,346.0,0.25
,,2019 - 2020,,,,,,,,428.0,0.31
,,2020 - 2021,,,,,,,,398.0,0.31
,,2021 - 2022,,,,,,,,,0.62
,,2022 - 2023,,,,,,,,968.0,0.22
,Jangoan,2022 - 2023,,,,,,,1.0,0.0,0.0
,Jayashankar,2016 - 2017,,,,,,,27.0,11.0,0.41
,,2017 - 2018,,,,,,,22.0,7.0,0.32
,Kamareddy,2021 - 2022,,,,,,,2.0,1.0,0.5
,Khammam,2000 - 2001,,,0.16,,,,,,
,,2001 - 2002,,,0.1,,,,,,
,,2002 - 2003,,,0.22,,,,,,
,,2003 - 2004,,,0.18,,,,,,
,,2004 - 2005,,,0.35,,,,,,
,,2005 - 2006,,,0.34,,,,,,
,,2006 - 2007,,,0.18,,,,,,
,,2008 - 2009,,,0.47,,,,,,
,,2009 - 2010,,,0.44,,,,,,
,,2010 - 2011,,,0.31,,,,,,
,,2011 - 2012,,,0.77,,,,,,
,,2013 - 2014,,,,,,,,,0.64
,,2014 - 2015,,,,,,,,,0.56
,,2015 - 2016,,,,,,,,,0.71
,,2016 - 2017,,,,,,,85.0,36.0,0.42
,,2017 - 2018,,,,,,,76.0,23.0,0.3
,,2018 - 2019,,,,,,,76.0,19.0,0.25
,,2019 - 2020,,,,,,,76.0,23.0,0.3
,,2020 - 2021,,,,,,,160.0,50.0,0.31
,,2021 - 2022,,,,,,,204.0,134.0,0.66
,,2022 - 2023,,,,,,,180.0,115.0,0.64
,Komaram bheem asifabad,2018 - 2019,,,,,,,4.0,1.0,0.25
,,2019 - 2020,,,,,,,16.0,5.0,0.31
,,2020 - 2021,,,,,,,11.0,3.0,0.27
,,2021 - 2022,,,,,,,8.0,5.0,0.63
,,2022 - 2023,,,,,,,11.0,3.0,0.27
,Mahbubnagar,2000 - 2001,1.0,,0.0,,,,,,
,,2001 - 2002,18.0,2.0,0.11,,,,,,
,,2002 - 2003,10.0,2.0,0.2,,,,,,
,,2003 - 2004,3.0,0.0,0.0,,,,,,
,,2004 - 2005,3.0,1.0,0.33,,,,,,
,,2005 - 2006,3.0,1.0,0.33,,,,,,
,,2006 - 2007,3.0,,0.0,,,,,,
,,2008 - 2009,9.0,4.0,0.44,,,,,,
,Mancherial,2017 - 2018,,,,,,,4.0,1.0,0.25
,,2018 - 2019,,,,,,,4.0,1.0,0.25
,,2019 - 2020,,,,,,,6.0,2.0,0.33
,,2020 - 2021,,,,,,,24.0,7.0,0.29
,,2021 - 2022,,,,,,,31.0,12.0,0.39
,,2022 - 2023,,,,,,,31.0,28.0,0.9
,Medak,2000 - 2001,22.0,4.0,0.18,,,,,,
,,2001 - 2002,18.0,2.0,0.11,,,,,,
,,2002 - 2003,15.0,3.0,0.2,,,,,,
,,2003 - 2004,19.0,3.0,0.16,,,,,,
,,2004 - 2005,23.0,8.0,0.35,,,,,,
,,2005 - 2006,21.0,7.0,0.33,,,,,,
,,2006 - 2007,20.0,4.0,0.2,,,,,,
,,2021 - 2022,,,,,,,1.0,1.0,1.0
,,2022 - 2023,,,,,,,1.0,0.0,0.0
,Medchal,2021 - 2022,,,,,,,1.0,1.0,1.0
,,2022 - 2023,,,,,,,1.0,0.0,0.0
,Mulugu,2018 - 2019,,,,,,,13.0,3.0,0.23
,,2019 - 2020,,,,,,,10.0,3.0,0.3
,,2020 - 2021,,,,,,,9.0,3.0,0.33
,,2021 - 2022,,,,,,,3.0,2.0,0.67
,,2022 - 2023,,,,,,,6.0,1.0,0.17
,Nalgonda,2005 - 2006,4.0,1.0,0.25,,,,,,
,,2020 - 2021,,,,,,,6.0,2.0,0.33
,,2021 - 2022,,,,,,,10.0,6.0,0.6
,,2022 - 2023,,,,,,,11.0,3.0,0.27
,Narayanapet,2022 - 2023,,,,,,,1.0,0.0,0.0
,Rangareddi,2000 - 2001,2.0,,0.0,,,,,,
,,2002 - 2003,3.0,1.0,0.33,,,,,,
,,2003 - 2004,3.0,0.0,0.0,,,,,,
,,2004 - 2005,4.0,1.0,0.25,,,,,,
,,2005 - 2006,4.0,1.0,0.25,,,,,,
,,2006 - 2007,4.0,1.0,0.25,,,,,,
,,2016 - 2017,,,,,,,3.0,1.0,0.33
,Sangareddy,2018 - 2019,,,,,,,4.0,1.0,0.25
,,2019 - 2020,,,,,,,14.0,4.0,0.29
,,2020 - 2021,,,,,,,15.0,5.0,0.33
,,2021 - 2022,,,,,,,23.0,14.0,0.61
,,2022 - 2023,,,,,,,15.0,16.0,1.07
,Siddipet,2020 - 2021,,,,,,,2.0,1.0,0.5
,,2021 - 2022,,,,,,,1.0,1.0,1.0
,Warangal,2021 - 2022,,,,,,,1.0,1.0,1.0
,,2022 - 2023,,,,,,,2.0,0.0,0.0
,Yadadri,2021 - 2022,,,,,,,3.0,2.0,0.67
,,2022 - 2023,,,,,,,1.0,0.0,0.0
