state,district,year,jute_kharif_area_hectare,jute_kharif_production_bales,jute_kharif_yield_tonne_per_hectare,jute_rabi_area_hectare,jute_rabi_production_bales,jute_rabi_yield_tonne_per_hectare,jute_autumn_area_hectare,jute_autumn_production_bales,jute_autumn_yield_tonne_per_hectare
Assam,Baksa,2005 - 2006,382.0,,9.27,,,,,,
,,2006 - 2007,,,9.69,,,,,,
,,2007 - 2008,,,6.99,,,,,,
,,2008 - 2009,913.0,,8.86,,,,,,
,,2009 - 2010,906.0,,9.15,,,,,,
,,2010 - 2011,570.0,,15.35,,,,,,
,,2011 - 2012,848.0,,7.51,,,,,,
,,2012 - 2013,590.0,,5.72,,,,,,
,,2013 - 2014,816.0,,6.64,,,,,,
,,2014 - 2015,540.0,,5.37,,,,,,
,,2015 - 2016,810.0,,6.42,,,,,,
,,2016 - 2017,510.0,,5.8,,,,,,
,,2017 - 2018,515.0,,5.44,,,,,,
,,2018 - 2019,485.0,,7.24,,,,,,
,,2019 - 2020,515.0,,6.14,,,,,,
,,2020 - 2021,460.0,,7.39,,,,,,
,,2021 - 2022,471.0,,7.93,,,,,,
,,2022 - 2023,416.0,,11.87,,,,,,
,Barpeta,2000 - 2001,,,7.36,,,,,,
,,2001 - 2002,,,9.12,,,,,,
,,2002 - 2003,,,8.92,,,,,,
,,2003 - 2004,,,9.97,,,,,,
,,2004 - 2005,,,0.74,,,,,,
,,2005 - 2006,,,9.38,,,,,,
,,2006 - 2007,,,10.1,,,,,,
,,2007 - 2008,,,10.39,,,,,,
,,2008 - 2009,,,8.12,,,,,,
,,2009 - 2010,,,8.5,,,,,,
,,2010 - 2011,,,7.81,,,,,,
,,2011 - 2012,,,9.99,,,,,,
,,2012 - 2013,,,4.5,,,,,,
,,2013 - 2014,,,8.67,,,,,,
,,2014 - 2015,,,10.35,,,,,,
,,2015 - 2016,,,10.94,,,,,,
,,2016 - 2017,,,9.32,,,,,,
,,2017 - 2018,,,14.46,,,,,,
,,2018 - 2019,,,12.07,,,,,,
,,2019 - 2020,,,12.27,,,,,,
,,2020 - 2021,,,11.69,,,,,,
,,2021 - 2022,,,12.64,,,,,,
,,2022 - 2023,,,13.04,,,,,,
,Biswanath,2020 - 2021,,,8.19,,,,,,
,,2021 - 2022,947.0,,7.76,,,,,,
,,2022 - 2023,803.0,,11.66,,,,,,
,Bongaigaon,2000 - 2001,,,10.84,,,,,,
,,2001 - 2002,,,10.27,,,,,,
,,2002 - 2003,,,10.92,,,,,,
,,2003 - 2004,,,10.22,,,,,,
,,2004 - 2005,,,10.23,,,,,,
,,2005 - 2006,,,9.14,,,,,,
,,2006 - 2007,,,10.37,,,,,,
,,2007 - 2008,,,9.08,,,,,,
,,2008 - 2009,,,11.0,,,,,,
,,2009 - 2010,,,11.54,,,,,,
,,2010 - 2011,,,11.45,,,,,,
,,2011 - 2012,,,10.53,,,,,,
,,2012 - 2013,,,10.84,,,,,,
,,2013 - 2014,,,13.49,,,,,,
,,2014 - 2015,,,12.2,,,,,,
,,2015 - 2016,,,10.94,,,,,,
,,2016 - 2017,,,11.06,,,,,,
,,2017 - 2018,,,11.76,,,,,,
,,2018 - 2019,,,11.25,,,,,,
,,2019 - 2020,,,11.62,,,,,,
,,2020 - 2021,,,18.35,,,,,,
,,2021 - 2022,,,11.53,,,,,,
,,2022 - 2023,,,10.31,,,,,,
,Cachar,2000 - 2001,67.0,644.0,9.61,,,,,,
,,2001 - 2002,70.0,693.0,9.9,,,,,,
,,2002 - 2003,70.0,712.0,10.17,,,,,,
,,2003 - 2004,75.0,779.0,10.39,,,,,,
,,2004 - 2005,81.0,574.0,7.09,,,,,,
,,2005 - 2006,73.0,745.0,10.21,,,,,,
,,2006 - 2007,49.0,474.0,9.67,,,,,,
,,2007 - 2008,52.0,571.0,10.98,,,,,,
,,2008 - 2009,53.0,571.0,10.77,,,,,,
,,2009 - 2010,53.0,579.0,10.92,,,,,,
,,2010 - 2011,52.0,522.0,10.04,,,,,,
,,2011 - 2012,51.0,472.0,9.25,,,,,,
,,2012 - 2013,52.0,445.0,8.56,,,,,,
,,2013 - 2014,56.0,575.0,10.27,,,,,,
,,2014 - 2015,49.0,533.0,10.88,,,,,,
,,2015 - 2016,50.0,600.0,12.0,,,,,,
,,2016 - 2017,38.0,406.0,10.68,,,,,,
,,2017 - 2018,34.0,409.0,12.03,,,,,,
,,2018 - 2019,32.0,370.0,11.56,,,,,,
,,2019 - 2020,33.0,407.0,12.33,,,,,,
,,2020 - 2021,29.0,357.0,12.31,,,,,,
,,2021 - 2022,35.0,423.0,12.09,,,,,,
,,2022 - 2023,33.0,392.0,11.88,,,,,,
,Charaideo,2020 - 2021,4.0,49.0,12.25,,,,,,
,,2021 - 2022,5.0,60.0,12.0,,,,,,
,,2022 - 2023,5.0,59.0,11.8,,,,,,
,Chirang,2005 - 2006,,,9.97,,,,,,
,,2006 - 2007,,,9.69,,,,,,
,,2007 - 2008,,,10.39,,,,,,
,,2008 - 2009,,,10.06,,,,,,
,,2009 - 2010,,,10.0,,,,,,
,,2010 - 2011,,,9.41,,,,,,
,,2011 - 2012,,,9.37,,,,,,
,,2012 - 2013,,,8.57,,,,,,
,,2013 - 2014,,,10.27,,,,,,
,,2014 - 2015,,,8.79,,,,,,
,,2015 - 2016,,,9.62,,,,,,
,,2016 - 2017,970.0,,8.73,,,,,,
,,2017 - 2018,950.0,,9.24,,,,,,
,,2018 - 2019,,,9.34,,,,,,
,,2019 - 2020,,,9.58,,,,,,
,,2020 - 2021,,,9.91,,,,,,
,,2021 - 2022,,,9.26,,,,,,
,,2022 - 2023,,,9.97,,,,,,
,Darrang,2000 - 2001,,,7.56,,,,,,
,,2001 - 2002,,,10.71,,,,,,
,,2002 - 2003,,,14.81,,,,,,
,,2003 - 2004,,,13.55,,,,,,
,,2004 - 2005,,,7.38,,,,,,
,,2005 - 2006,,,8.77,,,,,,
,,2006 - 2007,,,6.48,,,,,,
,,2007 - 2008,,,7.01,,,,,,
,,2008 - 2009,,,6.56,,,,,,
,,2009 - 2010,,,10.04,,,,,,
,,2010 - 2011,,,7.41,,,,,,
,,2011 - 2012,,,9.94,,,,,,
,,2012 - 2013,,,8.04,,,,,,
,,2013 - 2014,,,8.78,,,,,,
,,2014 - 2015,,,10.67,,,,,,
,,2015 - 2016,,,16.07,,,,,,
,,2016 - 2017,,,15.98,,,,,,
,,2017 - 2018,,,11.76,,,,,,
,,2018 - 2019,,,14.14,,,,,,
,,2019 - 2020,,,16.54,,,,,,
,,2020 - 2021,,,12.64,,,,,,
,,2021 - 2022,,,13.55,,,,,,
,,2022 - 2023,,,11.99,,,,,,
,Dhemaji,2000 - 2001,171.0,,9.61,,,,,,
,,2001 - 2002,165.0,,9.9,,,,,,
,,2002 - 2003,173.0,,10.17,,,,,,
,,2003 - 2004,164.0,,10.39,,,,,,
,,2004 - 2005,161.0,,7.08,,,,,,
,,2005 - 2006,91.0,928.0,10.2,,,,,,
,,2006 - 2007,91.0,881.0,9.68,,,,,,
,,2007 - 2008,95.0,,10.98,,,,,,
,,2008 - 2009,80.0,862.0,10.78,,,,,,
,,2009 - 2010,101.0,,10.93,,,,,,
,,2010 - 2011,84.0,844.0,10.05,,,,,,
,,2011 - 2012,87.0,807.0,9.28,,,,,,
,,2012 - 2013,86.0,739.0,8.59,,,,,,
,,2013 - 2014,87.0,894.0,10.28,,,,,,
,,2014 - 2015,82.0,895.0,10.91,,,,,,
,,2015 - 2016,73.0,876.0,12.0,,,,,,
,,2016 - 2017,70.0,748.0,10.69,,,,,,
,,2017 - 2018,69.0,830.0,12.03,,,,,,
,,2018 - 2019,68.0,788.0,11.59,,,,,,
,,2019 - 2020,61.0,752.0,12.33,,,,,,
,,2020 - 2021,70.0,861.0,12.3,,,,,,
,,2021 - 2022,62.0,750.0,12.1,,,,,,
,,2022 - 2023,71.0,843.0,11.87,,,,,,
,Dhubri,2000 - 2001,,,9.13,,,,,,
,,2001 - 2002,,,8.12,,,,,,
,,2002 - 2003,,,7.39,,,,,,
,,2003 - 2004,,,6.4,,,,,,
,,2004 - 2005,,,6.01,,,,,,
,,2005 - 2006,,,8.24,,,,,,
,,2006 - 2007,,,8.69,,,,,,
,,2007 - 2008,,,9.35,,,,,,
,,2008 - 2009,,,9.02,,,,,,
,,2009 - 2010,,,8.43,,,,,,
,,2010 - 2011,,,7.64,,,,,,
,,2011 - 2012,,,9.58,,,,,,
,,2012 - 2013,,,8.33,,,,,,
,,2013 - 2014,,,10.17,,,,,,
,,2014 - 2015,,,10.11,,,,,,
,,2015 - 2016,,,9.73,,,,,,
,,2016 - 2017,,,10.45,,,,,,
,,2017 - 2018,,,16.27,,,,,,
,,2018 - 2019,,,13.43,,,,,,
,,2019 - 2020,,,14.63,,,,,,
,,2020 - 2021,,,14.85,,,,,,
,,2021 - 2022,,,12.74,,,,,,
,,2022 - 2023,,,12.56,,,,,,
,Dibrugarh,2000 - 2001,19.0,183.0,9.63,,,,,,
,,2001 - 2002,16.0,158.0,9.88,,,,,,
,,2002 - 2003,15.0,153.0,10.2,,,,,,
,,2003 - 2004,10.0,104.0,10.4,,,,,,
,,2004 - 2005,10.0,71.0,7.1,,,,,,
,,2005 - 2006,26.0,265.0,10.19,,,,,,
,,2006 - 2007,18.0,174.0,9.67,,,,,,
,,2007 - 2008,8.0,88.0,11.0,,,,,,
,,2008 - 2009,8.0,86.0,10.75,,,,,,
,,2009 - 2010,6.0,66.0,11.0,,,,,,
,,2010 - 2011,5.0,50.0,10.0,,,,,,
,,2011 - 2012,6.0,56.0,9.33,,,,,,
,,2012 - 2013,8.0,67.0,8.38,,,,,,
,,2013 - 2014,5.0,51.0,10.2,,,,,,
,,2014 - 2015,7.0,78.0,11.14,,,,,,
,,2015 - 2016,7.0,84.0,12.0,,,,,,
,,2016 - 2017,11.0,118.0,10.73,,,,,,
,,2017 - 2018,11.0,132.0,12.0,,,,,,
,,2018 - 2019,10.0,116.0,11.6,,,,,,
,,2019 - 2020,12.0,148.0,12.33,,,,,,
,,2020 - 2021,12.0,148.0,12.33,,,,,,
,,2021 - 2022,14.0,169.0,12.07,,,,,,
,,2022 - 2023,9.0,107.0,11.89,,,,,,
,Dima hasao,2000 - 2001,61.0,586.0,9.61,,,,,,
,,2001 - 2002,62.0,613.0,9.89,,,,,,
,,2002 - 2003,58.0,590.0,10.17,,,,,,
,,2003 - 2004,54.0,561.0,10.39,,,,,,
,,2004 - 2005,55.0,389.0,7.07,,,,,,
,,2005 - 2006,51.0,520.0,10.2,,,,,,
,,2006 - 2007,49.0,475.0,9.69,,,,,,
,,2007 - 2008,47.0,516.0,10.98,,,,,,
,,2008 - 2009,48.0,517.0,10.77,,,,,,
,,2009 - 2010,55.0,601.0,10.93,,,,,,
,,2010 - 2011,61.0,613.0,10.05,,,,,,
,,2011 - 2012,60.0,556.0,9.27,,,,,,
,,2012 - 2013,59.0,506.0,8.58,,,,,,
,,2013 - 2014,27.0,277.0,10.26,,,,,,
,,2014 - 2015,27.0,294.0,10.89,,,,,,
,,2015 - 2016,91.0,,12.01,,,,,,
,,2016 - 2017,95.0,,10.68,,,,,,
,,2017 - 2018,95.0,,12.03,,,,,,
,,2018 - 2019,75.0,868.0,11.57,,,,,,
,,2019 - 2020,88.0,,12.32,,,,,,
,,2020 - 2021,88.0,,12.31,,,,,,
,,2021 - 2022,16.0,193.0,12.06,,,,,,
,,2022 - 2023,10.0,119.0,11.9,,,,,,
,Goalpara,2000 - 2001,,,12.69,,,,,,
,,2001 - 2002,,,6.3,,,,,,
,,2002 - 2003,,,7.44,,,,,,
,,2003 - 2004,,,7.85,,,,,,
,,2004 - 2005,,,9.85,,,,,,
,,2005 - 2006,,,9.89,,,,,,
,,2006 - 2007,,,9.08,,,,,,
,,2007 - 2008,,,12.73,,,,,,
,,2008 - 2009,,,15.42,,,,,,
,,2009 - 2010,,,13.45,,,,,,
,,2010 - 2011,,,16.25,,,,,,
,,2011 - 2012,,,9.57,,,,,,
,,2012 - 2013,,,9.36,,,,,,
,,2013 - 2014,,,7.28,,,,,,
,,2014 - 2015,,,8.83,,,,,,
,,2015 - 2016,,,13.28,,,,,,
,,2016 - 2017,,,8.29,,,,,,
,,2017 - 2018,,,8.99,,,,,,
,,2018 - 2019,,,9.96,,,,,,
,,2019 - 2020,,,9.02,,,,,,
,,2020 - 2021,,,8.76,,,,,,
,,2021 - 2022,,,8.47,,,,,,
,,2022 - 2023,,,9.69,,,,,,
,Golaghat,2000 - 2001,929.0,,9.98,,,,,,
,,2001 - 2002,935.0,,9.6,,,,,,
,,2002 - 2003,701.0,,9.55,,,,,,
,,2003 - 2004,687.0,,8.63,,,,,,
,,2004 - 2005,685.0,,8.55,,,,,,
,,2005 - 2006,700.0,,11.02,,,,,,
,,2006 - 2007,551.0,,6.55,,,,,,
,,2007 - 2008,418.0,,8.95,,,,,,
,,2008 - 2009,303.0,,9.17,,,,,,
,,2009 - 2010,362.0,,10.93,,,,,,
,,2010 - 2011,316.0,,10.05,,,,,,
,,2011 - 2012,310.0,,9.27,,,,,,
,,2012 - 2013,350.0,,8.57,,,,,,
,,2013 - 2014,332.0,,10.27,,,,,,
,,2014 - 2015,279.0,,10.89,,,,,,
,,2015 - 2016,294.0,,12.01,,,,,,
,,2016 - 2017,292.0,,10.68,,,,,,
,,2017 - 2018,289.0,,12.03,,,,,,
,,2018 - 2019,209.0,,11.58,,,,,,
,,2019 - 2020,207.0,,12.32,,,,,,
,,2020 - 2021,229.0,,12.31,,,,,,
,,2021 - 2022,198.0,,12.08,,,,,,
,,2022 - 2023,113.0,,11.88,,,,,,
,Hailakandi,2000 - 2001,30.0,288.0,9.6,,,,,,
,,2001 - 2002,30.0,297.0,9.9,,,,,,
,,2002 - 2003,30.0,305.0,10.17,,,,,,
,,2003 - 2004,30.0,512.0,17.07,,,,,,
,,2004 - 2005,25.0,177.0,7.08,,,,,,
,,2005 - 2006,25.0,255.0,10.2,,,,,,
,,2006 - 2007,35.0,339.0,9.69,,,,,,
,,2007 - 2008,30.0,329.0,10.97,,,,,,
,,2008 - 2009,35.0,377.0,10.77,,,,,,
,,2009 - 2010,35.0,382.0,10.91,,,,,,
,,2010 - 2011,40.0,402.0,10.05,,,,,,
,,2011 - 2012,35.0,325.0,9.29,,,,,,
,,2012 - 2013,25.0,217.0,8.68,,,,,,
,,2013 - 2014,50.0,514.0,10.28,,,,,,
,,2014 - 2015,30.0,328.0,10.93,,,,,,
,,2015 - 2016,28.0,336.0,12.0,,,,,,
,,2016 - 2017,28.0,299.0,10.68,,,,,,
,,2017 - 2018,14.0,168.0,12.0,,,,,,
,,2018 - 2019,15.0,174.0,11.6,,,,,,
,,2019 - 2020,16.0,197.0,12.31,,,,,,
,,2020 - 2021,15.0,185.0,12.33,,,,,,
,,2021 - 2022,14.0,169.0,12.07,,,,,,
,,2022 - 2023,12.0,142.0,11.83,,,,,,
,Hojai,2020 - 2021,438.0,,11.51,,,,,,
,,2021 - 2022,437.0,,16.3,,,,,,
,,2022 - 2023,437.0,,16.27,,,,,,
,Jorhat,2000 - 2001,113.0,,9.61,,,,,,
,,2001 - 2002,163.0,,9.9,,,,,,
,,2002 - 2003,135.0,,10.17,,,,,,
,,2003 - 2004,143.0,,10.38,,,,,,
,,2004 - 2005,109.0,772.0,7.08,,,,,,
,,2005 - 2006,145.0,,10.2,,,,,,
,,2006 - 2007,136.0,,9.68,,,,,,
,,2007 - 2008,121.0,,10.98,,,,,,
,,2008 - 2009,140.0,,10.77,,,,,,
,,2009 - 2010,93.0,,10.92,,,,,,
,,2010 - 2011,73.0,734.0,10.05,,,,,,
,,2011 - 2012,89.0,832.0,9.35,,,,,,
,,2012 - 2013,55.0,472.0,8.58,,,,,,
,,2013 - 2014,54.0,555.0,10.28,,,,,,
,,2014 - 2015,53.0,577.0,10.89,,,,,,
,,2015 - 2016,49.0,588.0,12.0,,,,,,
,,2016 - 2017,48.0,513.0,10.69,,,,,,
,,2017 - 2018,45.0,541.0,12.02,,,,,,
,,2018 - 2019,16.0,186.0,11.63,,,,,,
,,2019 - 2020,17.0,210.0,12.35,,,,,,
,,2020 - 2021,11.0,135.0,12.27,,,,,,
,,2021 - 2022,11.0,133.0,12.09,,,,,,
,,2022 - 2023,10.0,119.0,11.9,,,,,,
,Kamrup,2000 - 2001,,,10.63,,,,,,
,,2001 - 2002,,,10.62,,,,,,
,,2002 - 2003,,,9.32,,,,,,
,,2003 - 2004,,,8.42,,,,,,
,,2004 - 2005,,,5.54,,,,,,
,,2005 - 2006,,,13.82,,,,,,
,,2006 - 2007,,,14.64,,,,,,
,,2007 - 2008,,,15.19,,,,,,
,,2008 - 2009,,,15.29,,,,,,
,,2009 - 2010,,,14.3,,,,,,
,,2010 - 2011,,,15.33,,,,,,
,,2011 - 2012,,,8.29,,,,,,
,,2012 - 2013,,,6.4,,,,,,
,,2013 - 2014,,,6.99,,,,,,
,,2014 - 2015,,,9.89,,,,,,
,,2015 - 2016,,,12.67,,,,,,
,,2016 - 2017,,,6.41,,,,,,
,,2017 - 2018,,,6.45,,,,,,
,,2018 - 2019,,,8.76,,,,,,
,,2019 - 2020,,,5.27,,,,,,
,,2020 - 2021,,,9.27,,,,,,
,,2021 - 2022,,,9.33,,,,,,
,,2022 - 2023,,,9.63,,,,,,
,Kamrup metro,2005 - 2006,69.0,969.0,14.04,,,,,,
,,2006 - 2007,67.0,649.0,9.69,,,,,,
,,2007 - 2008,139.0,,10.98,,,,,,
,,2008 - 2009,145.0,,10.77,,,,,,
,,2009 - 2010,60.0,656.0,10.93,,,,,,
,,2010 - 2011,51.0,512.0,10.04,,,,,,
,,2011 - 2012,47.0,436.0,9.28,,,,,,
,,2012 - 2013,50.0,428.0,8.56,,,,,,
,,2013 - 2014,46.0,473.0,10.28,,,,,,
,,2014 - 2015,42.0,458.0,10.9,,,,,,
,,2015 - 2016,42.0,504.0,12.0,,,,,,
,,2016 - 2017,41.0,438.0,10.68,,,,,,
,,2017 - 2018,39.0,469.0,12.03,,,,,,
,,2018 - 2019,34.0,394.0,11.59,,,,,,
,,2019 - 2020,34.0,419.0,12.32,,,,,,
,,2020 - 2021,34.0,418.0,12.29,,,,,,
,,2021 - 2022,52.0,628.0,12.08,,,,,,
,,2022 - 2023,42.0,499.0,11.88,,,,,,
,Karbi anglong,2000 - 2001,,,13.01,,,,,,
,,2001 - 2002,,,10.84,,,,,,
,,2002 - 2003,,,12.02,,,,,,
,,2003 - 2004,,,11.99,,,,,,
,,2004 - 2005,,,7.08,,,,,,
,,2005 - 2006,,,12.79,,,,,,
,,2006 - 2007,,,10.75,,,,,,
,,2007 - 2008,,,10.98,,,,,,
,,2008 - 2009,,,11.11,,,,,,
,,2009 - 2010,,,10.1,,,,,,
,,2010 - 2011,,,9.52,,,,,,
,,2011 - 2012,,,9.27,,,,,,
,,2012 - 2013,,,8.57,,,,,,
,,2013 - 2014,,,10.27,,,,,,
,,2014 - 2015,,,10.9,,,,,,
,,2015 - 2016,,,12.01,,,,,,
,,2016 - 2017,,,10.68,,,,,,
,,2017 - 2018,,,12.03,,,,,,
,,2018 - 2019,,,11.58,,,,,,
,,2019 - 2020,,,12.32,,,,,,
,,2020 - 2021,690.0,,12.31,,,,,,
,,2021 - 2022,688.0,,12.08,,,,,,
,,2022 - 2023,491.0,,11.87,,,,,,
,Karimganj,2000 - 2001,60.0,577.0,9.62,,,,,,
,,2001 - 2002,60.0,594.0,9.9,,,,,,
,,2002 - 2003,62.0,630.0,10.16,,,,,,
,,2003 - 2004,55.0,571.0,10.38,,,,,,
,,2004 - 2005,80.0,566.0,7.08,,,,,,
,,2005 - 2006,80.0,816.0,10.2,,,,,,
,,2006 - 2007,70.0,678.0,9.69,,,,,,
,,2007 - 2008,75.0,823.0,10.97,,,,,,
,,2008 - 2009,61.0,657.0,10.77,,,,,,
,,2009 - 2010,65.0,710.0,10.92,,,,,,
,,2010 - 2011,61.0,613.0,10.05,,,,,,
,,2011 - 2012,66.0,612.0,9.27,,,,,,
,,2012 - 2013,60.0,517.0,8.62,,,,,,
,,2013 - 2014,65.0,668.0,10.28,,,,,,
,,2014 - 2015,55.0,600.0,10.91,,,,,,
,,2015 - 2016,56.0,672.0,12.0,,,,,,
,,2016 - 2017,55.0,588.0,10.69,,,,,,
,,2017 - 2018,49.0,589.0,12.02,,,,,,
,,2018 - 2019,50.0,579.0,11.58,,,,,,
,,2019 - 2020,49.0,604.0,12.33,,,,,,
,,2020 - 2021,49.0,603.0,12.31,,,,,,
,,2021 - 2022,49.0,592.0,12.08,,,,,,
,,2022 - 2023,48.0,570.0,11.88,,,,,,
,Kokrajhar,2000 - 2001,,,7.87,,,,,,
,,2001 - 2002,,,8.35,,,,,,
,,2002 - 2003,,,10.74,,,,,,
,,2003 - 2004,,,10.56,,,,,,
,,2004 - 2005,,,8.52,,,,,,
,,2005 - 2006,,,9.52,,,,,,
,,2006 - 2007,,,10.1,,,,,,
,,2007 - 2008,,,11.54,,,,,,
,,2008 - 2009,,,8.89,,,,,,
,,2009 - 2010,,,11.37,,,,,,
,,2010 - 2011,,,8.79,,,,,,
,,2011 - 2012,,,10.85,,,,,,
,,2012 - 2013,,,8.57,,,,,,
,,2013 - 2014,,,13.52,,,,,,
,,2014 - 2015,,,11.87,,,,,,
,,2015 - 2016,,,11.32,,,,,,
,,2016 - 2017,,,11.65,,,,,,
,,2017 - 2018,,,10.86,,,,,,
,,2018 - 2019,,,9.2,,,,,,
,,2019 - 2020,,,8.01,,,,,,
,,2020 - 2021,,,8.29,,,,,,
,,2021 - 2022,,,8.11,,,,,,
,,2022 - 2023,,,11.67,,,,,,
,Lakhimpur,2000 - 2001,543.0,,10.25,,,,,,
,,2001 - 2002,555.0,,6.86,,,,,,
,,2002 - 2003,557.0,,5.71,,,,,,
,,2003 - 2004,464.0,,5.78,,,,,,
,,2004 - 2005,403.0,,7.03,,,,,,
,,2005 - 2006,404.0,,8.18,,,,,,
,,2006 - 2007,395.0,,5.6,,,,,,
,,2007 - 2008,372.0,,5.44,,,,,,
,,2008 - 2009,412.0,,5.97,,,,,,
,,2009 - 2010,378.0,,6.55,,,,,,
,,2010 - 2011,360.0,,6.57,,,,,,
,,2011 - 2012,143.0,,7.43,,,,,,
,,2012 - 2013,98.0,839.0,8.56,,,,,,
,,2013 - 2014,110.0,,10.27,,,,,,
,,2014 - 2015,37.0,406.0,10.97,,,,,,
,,2015 - 2016,50.0,600.0,12.0,,,,,,
,,2016 - 2017,49.0,523.0,10.67,,,,,,
,,2017 - 2018,35.0,421.0,12.03,,,,,,
,,2018 - 2019,39.0,451.0,11.56,,,,,,
,,2019 - 2020,64.0,789.0,12.33,,,,,,
,,2020 - 2021,66.0,813.0,12.32,,,,,,
,,2021 - 2022,49.0,592.0,12.08,,,,,,
,,2022 - 2023,73.0,866.0,11.86,,,,,,
,Majuli,2020 - 2021,5.0,62.0,12.4,,,,,,
,,2021 - 2022,20.0,242.0,12.1,,,,,,
,,2022 - 2023,20.0,237.0,11.85,,,,,,
,Marigaon,2000 - 2001,,,9.69,,,,,,
,,2001 - 2002,,,10.28,,,,,,
,,2002 - 2003,,,9.78,,,,,,
,,2003 - 2004,,,9.2,,,,,,
,,2004 - 2005,,,6.26,,,,,,
,,2005 - 2006,,,8.42,,,,,,
,,2006 - 2007,,,10.69,,,,,,
,,2007 - 2008,,,10.23,,,,,,
,,2008 - 2009,,,12.02,,,,,,
,,2009 - 2010,,,9.88,,,,,,
,,2010 - 2011,,,7.67,,,,,,
,,2011 - 2012,,,7.22,,,,,,
,,2012 - 2013,,,9.75,,,,,,
,,2013 - 2014,,,9.51,,,,,,
,,2014 - 2015,,,8.78,,,,,,
,,2015 - 2016,,,6.68,,,,,,
,,2016 - 2017,,,7.33,,,,,,
,,2017 - 2018,,,11.55,,,,,,
,,2018 - 2019,,,9.83,,,,,,
,,2019 - 2020,,,15.17,,,,,,
,,2020 - 2021,,,14.06,,,,,,
,,2021 - 2022,,,14.49,,,,,,
,,2022 - 2023,,,13.8,,,,,,
,Nagaon,2000 - 2001,,,11.44,,,,,,
,,2001 - 2002,,,13.89,,,,,,
,,2002 - 2003,,,12.16,,,,,,
,,2003 - 2004,,,14.51,,,,,,
,,2004 - 2005,,,12.5,,,,,,
,,2005 - 2006,,,12.7,,,,,,
,,2006 - 2007,,,12.17,,,,,,
,,2007 - 2008,,,14.47,,,,,,
,,2008 - 2009,,,14.62,,,,,,
,,2009 - 2010,,,14.76,,,,,,
,,2010 - 2011,,,12.51,,,,,,
,,2011 - 2012,,,9.63,,,,,,
,,2012 - 2013,,,9.1,,,,,,
,,2013 - 2014,,,14.48,,,,,,
,,2014 - 2015,,,16.97,,,,,,
,,2015 - 2016,,,17.08,,,,,,
,,2016 - 2017,,,16.19,,,,,,
,,2017 - 2018,,,12.74,,,,,,
,,2018 - 2019,,,15.23,,,,,,
,,2019 - 2020,,,15.47,,,,,,
,,2020 - 2021,,,17.37,,,,,,
,,2021 - 2022,,,16.32,,,,,,
,,2022 - 2023,,,13.71,,,,,,
,Nalbari,2000 - 2001,,,8.21,,,,,,
,,2001 - 2002,,,9.21,,,,,,
,,2002 - 2003,,,9.37,,,,,,
,,2003 - 2004,,,9.17,,,,,,
,,2004 - 2005,,,3.31,,,,,,
,,2005 - 2006,,,8.52,,,,,,
,,2006 - 2007,929.0,,8.42,,,,,,
,,2007 - 2008,900.0,,9.52,,,,,,
,,2008 - 2009,950.0,,8.62,,,,,,
,,2009 - 2010,900.0,,7.13,,,,,,
,,2010 - 2011,890.0,,9.46,,,,,,
,,2011 - 2012,,,9.06,,,,,,
,,2012 - 2013,,,9.98,,,,,,
,,2013 - 2014,,,8.87,,,,,,
,,2014 - 2015,,,8.16,,,,,,
,,2015 - 2016,,,9.61,,,,,,
,,2016 - 2017,,,9.15,,,,,,
,,2017 - 2018,,,8.47,,,,,,
,,2018 - 2019,,,8.44,,,,,,
,,2019 - 2020,,,8.72,,,,,,
,,2020 - 2021,,,8.56,,,,,,
,,2021 - 2022,,,8.96,,,,,,
,,2022 - 2023,,,10.12,,,,,,
,Sivasagar,2000 - 2001,53.0,509.0,9.6,,,,,,
,,2001 - 2002,46.0,455.0,9.89,,,,,,
,,2002 - 2003,47.0,479.0,10.19,,,,,,
,,2003 - 2004,45.0,468.0,10.4,,,,,,
,,2004 - 2005,48.0,339.0,7.06,,,,,,
,,2005 - 2006,42.0,429.0,10.21,,,,,,
,,2006 - 2007,47.0,455.0,9.68,,,,,,
,,2007 - 2008,53.0,582.0,10.98,,,,,,
,,2008 - 2009,69.0,744.0,10.78,,,,,,
,,2009 - 2010,59.0,645.0,10.93,,,,,,
,,2010 - 2011,38.0,381.0,10.03,,,,,,
,,2011 - 2012,43.0,398.0,9.26,,,,,,
,,2012 - 2013,25.0,211.0,8.44,,,,,,
,,2013 - 2014,28.0,287.0,10.25,,,,,,
,,2014 - 2015,25.0,271.0,10.84,,,,,,
,,2015 - 2016,29.0,348.0,12.0,,,,,,
,,2016 - 2017,18.0,192.0,10.67,,,,,,
,,2017 - 2018,18.0,216.0,12.0,,,,,,
,,2018 - 2019,19.0,220.0,11.58,,,,,,
,,2019 - 2020,17.0,209.0,12.29,,,,,,
,,2020 - 2021,14.0,172.0,12.29,,,,,,
,,2021 - 2022,13.0,157.0,12.08,,,,,,
,,2022 - 2023,13.0,155.0,11.92,,,,,,
,Sonitpur,2000 - 2001,,,10.18,,,,,,
,,2001 - 2002,,,9.29,,,,,,
,,2002 - 2003,,,9.46,,,,,,
,,2003 - 2004,,,9.57,,,,,,
,,2004 - 2005,,,8.75,,,,,,
,,2005 - 2006,,,9.31,,,,,,
,,2006 - 2007,,,6.0,,,,,,
,,2007 - 2008,,,6.79,,,,,,
,,2008 - 2009,,,8.34,,,,,,
,,2009 - 2010,,,7.89,,,,,,
,,2010 - 2011,,,7.86,,,,,,
,,2011 - 2012,,,8.4,,,,,,
,,2012 - 2013,,,8.46,,,,,,
,,2013 - 2014,,,6.52,,,,,,
,,2014 - 2015,,,7.94,,,,,,
,,2015 - 2016,,,9.49,,,,,,
,,2016 - 2017,,,9.09,,,,,,
,,2017 - 2018,,,8.17,,,,,,
,,2018 - 2019,,,9.56,,,,,,
,,2019 - 2020,,,9.28,,,,,,
,,2020 - 2021,,,8.88,,,,,,
,,2021 - 2022,,,8.61,,,,,,
,,2022 - 2023,,,9.09,,,,,,
,South salmara mancachar,2020 - 2021,,,9.44,,,,,,
,,2021 - 2022,,,10.0,,,,,,
,,2022 - 2023,,,11.36,,,,,,
,Tinsukia,2000 - 2001,11.0,105.0,9.55,,,,,,
,,2001 - 2002,13.0,129.0,9.92,,,,,,
,,2002 - 2003,12.0,122.0,10.17,,,,,,
,,2003 - 2004,12.0,125.0,10.42,,,,,,
,,2004 - 2005,20.0,141.0,7.05,,,,,,
,,2005 - 2006,19.0,193.0,10.16,,,,,,
,,2006 - 2007,17.0,164.0,9.65,,,,,,
,,2007 - 2008,12.0,132.0,11.0,,,,,,
,,2008 - 2009,12.0,130.0,10.83,,,,,,
,,2009 - 2010,13.0,142.0,10.92,,,,,,
,,2010 - 2011,8.0,80.0,10.0,,,,,,
,,2011 - 2012,9.0,83.0,9.22,,,,,,
,,2012 - 2013,9.0,77.0,8.56,,,,,,
,,2013 - 2014,7.0,72.0,10.29,,,,,,
,,2014 - 2015,8.0,88.0,11.0,,,,,,
,,2015 - 2016,9.0,108.0,12.0,,,,,,
,,2016 - 2017,8.0,85.0,10.63,,,,,,
,,2017 - 2018,8.0,96.0,12.0,,,,,,
,,2018 - 2019,4.0,46.0,11.5,,,,,,
,,2019 - 2020,6.0,75.0,12.5,,,,,,
,,2020 - 2021,6.0,75.0,12.5,,,,,,
,,2021 - 2022,4.0,48.0,12.0,,,,,,
,,2022 - 2023,4.0,48.0,12.0,,,,,,
,Udalguri,2005 - 2006,,,13.01,,,,,,
,,2006 - 2007,,,6.72,,,,,,
,,2007 - 2008,,,11.24,,,,,,
,,2008 - 2009,,,9.68,,,,,,
,,2009 - 2010,,,13.18,,,,,,
,,2010 - 2011,,,12.25,,,,,,
,,2011 - 2012,,,7.68,,,,,,
,,2012 - 2013,,,7.06,,,,,,
,,2013 - 2014,,,11.09,,,,,,
,,2014 - 2015,,,10.6,,,,,,
,,2015 - 2016,,,16.75,,,,,,
,,2016 - 2017,,,10.49,,,,,,
,,2017 - 2018,,,13.06,,,,,,
,,2018 - 2019,,,11.24,,,,,,
,,2019 - 2020,,,12.95,,,,,,
,,2020 - 2021,,,10.92,,,,,,
,,2021 - 2022,,,13.83,,,,,,
,,2022 - 2023,,,11.13,,,,,,
,West karbi anglong,2020 - 2021,639.0,,12.31,,,,,,
,,2021 - 2022,633.0,,12.08,,,,,,
,,2022 - 2023,585.0,,11.87,,,,,,
Bihar,Araria,2000 - 2001,,,9.61,,,,,,
,,2001 - 2002,,,6.6,,,,,,
,,2002 - 2003,,,6.97,,,,,,
,,2003 - 2004,,,6.8,,,,,,
,,2004 - 2005,,,7.86,,,,,,
,,2005 - 2006,,,10.15,,,,,,
,,2006 - 2007,,,9.86,,,,,,
,,2007 - 2008,,,10.47,,,,,,
,,2008 - 2009,,,10.66,,,,,,
,,2009 - 2010,,,7.06,,,,,,
,,2010 - 2011,,,6.78,,,,,,
,,2011 - 2012,,,7.72,,,,,,
,,2012 - 2013,,,6.79,,,,,,
,,2013 - 2014,,,7.53,,,,,,
,,2014 - 2015,,,9.11,,,,,,
,,2015 - 2016,,,9.58,,,,,,
,,2016 - 2017,,,8.31,,,,,,
,,2017 - 2018,,,9.73,,,,,,
,,2018 - 2019,,,13.32,,,,,,
,,2019 - 2020,,,10.21,,,,,,
,,2020 - 2021,,,10.26,,,,,,
,,2021 - 2022,,,24.39,,,,,,
,,2022 - 2023,,,19.54,,,,,,
,Arwal,2011 - 2012,4.0,46.0,11.5,,,,,,
,,2012 - 2013,4.0,50.0,12.5,,,,,,
,Banka,2001 - 2002,1.0,7.0,7.0,,,,,,
,,2003 - 2004,332.0,,7.42,,,,,,
,Begusarai,2001 - 2002,5.0,33.0,6.6,,,,,,
,,2004 - 2005,3.0,24.0,8.0,,,,,,
,,2005 - 2006,3.0,30.0,10.0,,,,,,
,,2006 - 2007,3.0,31.0,10.33,,,,,,
,,2007 - 2008,3.0,28.0,9.33,,,,,,
,Bhagalpur,2002 - 2003,5.0,33.0,6.6,,,,,,
,,2003 - 2004,4.0,30.0,7.5,,,,,,
,,2004 - 2005,3.0,24.0,8.0,,,,,,
,,2008 - 2009,24.0,192.0,8.0,,,,,,
,,2009 - 2010,22.0,202.0,9.18,,,,,,
,,2010 - 2011,20.0,182.0,9.1,,,,,,
,,2011 - 2012,23.0,266.0,11.57,,,,,,
,Buxar,2008 - 2009,3.0,24.0,8.0,,,,,,
,Darbhanga,2004 - 2005,5.0,39.0,7.8,,,,,,
,Gaya,2007 - 2008,8.0,76.0,9.5,,,,,,
,,2008 - 2009,8.0,64.0,8.0,,,,,,
,,2013 - 2014,1.0,14.0,14.0,,,,,,
,,2014 - 2015,3.0,45.0,15.0,,,,,,
,Gopalganj,2001 - 2002,5.0,33.0,6.6,,,,,,
,,2002 - 2003,2.0,13.0,6.5,,,,,,
,,2003 - 2004,2.0,15.0,7.5,,,,,,
,,2004 - 2005,2.0,16.0,8.0,,,,,,
,,2006 - 2007,2.0,20.0,10.0,,,,,,
,,2007 - 2008,2.0,19.0,9.5,,,,,,
,,2008 - 2009,1.0,8.0,8.0,,,,,,
,,2009 - 2010,1.0,9.0,9.0,,,,,,
,,2010 - 2011,1.0,9.0,9.0,,,,,,
,Jehanabad,2006 - 2007,4.0,41.0,10.25,,,,,,
,Katihar,2000 - 2001,,,7.12,,,,,,
,,2001 - 2002,,,6.68,,,,,,
,,2002 - 2003,,,6.6,,,,,,
,,2003 - 2004,,,7.28,,,,,,
,,2004 - 2005,,,7.58,,,,,,
,,2005 - 2006,,,11.82,,,,,,
,,2006 - 2007,,,12.47,,,,,,
,,2007 - 2008,,,8.53,,,,,,
,,2008 - 2009,,,9.49,,,,,,
,,2009 - 2010,,,10.3,,,,,,
,,2010 - 2011,,,10.54,,,,,,
,,2011 - 2012,,,17.09,,,,,,
,,2012 - 2013,,,17.27,,,,,,
,,2013 - 2014,,,21.16,,,,,,
,,2014 - 2015,,,16.24,,,,,,
,,2015 - 2016,,,14.53,,,,,,
,,2016 - 2017,,,12.58,,,,,,
,,2017 - 2018,,,5.64,,,,,,
,,2018 - 2019,,,13.85,,,,,,
,,2019 - 2020,,,26.52,,,,,,
,,2020 - 2021,,,22.04,,,,,,
,,2021 - 2022,,,10.31,,,,,,
,,2022 - 2023,,,9.53,,,,,,
,Khagaria,2002 - 2003,5.0,33.0,6.6,,,,,,
,,2003 - 2004,5.0,37.0,7.4,,,,,,
,,2004 - 2005,6.0,47.0,7.83,,,,,,
,,2006 - 2007,1.0,10.0,10.0,,,,,,
,,2008 - 2009,1.0,8.0,8.0,,,,,,
,,2009 - 2010,1.0,9.0,9.0,,,,,,
,,2010 - 2011,1.0,9.0,9.0,,,,,,
,,2011 - 2012,1.0,12.0,12.0,,,,,,
,,2013 - 2014,2.0,29.0,14.5,,,,,,
,,2014 - 2015,2.0,30.0,15.0,,,,,,
,,2021 - 2022,9.0,127.78,14.2,,,,,,
,,2022 - 2023,10.0,133.33,13.33,,,,,,
,Kishanganj,2000 - 2001,,,8.48,,,,,,
,,2001 - 2002,,,6.8,,,,,,
,,2002 - 2003,,,6.71,,,,,,
,,2003 - 2004,,,6.93,,,,,,
,,2004 - 2005,,,7.81,,,,,,
,,2005 - 2006,,,6.8,,,,,,
,,2006 - 2007,,,6.84,,,,,,
,,2007 - 2008,,,6.76,,,,,,
,,2008 - 2009,,,6.59,,,,,,
,,2009 - 2010,,,7.2,,,,,,
,,2010 - 2011,,,7.24,,,,,,
,,2011 - 2012,,,9.88,,,,,,
,,2012 - 2013,,,8.42,,,,,,
,,2013 - 2014,,,14.35,,,,,,
,,2014 - 2015,,,14.84,,,,,,
,,2015 - 2016,,,10.37,,,,,,
,,2016 - 2017,,,12.94,,,,,,
,,2017 - 2018,,,7.74,,,,,,
,,2018 - 2019,,,10.27,,,,,,
,,2019 - 2020,,,1.49,,,,,,
,,2020 - 2021,,,9.39,,,,,,
,,2021 - 2022,,,12.26,,,,,,
,,2022 - 2023,,,12.3,,,,,,
,Madhepura,2000 - 2001,,,10.37,,,,,,
,,2001 - 2002,,,6.68,,,,,,
,,2002 - 2003,,,9.07,,,,,,
,,2003 - 2004,,,13.49,,,,,,
,,2004 - 2005,,,7.86,,,,,,
,,2005 - 2006,,,13.74,,,,,,
,,2006 - 2007,,,12.54,,,,,,
,,2007 - 2008,,,12.89,,,,,,
,,2008 - 2009,,,15.89,,,,,,
,,2009 - 2010,,,5.02,,,,,,
,,2010 - 2011,,,4.68,,,,,,
,,2011 - 2012,,,9.97,,,,,,
,,2012 - 2013,,,12.58,,,,,,
,,2013 - 2014,,,13.9,,,,,,
,,2014 - 2015,,,15.12,,,,,,
,,2015 - 2016,,,22.04,,,,,,
,,2016 - 2017,,,15.89,,,,,,
,,2017 - 2018,,,36.89,,,,,,
,,2018 - 2019,,,13.29,,,,,,
,,2019 - 2020,,,12.0,,,,,,
,,2020 - 2021,,,24.44,,,,,,
,,2021 - 2022,,,9.97,,,,,,
,,2022 - 2023,,,12.71,,,,,,
,Madhubani,2001 - 2002,5.0,33.0,6.6,,,,,,
,,2002 - 2003,2.0,13.0,6.5,,,,,,
,,2003 - 2004,7.0,52.0,7.43,,,,,,
,,2010 - 2011,5.0,46.0,9.2,,,,,,
,,2011 - 2012,2.0,23.0,11.5,,,,,,
,,2012 - 2013,2.0,22.0,11.0,,,,,,
,,2013 - 2014,3.0,43.0,14.33,,,,,,
,Munger,2007 - 2008,14.0,132.0,9.43,,,,,,
,,2008 - 2009,30.0,240.0,8.0,,,,,,
,Muzaffarpur,2001 - 2002,5.0,3.0,0.6,,,,,,
,,2007 - 2008,30.0,283.0,9.43,,,,,,
,Nawada,2013 - 2014,8.0,114.0,14.25,,,,,,
,Pashchim champaran,2000 - 2001,34.0,285.0,8.38,,,,,,
,,2001 - 2002,53.0,354.0,6.68,,,,,,
,,2009 - 2010,82.0,752.0,9.17,,,,,,
,,2010 - 2011,79.0,721.0,9.13,,,,,,
,Purbi champaran,2000 - 2001,186.0,,8.38,,,,,,
,,2001 - 2002,165.0,,6.68,,,,,,
,,2002 - 2003,59.0,389.0,6.59,,,,,,
,,2003 - 2004,15.0,111.0,7.4,,,,,,
,,2004 - 2005,17.0,134.0,7.88,,,,,,
,,2005 - 2006,17.0,172.0,10.12,,,,,,
,,2006 - 2007,15.0,153.0,10.2,,,,,,
,,2007 - 2008,14.0,132.0,9.43,,,,,,
,,2008 - 2009,16.0,128.0,8.0,,,,,,
,,2009 - 2010,14.0,128.0,9.14,,,,,,
,,2010 - 2011,14.0,128.0,9.14,,,,,,
,,2011 - 2012,29.0,335.0,11.55,,,,,,
,Purnia,2000 - 2001,,,8.14,,,,,,
,,2001 - 2002,,,6.64,,,,,,
,,2002 - 2003,,,6.67,,,,,,
,,2003 - 2004,,,7.12,,,,,,
,,2004 - 2005,,,8.14,,,,,,
,,2005 - 2006,,,7.74,,,,,,
,,2006 - 2007,,,8.38,,,,,,
,,2007 - 2008,,,9.56,,,,,,
,,2008 - 2009,,,1.64,,,,,,
,,2009 - 2010,,,11.34,,,,,,
,,2010 - 2011,,,11.48,,,,,,
,,2011 - 2012,,,12.23,,,,,,
,,2012 - 2013,,,17.8,,,,,,
,,2013 - 2014,,,13.38,,,,,,
,,2014 - 2015,,,19.15,,,,,,
,,2015 - 2016,,,11.93,,,,,,
,,2016 - 2017,,,18.89,,,,,,
,,2017 - 2018,,,19.46,,,,,,
,,2018 - 2019,,,17.69,,,,,,
,,2019 - 2020,,,20.98,,,,,,
,,2020 - 2021,,,21.19,,,,,,
,,2021 - 2022,,,16.21,,,,,,
,,2022 - 2023,,,14.04,,,,,,
,Rohtas,2000 - 2001,2.0,17.0,8.5,,,,,,
,Saharsa,2000 - 2001,2.0,17.0,8.5,,,,,,
,,2001 - 2002,33.0,221.0,6.7,,,,,,
,,2002 - 2003,33.0,190.0,5.76,,,,,,
,,2003 - 2004,57.0,586.0,10.28,,,,,,
,,2004 - 2005,53.0,416.0,7.85,,,,,,
,,2005 - 2006,73.0,,19.1,,,,,,
,,2006 - 2007,47.0,720.0,15.32,,,,,,
,,2007 - 2008,13.0,167.0,12.85,,,,,,
,,2008 - 2009,9.0,96.0,10.67,,,,,,
,,2009 - 2010,9.0,103.0,11.44,,,,,,
,,2010 - 2011,44.0,555.0,12.61,,,,,,
,,2011 - 2012,5.0,75.0,15.0,,,,,,
,,2012 - 2013,51.0,833.0,16.33,,,,,,
,,2013 - 2014,52.0,723.0,13.9,,,,,,
,,2014 - 2015,2.0,27.0,13.5,,,,,,
,,2015 - 2016,2.0,44.0,22.0,,,,,,
,,2016 - 2017,2.0,44.0,22.0,,,,,,
,,2017 - 2018,2.0,50.0,25.0,,,,,,
,,2018 - 2019,2.0,22.0,11.0,,,,,,
,,2019 - 2020,2.0,22.0,11.0,,,,,,
,,2020 - 2021,2.0,28.0,14.0,,,,,,
,,2021 - 2022,3.0,33.33,11.11,,,,,,
,,2022 - 2023,15.0,200.0,13.33,,,,,,
,Samastipur,2000 - 2001,32.0,268.0,8.38,,,,,,
,,2001 - 2002,10.0,67.0,6.7,,,,,,
,,2009 - 2010,45.0,413.0,9.18,,,,,,
,,2010 - 2011,22.0,201.0,9.14,,,,,,
,,2013 - 2014,,,14.28,,,,,,
,,2014 - 2015,132.0,,14.97,,,,,,
,,2015 - 2016,255.0,,13.93,,,,,,
,,2016 - 2017,118.0,,14.83,,,,,,
,,2018 - 2019,1.0,11.0,11.0,,,,,,
,,2020 - 2021,37.0,539.0,14.57,,,,,,
,,2021 - 2022,37.0,516.67,13.96,,,,,,
,,2022 - 2023,36.0,472.22,13.12,,,,,,
,Saran,2000 - 2001,18.0,151.0,8.39,,,,,,
,,2001 - 2002,18.0,120.0,6.67,,,,,,
,,2002 - 2003,18.0,119.0,6.61,,,,,,
,,2003 - 2004,18.0,134.0,7.44,,,,,,
,,2008 - 2009,13.0,104.0,8.0,,,,,,
,,2009 - 2010,13.0,119.0,9.15,,,,,,
,Sheohar,2006 - 2007,1.0,10.0,10.0,,,,,,
,Siwan,2001 - 2002,9.0,60.0,6.67,,,,,,
,,2005 - 2006,,,10.14,,,,,,
,Supaul,2000 - 2001,,,3.29,,,,,,
,,2001 - 2002,,,6.68,,,,,,
,,2002 - 2003,,,4.53,,,,,,
,,2003 - 2004,,,8.82,,,,,,
,,2004 - 2005,,,7.86,,,,,,
,,2005 - 2006,,,21.53,,,,,,
,,2006 - 2007,,,16.57,,,,,,
,,2007 - 2008,,,12.84,,,,,,
,,2008 - 2009,,,8.34,,,,,,
,,2009 - 2010,,,14.88,,,,,,
,,2010 - 2011,,,16.52,,,,,,
,,2011 - 2012,,,17.29,,,,,,
,,2012 - 2013,,,18.26,,,,,,
,,2013 - 2014,,,13.9,,,,,,
,,2014 - 2015,,,13.25,,,,,,
,,2015 - 2016,,,22.04,,,,,,
,,2016 - 2017,,,24.63,,,,,,
,,2017 - 2018,,,19.61,,,,,,
,,2018 - 2019,,,9.38,,,,,,
,,2019 - 2020,,,11.04,,,,,,
,,2020 - 2021,,,21.36,,,,,,
,,2021 - 2022,,,12.22,,,,,,
,,2022 - 2023,,,14.16,,,,,,
,Vaishali,2000 - 2001,87.0,729.0,8.38,,,,,,
,,2001 - 2002,59.0,394.0,6.68,,,,,,
,,2003 - 2004,267.0,,7.42,,,,,,
,,2004 - 2005,3.0,24.0,8.0,,,,,,
,,2005 - 2006,70.0,710.0,10.14,,,,,,
,,2006 - 2007,62.0,633.0,10.21,,,,,,
,,2007 - 2008,24.0,227.0,9.46,,,,,,
,,2008 - 2009,22.0,176.0,8.0,,,,,,
,,2013 - 2014,49.0,700.0,14.29,,,,,,
,,2014 - 2015,17.0,254.0,14.94,,,,,,
Chhattisgarh,Balrampur,2011 - 2012,18.0,,0.0,,,,,,
,,2017 - 2018,9.0,,0.0,,,,,,
,,2018 - 2019,25.0,,0.0,,,,,,
,,2019 - 2020,4.0,,0.0,,,,,,
,,2020 - 2021,7.0,0.0,0.0,,,,,,
,,2021 - 2022,4.0,0.0,0.0,,,,,,
,Bilaspur,2006 - 2007,,,,183.0,,0.0,,,
,,2009 - 2010,114.0,,0.0,,,,,,
,,2010 - 2011,196.0,,0.0,,,,,,
,,2011 - 2012,94.0,,0.0,,,,,,
,,2012 - 2013,78.0,,0.0,,,,,,
,,2013 - 2014,74.0,,0.0,,,,,,
,,2018 - 2019,83.0,,0.0,,,,,,
,,2019 - 2020,9.0,,0.0,,,,,,
,,2020 - 2021,1.0,0.0,0.0,,,,,,
,,2021 - 2022,1.0,0.0,0.0,,,,,,
,Dantewada,2010 - 2011,3.0,,0.0,,,,,,
,,2011 - 2012,2.0,,0.0,,,,,,
,Gariyaband,2013 - 2014,36.0,,0.0,,,,,,
,,2014 - 2015,18.0,,0.0,,,,,,
,Gaurella-pendra-marwahi,2019 - 2020,8.0,,0.0,,,,,,
,,2020 - 2021,1.0,0.0,0.0,,,,,,
,,2021 - 2022,1.0,0.0,0.0,,,,,,
,Janjgir-champa,2006 - 2007,,,,13.0,,0.0,,,
,,2009 - 2010,9.0,,0.0,,,,,,
,,2010 - 2011,33.0,,0.0,,,,,,
,,2011 - 2012,17.0,,0.0,,,,,,
,,2015 - 2016,2.0,,0.0,,,,,,
,Kanker,2006 - 2007,,,,1.0,,0.0,,,
,Korba,2006 - 2007,,,,81.0,,0.0,,,
,,2009 - 2010,66.0,,0.0,,,,,,
,,2010 - 2011,89.0,,0.0,,,,,,
,,2011 - 2012,49.0,,0.0,,,,,,
,,2012 - 2013,47.0,,0.0,,,,,,
,,2013 - 2014,48.0,,0.0,,,,,,
,,2014 - 2015,72.0,,0.0,,,,,,
,,2015 - 2016,70.0,,0.0,,,,,,
,,2016 - 2017,63.0,,0.0,,,,,,
,,2017 - 2018,59.0,,0.0,,,,,,
,,2018 - 2019,12.0,,0.0,,,,,,
,,2019 - 2020,14.0,,0.0,,,,,,
,Mahasamund,2010 - 2011,174.0,,0.0,,,,,,
,,2016 - 2017,124.0,,0.0,,,,,,
,,2021 - 2022,16.0,0.0,0.0,,,,,,
,Mungeli,2011 - 2012,38.0,,0.0,,,,,,
,,2012 - 2013,38.0,,0.0,,,,,,
,,2013 - 2014,37.0,,0.0,,,,,,
,,2014 - 2015,36.0,,0.0,,,,,,
,,2015 - 2016,34.0,,0.0,,,,,,
,,2016 - 2017,28.0,,0.0,,,,,,
,,2017 - 2018,11.0,,0.0,,,,,,
,Rajnandgaon,2006 - 2007,,,,3.0,,0.0,,,
,Sukma,2021 - 2022,6.0,0.0,0.0,,,,,,
,Surajpur,2011 - 2012,1.0,,0.0,,,,,,
,,2012 - 2013,5.0,,0.0,,,,,,
,,2013 - 2014,11.0,,0.0,,,,,,
,,2015 - 2016,3.0,,0.0,,,,,,
,,2017 - 2018,2.0,,0.0,,,,,,
,,2018 - 2019,2.0,,0.0,,,,,,
,Surguja,2006 - 2007,,,,63.0,,0.0,,,
,,2009 - 2010,39.0,,0.0,,,,,,
,,2010 - 2011,47.0,,0.0,,,,,,
,,2011 - 2012,30.0,,0.0,,,,,,
,,2012 - 2013,21.0,,0.0,,,,,,
,,2013 - 2014,15.0,,0.0,,,,,,
,,2014 - 2015,13.0,,0.0,,,,,,
,,2015 - 2016,25.0,,0.0,,,,,,
,,2016 - 2017,26.0,,0.0,,,,,,
,,2017 - 2018,19.0,,0.0,,,,,,
,,2018 - 2019,9.0,,0.0,,,,,,
,,2021 - 2022,1.0,0.0,0.0,,,,,,
Haryana,Rohtak,2011 - 2012,652.0,,0.0,,,,,,
Madhya Pradesh,Agar malwa,2018 - 2019,4.0,1.0,0.25,,,,,,
,Alirajpur,2018 - 2019,7.0,4.0,0.57,,,,,,
,Anuppur,2006 - 2007,64.0,122.0,1.91,,,,,,
,,2018 - 2019,1.0,,0.0,,,,,,
,Balaghat,2006 - 2007,68.0,133.0,1.96,,,,,,
,,2015 - 2016,,,1.0,,,,,,
,,2016 - 2017,,,1.0,,,,,,
,,2017 - 2018,,,1.4,,,,,,
,Barwani,2006 - 2007,313.0,289.0,0.92,,,,,,
,,2018 - 2019,2.0,1.0,0.5,,,,,,
,Betul,2006 - 2007,39.0,83.0,2.13,,,,,,
,,2018 - 2019,17.0,7.0,0.41,,,,,,
,Bhind,2006 - 2007,2.0,6.0,3.0,,,,,,
,,2018 - 2019,1.0,,0.0,,,,,,
,Bhopal,2006 - 2007,44.0,83.0,1.89,,,,,,
,Burhanpur,2006 - 2007,63.0,139.0,2.21,,,,,,
,Chhatarpur,2006 - 2007,797.0,983.0,1.23,,,,,,
,,2015 - 2016,,,1.0,,,,,,
,,2016 - 2017,,,1.0,,,,,,
,,2018 - 2019,6.0,3.0,0.5,,,,,,
,Chhindwara,2006 - 2007,333.0,,3.22,,,,,,
,,2015 - 2016,,,1.0,,,,,,
,,2016 - 2017,,,1.0,,,,,,
,,2018 - 2019,35.0,12.0,0.34,,,,,,
,Datia,2006 - 2007,5.0,11.0,2.2,,,,,,
,,2018 - 2019,13.0,8.0,0.62,,,,,,
,Dewas,2006 - 2007,34.0,83.0,2.44,,,,,,
,,2018 - 2019,1.0,,0.0,,,,,,
,Dhar,2006 - 2007,189.0,372.0,1.97,,,,,,
,,2018 - 2019,15.0,9.0,0.6,,,,,,
,Dindori,2006 - 2007,23.0,22.0,0.96,,,,,,
,Gwalior,2006 - 2007,2.0,6.0,3.0,,,,,,
,Harda,2006 - 2007,1.0,,0.0,,,,,,
,,2018 - 2019,8.0,2.0,0.25,,,,,,
,Hoshangabad,2006 - 2007,2.0,6.0,3.0,,,,,,
,,2017 - 2018,,,1.46,,,,,,
,Indore,2018 - 2019,9.0,3.0,0.33,,,,,,
,Jabalpur,2006 - 2007,38.0,106.0,2.79,,,,,,
,,2015 - 2016,,,1.0,,,,,,
,,2016 - 2017,,,1.0,,,,,,
,,2018 - 2019,16.0,7.0,0.44,,,,,,
,Jhabua,2006 - 2007,135.0,267.0,1.98,,,,,,
,,2018 - 2019,2.0,1.0,0.5,,,,,,
,Katni,2006 - 2007,2.0,,0.0,,,,,,
,,2015 - 2016,,,1.0,,,,,,
,,2016 - 2017,,,1.0,,,,,,
,Khandwa,2006 - 2007,146.0,344.0,2.36,,,,,,
,,2018 - 2019,1.0,,0.0,,,,,,
,Khargone,2006 - 2007,458.0,928.0,2.03,,,,,,
,,2018 - 2019,3.0,1.0,0.33,,,,,,
,Mandla,2006 - 2007,275.0,439.0,1.6,,,,,,
,,2017 - 2018,230.0,330.0,1.43,,,,,,
,,2018 - 2019,41.0,23.0,0.56,,,,,,
,Mandsaur,2006 - 2007,2.0,5.0,2.5,,,,,,
,Morena,2013 - 2014,,,0.0,,,,,,
,,2018 - 2019,1.0,,0.0,,,,,,
,,2019 - 2020,2.0,4.0,2.0,,,,,,
,Narsinghpur,2006 - 2007,2.0,6.0,3.0,,,,,,
,,2018 - 2019,9.0,6.0,0.67,,,,,,
,Neemuch,2006 - 2007,7.0,17.0,2.43,,,,,,
,Panna,2006 - 2007,70.0,83.0,1.19,,,,,,
,,2018 - 2019,4.0,3.0,0.75,,,,,,
,Raisen,2006 - 2007,21.0,39.0,1.86,,,,,,
,,2018 - 2019,1.0,,0.0,,,,,,
,Rajgarh,2006 - 2007,51.0,117.0,2.29,,,,,,
,Ratlam,2006 - 2007,7.0,17.0,2.43,,,,,,
,,2018 - 2019,1.0,,0.0,,,,,,
,Rewa,2006 - 2007,96.0,189.0,1.97,,,,,,
,,2015 - 2016,,,1.0,,,,,,
,,2016 - 2017,,,1.0,,,,,,
,,2017 - 2018,20.0,30.0,1.5,,,,,,
,,2018 - 2019,4.0,2.0,0.5,,,,,,
,,2019 - 2020,1.0,3.0,3.0,,,,,,
,Sagar,2006 - 2007,74.0,139.0,1.88,,,,,,
,,2018 - 2019,2.0,1.0,0.5,,,,,,
,Satna,2006 - 2007,99.0,167.0,1.69,,,,,,
,,2018 - 2019,2.0,1.0,0.5,,,,,,
,Sehore,2006 - 2007,44.0,122.0,2.77,,,,,,
,,2018 - 2019,1.0,1.0,1.0,,,,,,
,Seoni,2006 - 2007,321.0,678.0,2.11,,,,,,
,,2018 - 2019,9.0,4.0,0.44,,,,,,
,,2019 - 2020,1.0,11.0,11.0,,,,,,
,Shahdol,2006 - 2007,15.0,28.0,1.87,,,,,,
,Shajapur,2006 - 2007,40.0,61.0,1.53,,,,,,
,,2018 - 2019,4.0,1.0,0.25,,,,,,
,Sheopur,2018 - 2019,32.0,9.0,0.28,,,,,,
,Shivpuri,2006 - 2007,71.0,127.0,1.79,,,,,,
,Sidhi,2006 - 2007,531.0,,2.15,,,,,,
,,2017 - 2018,20.0,20.0,1.0,,,,,,
,Singrauli,2018 - 2019,100.0,61.0,0.61,,,,,,
,,2019 - 2020,1.0,2.0,2.0,,,,,,
,Tikamgarh,2006 - 2007,57.0,89.0,1.56,,,,,,
,Ujjain,2006 - 2007,6.0,11.0,1.83,,,,,,
,,2018 - 2019,56.0,24.0,0.43,,,,,,
,Umaria,2006 - 2007,8.0,11.0,1.38,,,,,,
,Vidisha,2006 - 2007,53.0,106.0,2.0,,,,,,
,,2018 - 2019,1.0,,0.0,,,,,,
Meghalaya,East garo hills,2000 - 2001,315.0,,8.82,,,,,,
,,2001 - 2002,315.0,,8.87,,,,,,
,,2002 - 2003,303.0,,8.22,,,,,,
,,2003 - 2004,248.0,,8.06,,,,,,
,,2004 - 2005,236.0,,6.38,,,,,,
,,2005 - 2006,233.0,,8.37,,,,,,
,,2006 - 2007,,,,217.0,,8.15,,,
,,2007 - 2008,212.0,,6.38,,,,,,
,,2008 - 2009,208.0,,4.92,,,,,,
,,2009 - 2010,210.0,,6.37,,,,,,
,,2010 - 2011,195.0,,6.37,,,,,,
,,2011 - 2012,198.0,,6.38,,,,,,
,,2012 - 2013,436.0,,11.12,,,,,,
,,2013 - 2014,42.0,474.0,11.29,,,,,,
,,2014 - 2015,45.0,518.0,11.51,,,,,,
,,2015 - 2016,47.0,546.0,11.62,,,,,,
,,2016 - 2017,48.0,560.0,11.67,,,,,,
,,2017 - 2018,48.0,561.0,11.69,,,,,,
,,2018 - 2019,49.0,573.0,11.69,,,,,,
,,2019 - 2020,50.0,586.0,11.72,,,,,,
,,2020 - 2021,50.0,586.0,11.72,,,,,,
,,2021 - 2022,51.0,600.0,11.76,,,,,,
,,2022 - 2023,45.0,450.0,10.0,,,,,,
,North garo hills,2013 - 2014,402.0,,11.21,,,,,,
,,2014 - 2015,408.0,,11.32,,,,,,
,,2015 - 2016,412.0,,11.39,,,,,,
,,2016 - 2017,413.0,,11.4,,,,,,
,,2017 - 2018,415.0,,11.41,,,,,,
,,2018 - 2019,416.0,,11.42,,,,,,
,,2019 - 2020,416.0,,11.42,,,,,,
,,2020 - 2021,416.0,,11.42,,,,,,
,,2021 - 2022,417.0,,11.42,,,,,,
,,2022 - 2023,122.0,752.0,6.16,,,,,,
,South garo hills,2000 - 2001,363.0,,3.62,,,,,,
,,2001 - 2002,345.0,,3.66,,,,,,
,,2002 - 2003,347.0,,3.63,,,,,,
,,2003 - 2004,339.0,,3.62,,,,,,
,,2004 - 2005,327.0,948.0,2.9,,,,,,
,,2005 - 2006,328.0,,3.59,,,,,,
,,2006 - 2007,,,,314.0,,3.59,,,
,,2007 - 2008,314.0,,3.59,,,,,,
,,2008 - 2009,310.0,,4.65,,,,,,
,,2009 - 2010,306.0,,4.65,,,,,,
,,2010 - 2011,307.0,,4.39,,,,,,
,,2011 - 2012,309.0,,4.82,,,,,,
,,2012 - 2013,488.0,,5.03,,,,,,
,,2013 - 2014,498.0,,5.07,,,,,,
,,2014 - 2015,508.0,,5.13,,,,,,
,,2015 - 2016,515.0,,5.24,,,,,,
,,2016 - 2017,516.0,,5.25,,,,,,
,,2017 - 2018,518.0,,5.25,,,,,,
,,2018 - 2019,519.0,,5.26,,,,,,
,,2019 - 2020,520.0,,5.27,,,,,,
,,2020 - 2021,520.0,,5.27,,,,,,
,,2021 - 2022,521.0,,5.27,,,,,,
,,2022 - 2023,445.0,,6.24,,,,,,
,South west garo hills,2013 - 2014,,,10.57,,,,,,
,,2014 - 2015,,,10.66,,,,,,
,,2015 - 2016,,,10.75,,,,,,
,,2016 - 2017,,,10.75,,,,,,
,,2017 - 2018,,,10.76,,,,,,
,,2018 - 2019,,,10.76,,,,,,
,,2019 - 2020,,,10.76,,,,,,
,,2020 - 2021,,,10.76,,,,,,
,,2021 - 2022,,,10.76,,,,,,
,,2022 - 2023,852.0,,9.63,,,,,,
,West garo hills,2000 - 2001,,,8.96,,,,,,
,,2001 - 2002,,,6.18,,,,,,
,,2002 - 2003,,,9.37,,,,,,
,,2003 - 2004,,,9.4,,,,,,
,,2004 - 2005,,,5.12,,,,,,
,,2005 - 2006,,,9.37,,,,,,
,,2006 - 2007,,,,,,9.43,,,
,,2007 - 2008,,,9.37,,,,,,
,,2008 - 2009,,,9.36,,,,,,
,,2009 - 2010,,,9.39,,,,,,
,,2010 - 2011,,,9.4,,,,,,
,,2011 - 2012,,,9.41,,,,,,
,,2012 - 2013,,,10.35,,,,,,
,,2013 - 2014,,,10.39,,,,,,
,,2014 - 2015,,,10.28,,,,,,
,,2015 - 2016,,,10.55,,,,,,
,,2016 - 2017,,,10.55,,,,,,
,,2017 - 2018,,,10.56,,,,,,
,,2018 - 2019,,,10.56,,,,,,
,,2019 - 2020,,,10.56,,,,,,
,,2020 - 2021,,,10.56,,,,,,
,,2021 - 2022,,,10.56,,,,,,
,,2022 - 2023,,,9.14,,,,,,
Nagaland,Chumoukedima,2022 - 2023,397.0,0.76,0.0,,,,,,
,Dimapur,2000 - 2001,150.0,230.0,1.53,,,,,,
,,2001 - 2002,140.0,150.0,1.07,,,,,,
,,2002 - 2003,590.0,,3.86,,,,,,
,,2003 - 2004,780.0,,5.15,,,,,,
,,2004 - 2005,,,4.49,,,,,,
,,2005 - 2006,,,3.64,,,,,,
,,2006 - 2007,,,3.38,,,,,,
,,2007 - 2008,,,1.38,,,,,,
,,2008 - 2009,800.0,,1.38,,,,,,
,,2009 - 2010,420.0,680.0,1.62,,,,,,
,,2010 - 2011,770.0,,1.81,,,,,,
,,2011 - 2012,790.0,,1.81,,,,,,
,,2012 - 2013,840.0,,1.92,,,,,,
,,2013 - 2014,840.0,,1.93,,,,,,
,,2014 - 2015,840.0,,1.93,,,,,,
,,2015 - 2016,,,1.94,,,,,,
,,2016 - 2017,,,1.9,,,,,,
,,2017 - 2018,,,1.91,,,,,,
,,2018 - 2019,,,1.91,,,,,,
,,2019 - 2020,,,1.91,,,,,,
,,2020 - 2021,830.0,,1.92,,,,,,
,,2022 - 2023,248.0,0.47,0.0,,,,,,
,Kohima,2002 - 2003,150.0,770.0,5.13,,,,,,
,,2003 - 2004,150.0,,11.8,,,,,,
,,2004 - 2005,250.0,,8.16,,,,,,
,,2005 - 2006,260.0,,6.92,,,,,,
,,2006 - 2007,370.0,,4.97,,,,,,
,,2007 - 2008,530.0,330.0,0.62,,,,,,
,,2008 - 2009,540.0,910.0,1.69,,,,,,
,,2009 - 2010,260.0,420.0,1.62,,,,,,
,,2010 - 2011,610.0,,1.82,,,,,,
,,2011 - 2012,620.0,,1.81,,,,,,
,,2012 - 2013,550.0,,1.91,,,,,,
,,2013 - 2014,560.0,,1.89,,,,,,
,,2014 - 2015,560.0,,1.89,,,,,,
,Mokokchung,2004 - 2005,140.0,,13.57,,,,,,
,,2005 - 2006,150.0,,11.33,,,,,,
,,2006 - 2007,220.0,,7.77,,,,,,
,,2007 - 2008,350.0,460.0,1.31,,,,,,
,,2008 - 2009,360.0,840.0,2.33,,,,,,
,,2009 - 2010,200.0,320.0,1.6,,,,,,
,,2010 - 2011,550.0,970.0,1.76,,,,,,
,,2011 - 2012,560.0,,1.8,,,,,,
,,2012 - 2013,540.0,,1.89,,,,,,
,,2013 - 2014,540.0,,1.89,,,,,,
,,2014 - 2015,540.0,,1.89,,,,,,
,,2015 - 2016,720.0,,1.9,,,,,,
,,2016 - 2017,720.0,,1.9,,,,,,
,,2017 - 2018,720.0,,1.9,,,,,,
,,2018 - 2019,720.0,,1.9,,,,,,
,,2019 - 2020,720.0,,1.9,,,,,,
,,2020 - 2021,570.0,,1.91,,,,,,
,,2022 - 2023,686.0,1.32,0.0,,,,,,
,Mon,2000 - 2001,120.0,150.0,1.25,,,,,,
,,2001 - 2002,90.0,80.0,0.89,,,,,,
,,2002 - 2003,360.0,,3.33,,,,,,
,,2003 - 2004,570.0,,2.46,,,,,,
,,2008 - 2009,400.0,860.0,2.15,,,,,,
,,2009 - 2010,180.0,290.0,1.61,,,,,,
,,2010 - 2011,530.0,960.0,1.81,,,,,,
,,2011 - 2012,530.0,950.0,1.79,,,,,,
,,2012 - 2013,510.0,970.0,1.9,,,,,,
,,2013 - 2014,510.0,970.0,1.9,,,,,,
,,2014 - 2015,510.0,970.0,1.9,,,,,,
,,2015 - 2016,70.0,,19.0,,,,,,
,,2016 - 2017,710.0,,1.92,,,,,,
,,2017 - 2018,710.0,,1.9,,,,,,
,,2018 - 2019,710.0,,1.9,,,,,,
,,2019 - 2020,710.0,,1.9,,,,,,
,,2020 - 2021,570.0,,1.89,,,,,,
,,2021 - 2022,32.0,0.08,0.0,,,,,,
,,2022 - 2023,694.0,1.31,0.0,,,,,,
,Nuiland,2022 - 2023,347.0,0.67,0.0,,,,,,
,Peren,2021 - 2022,5.0,0.01,0.0,,,,,,
,,2022 - 2023,6.0,0.01,0.0,,,,,,
,Wokha,2000 - 2001,80.0,100.0,1.25,,,,,,
,,2001 - 2002,70.0,70.0,1.0,,,,,,
,,2002 - 2003,400.0,,3.13,,,,,,
,,2003 - 2004,500.0,,7.62,,,,,,
,,2004 - 2005,350.0,,7.14,,,,,,
,,2005 - 2006,370.0,,5.95,,,,,,
,,2006 - 2007,480.0,,4.71,,,,,,
,,2007 - 2008,570.0,770.0,1.35,,,,,,
,,2008 - 2009,400.0,810.0,2.03,,,,,,
,,2009 - 2010,190.0,250.0,1.32,,,,,,
,,2010 - 2011,540.0,970.0,1.8,,,,,,
,,2011 - 2012,540.0,970.0,1.8,,,,,,
,,2012 - 2013,570.0,,1.89,,,,,,
,,2013 - 2014,580.0,,1.9,,,,,,
,,2014 - 2015,590.0,,1.9,,,,,,
,,2015 - 2016,610.0,,1.85,,,,,,
,,2016 - 2017,610.0,,1.9,,,,,,
,,2017 - 2018,610.0,,1.9,,,,,,
,,2018 - 2019,610.0,,1.9,,,,,,
,,2019 - 2020,610.0,,1.9,,,,,,
,,2020 - 2021,490.0,930.0,1.9,,,,,,
,,2021 - 2022,30.0,0.06,0.0,,,,,,
,,2022 - 2023,592.0,1.13,0.0,,,,,,
Odisha,Baleshwar,2000 - 2001,,,6.47,,,,,,
,,2001 - 2002,800.0,,6.93,,,,,,
,,2002 - 2003,974.0,,8.11,,,,,,
,,2003 - 2004,379.0,,6.26,,,,,,
,,2004 - 2005,,,,,,,226.0,,7.06
,,2005 - 2006,,,,,,,302.0,,6.96
,,2006 - 2007,,,,,,,578.0,,6.01
,,2007 - 2008,,,,,,,,,4.82
,,2008 - 2009,,,,,,,10.0,48.0,4.8
,,2009 - 2010,,,,,,,106.0,647.0,6.1
,,2010 - 2011,,,,,,,227.0,,6.45
,,2011 - 2012,,,,,,,175.0,,6.83
,,2012 - 2013,,,,,,,76.0,72.3,0.95
,,2013 - 2014,,,,,,,323.0,322.0,1.0
,,2014 - 2015,,,,,,,193.0,378.7,1.96
,,2015 - 2016,,,,,,,186.0,301.1,1.62
,,2016 - 2017,,,,,,,153.0,254.1,1.66
,,2017 - 2018,,,,,,,67.0,98.0,1.46
,,2018 - 2019,,,,,,,58.0,81.6,1.41
,,2019 - 2020,,,,,,,16.0,28.5,1.78
,,2020 - 2021,,,,,,,41.0,276.67,6.75
,,2021 - 2022,,,,,,,612.0,,10.21
,,2022 - 2023,,,,,,,733.0,104.62,0.14
,Bhadrak,2000 - 2001,800.0,,4.45,,,,,,
,,2001 - 2002,79.0,549.0,6.95,,,,,,
,,2002 - 2003,43.0,330.0,7.67,,,,,,
,,2003 - 2004,25.0,157.0,6.28,,,,,,
,,2004 - 2005,,,,,,,79.0,632.0,8.0
,,2005 - 2006,,,,,,,82.0,584.0,7.12
,,2006 - 2007,,,,,,,9.0,73.0,8.11
,,2007 - 2008,,,,,,,60.0,447.0,7.45
,,2008 - 2009,,,,,,,58.0,370.0,6.38
,,2009 - 2010,,,,,,,81.0,673.0,8.31
,,2010 - 2011,,,,,,,89.0,888.0,9.98
,,2011 - 2012,,,,,,,45.0,390.0,8.67
,,2012 - 2013,,,,,,,47.0,78.2,1.66
,,2013 - 2014,,,,,,,44.0,77.2,1.75
,,2014 - 2015,,,,,,,36.0,53.3,1.48
,,2015 - 2016,,,,,,,61.0,80.8,1.32
,,2016 - 2017,,,,,,,13.0,22.0,1.69
,,2017 - 2018,,,,,,,99.0,142.4,1.44
,,2018 - 2019,,,,,,,28.0,38.3,1.37
,,2019 - 2020,,,,,,,13.0,22.6,1.74
,,2020 - 2021,,,,,,,29.0,257.78,8.89
,,2021 - 2022,,,,,,,246.0,,8.87
,,2022 - 2023,,,,,,,51.0,5.02,0.1
,Cuttack,2000 - 2001,,,6.93,,,,,,
,,2001 - 2002,,,11.64,,,,,,
,,2002 - 2003,,,11.12,,,,,,
,,2003 - 2004,333.0,,8.09,,,,,,
,,2004 - 2005,,,,,,,836.0,,11.7
,,2005 - 2006,,,,,,,889.0,,11.64
,,2006 - 2007,,,,,,,,,12.34
,,2007 - 2008,,,,,,,,,13.43
,,2008 - 2009,,,,,,,614.0,,9.51
,,2009 - 2010,,,,,,,944.0,,12.69
,,2010 - 2011,,,,,,,823.0,,14.59
,,2011 - 2012,,,,,,,841.0,,12.34
,,2012 - 2013,,,,,,,312.0,652.4,2.09
,,2013 - 2014,,,,,,,264.0,594.3,2.25
,,2014 - 2015,,,,,,,133.0,192.7,1.45
,,2015 - 2016,,,,,,,248.0,515.8,2.08
,,2016 - 2017,,,,,,,7.0,13.5,1.93
,,2017 - 2018,,,,,,,108.0,284.7,2.64
,,2018 - 2019,,,,,,,2.0,2.7,1.35
,,2019 - 2020,,,,,,,20.0,36.3,1.82
,,2020 - 2021,,,,,,,17.0,299.44,17.61
,,2021 - 2022,,,,,,,403.0,,17.3
,,2022 - 2023,,,,,,,93.0,1.98,0.02
,Dhenkanal,2022 - 2023,,,,,,,11.0,1.26,0.11
,Jagatsinghapur,2000 - 2001,80.0,470.0,5.88,,,,,,
,,2001 - 2002,1.0,11.0,11.0,,,,,,
,,2002 - 2003,8.0,67.0,8.38,,,,,,
,,2003 - 2004,2.0,19.0,9.5,,,,,,
,,2004 - 2005,,,,,,,4.0,32.0,8.0
,,2005 - 2006,,,,,,,1.0,9.0,9.0
,,2006 - 2007,,,,,,,6.0,42.0,7.0
,,2007 - 2008,,,,,,,2.0,26.0,13.0
,,2008 - 2009,,,,,,,5.0,41.0,8.2
,,2009 - 2010,,,,,,,7.0,53.0,7.57
,,2010 - 2011,,,,,,,3.0,34.0,11.33
,,2011 - 2012,,,,,,,1.0,15.0,15.0
,,2012 - 2013,,,,,,,2.0,4.5,2.25
,,2013 - 2014,,,,,,,1.0,1.9,1.9
,,2014 - 2015,,,,,,,1.0,2.0,2.0
,,2020 - 2021,,,,,,,10.0,231.67,23.17
,Jajapur,2000 - 2001,,,7.59,,,,,,
,,2001 - 2002,397.0,,4.41,,,,,,
,,2002 - 2003,,,7.72,,,,,,
,,2003 - 2004,382.0,,5.44,,,,,,
,,2004 - 2005,,,,,,,394.0,,9.07
,,2005 - 2006,,,,,,,267.0,,6.18
,,2006 - 2007,,,,,,,648.0,,7.21
,,2007 - 2008,,,,,,,,,6.24
,,2008 - 2009,,,,,,,358.0,,5.52
,,2009 - 2010,,,,,,,530.0,,7.83
,,2010 - 2011,,,,,,,730.0,,10.35
,,2011 - 2012,,,,,,,,,4.92
,,2012 - 2013,,,,,,,394.0,470.8,1.19
,,2013 - 2014,,,,,,,196.0,337.5,1.72
,,2014 - 2015,,,,,,,131.0,35.9,0.27
,,2015 - 2016,,,,,,,156.0,253.0,1.62
,,2016 - 2017,,,,,,,41.0,88.3,2.15
,,2017 - 2018,,,,,,,6.0,10.3,1.72
,,2018 - 2019,,,,,,,12.0,21.3,1.78
,,2019 - 2020,,,,,,,13.0,28.3,2.18
,,2020 - 2021,,,,,,,45.0,477.22,10.6
,,2021 - 2022,,,,,,,395.0,,13.52
,,2022 - 2023,,,,,,,891.0,121.32,0.14
,Kendrapara,2000 - 2001,,,8.45,,,,,,
,,2001 - 2002,980.0,,8.3,,,,,,
,,2002 - 2003,992.0,,10.1,,,,,,
,,2003 - 2004,805.0,,7.04,,,,,,
,,2004 - 2005,,,,,,,547.0,,9.48
,,2005 - 2006,,,,,,,915.0,,8.25
,,2006 - 2007,,,,,,,,,8.3
,,2007 - 2008,,,,,,,,,9.36
,,2008 - 2009,,,,,,,852.0,,6.98
,,2009 - 2010,,,,,,,417.0,,9.43
,,2010 - 2011,,,,,,,,,11.26
,,2011 - 2012,,,,,,,,,9.3
,,2012 - 2013,,,,,,,613.0,,2.12
,,2013 - 2014,,,,,,,329.0,755.4,2.3
,,2014 - 2015,,,,,,,332.0,665.3,2.0
,,2015 - 2016,,,,,,,77.0,155.8,2.02
,,2016 - 2017,,,,,,,306.0,763.8,2.5
,,2017 - 2018,,,,,,,22.0,51.1,2.32
,,2018 - 2019,,,,,,,40.0,63.7,1.59
,,2019 - 2020,,,,,,,79.0,193.2,2.45
,,2020 - 2021,,,,,,,140.0,,11.76
,,2021 - 2022,,,,,,,176.0,,12.3
,,2022 - 2023,,,,,,,493.0,54.12,0.11
,Kendujhar,2000 - 2001,,,11.09,,,,,,
,,2001 - 2002,930.0,,5.6,,,,,,
,,2002 - 2003,462.0,,6.25,,,,,,
,,2003 - 2004,646.0,,7.77,,,,,,
,,2004 - 2005,,,,,,,433.0,,9.07
,,2005 - 2006,,,,,,,268.0,,8.96
,,2006 - 2007,,,,,,,487.0,,12.1
,,2007 - 2008,,,,,,,654.0,,9.03
,,2008 - 2009,,,,,,,532.0,,10.67
,,2009 - 2010,,,,,,,850.0,,10.51
,,2010 - 2011,,,,,,,210.0,,9.57
,,2011 - 2012,,,,,,,440.0,,7.47
,,2012 - 2013,,,,,,,332.0,531.9,1.6
,,2013 - 2014,,,,,,,814.0,,1.82
,,2014 - 2015,,,,,,,231.0,389.5,1.69
,,2015 - 2016,,,,,,,476.0,,2.75
,,2016 - 2017,,,,,,,233.0,122.1,0.52
,,2017 - 2018,,,,,,,645.0,,2.75
,,2018 - 2019,,,,,,,60.0,104.5,1.74
,,2019 - 2020,,,,,,,6.0,10.0,1.67
,,2020 - 2021,,,,,,,477.0,,14.57
,,2021 - 2022,,,,,,,,,15.96
,,2022 - 2023,,,,,,,232.0,36.69,0.16
,Khordha,2000 - 2001,50.0,200.0,4.0,,,,,,
,,2001 - 2002,1.0,11.0,11.0,,,,,,
,,2002 - 2003,1.0,12.0,12.0,,,,,,
,Mayurbhanj,2000 - 2001,270.0,,4.52,,,,,,
,,2001 - 2002,2.0,14.0,7.0,,,,,,
,,2003 - 2004,16.0,133.0,8.31,,,,,,
,,2007 - 2008,,,,,,,1.0,4.0,4.0
,Nabarangpur,2000 - 2001,20.0,90.0,4.5,,,,,,
,Nayagarh,2000 - 2001,20.0,80.0,4.0,,,,,,
,Nuapada,2022 - 2023,,,,,,,48.0,5.81,0.12
,Puri,2000 - 2001,70.0,190.0,2.71,,,,,,
,,2003 - 2004,2.0,10.0,5.0,,,,,,
,,2004 - 2005,,,,,,,1.0,3.0,3.0
,,2007 - 2008,,,,,,,2.0,12.0,6.0
Tamil Nadu,Erode,2011 - 2012,2.0,,0.0,,,,,,
,Vellore,2011 - 2012,1.0,,0.0,,,,,,
Tripura,Dhalai,2004 - 2005,90.0,682.0,7.58,,,,,,
,,2005 - 2006,65.0,510.0,7.85,,,,,,
,,2006 - 2007,72.0,618.0,8.58,,,,,,
,,2007 - 2008,68.0,525.0,7.72,,,,,,
,,2008 - 2009,61.0,465.0,7.62,,,,,,
,,2009 - 2010,79.0,653.0,8.27,,,,,,
,,2010 - 2011,58.0,505.0,8.71,,,,,,
,,2011 - 2012,71.0,606.0,8.54,,,,,,
,,2012 - 2013,75.0,618.0,8.24,,,,,,
,,2013 - 2014,48.0,430.0,8.96,,,,,,
,,2014 - 2015,102.0,895.0,8.77,,,,,,
,,2015 - 2016,102.0,860.0,8.43,,,,,,
,,2016 - 2017,122.0,,9.41,,,,,,
,,2017 - 2018,88.0,878.0,9.98,,,,,,
,,2018 - 2019,85.0,931.38,10.96,,,,,,
,,2019 - 2020,130.0,,11.12,,,,,,
,,2020 - 2021,89.0,906.0,10.18,,,,,,
,,2021 - 2022,82.0,861.0,10.5,,,,,,
,,2022 - 2023,62.0,681.0,10.98,,,,,,
,Gomati,2012 - 2013,159.0,,8.61,,,,,,
,,2013 - 2014,253.0,,8.76,,,,,,
,,2014 - 2015,186.0,,8.89,,,,,,
,,2015 - 2016,170.0,,8.35,,,,,,
,,2016 - 2017,102.0,918.0,9.0,,,,,,
,,2017 - 2018,109.0,,10.07,,,,,,
,,2018 - 2019,117.0,999.8,8.55,,,,,,
,,2019 - 2020,110.0,913.95,8.31,,,,,,
,,2020 - 2021,61.0,524.0,8.59,,,,,,
,,2021 - 2022,67.0,574.0,8.57,,,,,,
,,2022 - 2023,30.0,257.0,8.57,,,,,,
,Khowai,2012 - 2013,31.0,258.0,8.32,,,,,,
,,2013 - 2014,38.0,340.0,8.95,,,,,,
,,2014 - 2015,42.0,373.0,8.88,,,,,,
,,2015 - 2016,47.0,410.0,8.72,,,,,,
,,2016 - 2017,45.0,426.0,9.47,,,,,,
,,2017 - 2018,40.0,363.0,9.08,,,,,,
,,2018 - 2019,48.0,427.5,8.91,,,,,,
,,2019 - 2020,43.0,416.13,9.68,,,,,,
,,2020 - 2021,47.0,441.0,9.38,,,,,,
,,2021 - 2022,41.0,376.0,9.17,,,,,,
,,2022 - 2023,34.0,317.0,9.32,,,,,,
,North tripura,2004 - 2005,170.0,,8.73,,,,,,
,,2005 - 2006,101.0,768.0,7.6,,,,,,
,,2006 - 2007,89.0,728.0,8.18,,,,,,
,,2007 - 2008,84.0,718.0,8.55,,,,,,
,,2008 - 2009,123.0,944.0,7.67,,,,,,
,,2009 - 2010,133.0,,8.08,,,,,,
,,2010 - 2011,129.0,,8.51,,,,,,
,,2011 - 2012,168.0,,8.55,,,,,,
,,2012 - 2013,150.0,,8.23,,,,,,
,,2013 - 2014,76.0,673.0,8.86,,,,,,
,,2014 - 2015,111.0,983.0,8.86,,,,,,
,,2015 - 2016,109.0,925.0,8.49,,,,,,
,,2016 - 2017,125.0,,9.28,,,,,,
,,2017 - 2018,119.0,,8.86,,,,,,
,,2018 - 2019,111.0,984.36,8.87,,,,,,
,,2019 - 2020,103.0,905.0,8.79,,,,,,
,,2020 - 2021,56.0,479.0,8.55,,,,,,
,,2021 - 2022,82.0,716.0,8.73,,,,,,
,,2022 - 2023,37.0,324.0,8.76,,,,,,
,Sepahijala,2012 - 2013,25.0,212.0,8.48,,,,,,
,,2013 - 2014,21.0,187.0,8.9,,,,,,
,,2014 - 2015,29.0,258.0,8.9,,,,,,
,,2015 - 2016,21.0,185.0,8.81,,,,,,
,,2016 - 2017,22.0,209.0,9.5,,,,,,
,,2017 - 2018,19.0,169.0,8.89,,,,,,
,,2018 - 2019,8.0,70.5,8.81,,,,,,
,,2019 - 2020,15.0,115.0,7.67,,,,,,
,,2020 - 2021,9.0,79.0,8.78,,,,,,
,,2021 - 2022,18.0,149.0,8.28,,,,,,
,,2022 - 2023,18.0,159.0,8.83,,,,,,
,South tripura,2004 - 2005,423.0,,8.53,,,,,,
,,2005 - 2006,315.0,,8.05,,,,,,
,,2006 - 2007,146.0,,8.03,,,,,,
,,2007 - 2008,160.0,,7.94,,,,,,
,,2008 - 2009,147.0,,8.51,,,,,,
,,2009 - 2010,196.0,,8.05,,,,,,
,,2010 - 2011,193.0,,8.51,,,,,,
,,2011 - 2012,300.0,,8.6,,,,,,
,,2012 - 2013,71.0,561.0,7.9,,,,,,
,,2013 - 2014,79.0,660.0,8.35,,,,,,
,,2014 - 2015,75.0,606.0,8.08,,,,,,
,,2015 - 2016,90.0,738.0,8.2,,,,,,
,,2016 - 2017,97.0,824.0,8.49,,,,,,
,,2017 - 2018,127.0,,8.07,,,,,,
,,2018 - 2019,131.0,,8.11,,,,,,
,,2019 - 2020,98.0,784.0,8.0,,,,,,
,,2020 - 2021,95.0,760.0,8.0,,,,,,
,,2021 - 2022,83.0,673.0,8.11,,,,,,
,,2022 - 2023,85.0,693.0,8.15,,,,,,
,Unakoti,2012 - 2013,85.0,688.0,8.09,,,,,,
,,2013 - 2014,105.0,694.0,6.61,,,,,,
,,2014 - 2015,86.0,648.0,7.53,,,,,,
,,2015 - 2016,85.0,668.0,7.86,,,,,,
,,2016 - 2017,42.0,380.0,9.05,,,,,,
,,2017 - 2018,18.0,152.0,8.44,,,,,,
,,2018 - 2019,125.0,,8.58,,,,,,
,,2019 - 2020,73.0,584.0,8.0,,,,,,
,,2020 - 2021,55.0,440.0,8.0,,,,,,
,,2021 - 2022,35.0,291.0,8.31,,,,,,
,,2022 - 2023,40.0,335.0,8.38,,,,,,
,West tripura,2004 - 2005,295.0,,6.68,,,,,,
,,2005 - 2006,204.0,,7.83,,,,,,
,,2006 - 2007,159.0,,9.11,,,,,,
,,2007 - 2008,146.0,,8.37,,,,,,
,,2008 - 2009,119.0,,8.45,,,,,,
,,2009 - 2010,60.0,474.0,7.9,,,,,,
,,2010 - 2011,118.0,997.0,8.45,,,,,,
,,2011 - 2012,100.0,859.0,8.59,,,,,,
,,2012 - 2013,44.0,321.0,7.3,,,,,,
,,2013 - 2014,23.0,169.0,7.35,,,,,,
,,2014 - 2015,19.0,147.0,7.74,,,,,,
,,2015 - 2016,26.0,195.0,7.5,,,,,,
,,2016 - 2017,35.0,304.0,8.69,,,,,,
,,2017 - 2018,31.0,259.0,8.35,,,,,,
,,2018 - 2019,31.0,289.23,9.33,,,,,,
,,2019 - 2020,51.0,567.48,11.13,,,,,,
,,2020 - 2021,24.0,236.0,9.83,,,,,,
,,2021 - 2022,25.0,252.0,10.08,,,,,,
,,2022 - 2023,7.0,74.0,10.57,,,,,,
Uttar Pradesh,Kannauj,2000 - 2001,7.0,6.0,0.86,,,,,,
,Kheri,2000 - 2001,6.0,5.0,0.83,,,,,,
,Shravasti,2000 - 2001,16.0,13.0,0.81,,,,,,
,Unnao,2000 - 2001,1.0,1.0,1.0,,,,,,
West Bengal,paraganas north,2000 - 2001,,,13.92,,,,,,
,,2001 - 2002,,,14.44,,,,,,
,,2002 - 2003,,,16.06,,,,,,
,,2003 - 2004,,,17.62,,,,,,
,,2004 - 2005,,,17.46,,,,,,
,,2005 - 2006,,,17.05,,,,,,
,,2006 - 2007,,,18.53,,,,,,
,,2007 - 2008,,,17.73,,,,,,
,,2008 - 2009,,,16.96,,,,,,
,,2009 - 2010,,,20.41,,,,,,
,,2010 - 2011,,,19.04,,,,,,
,,2011 - 2012,,,17.97,,,,,,
,,2012 - 2013,,,15.9,,,,,,
,,2013 - 2014,,,18.64,,,,,,
,,2014 - 2015,,,17.42,,,,,,
,,2015 - 2016,,,16.62,,,,,,
,,2016 - 2017,,,15.78,,,,,,
,,2017 - 2018,,,16.71,,,,,,
,,2018 - 2019,,,0.15,,,,,,
,,2019 - 2020,,,17.42,,,,,,
,,2020 - 2021,,,17.28,,,,,,
,,2021 - 2022,,,19.63,,,,,,
,,2022 - 2023,,,20.15,,,,,,
,paraganas south,2000 - 2001,,,10.35,,,,,,
,,2001 - 2002,,,14.28,,,,,,
,,2002 - 2003,,,12.34,,,,,,
,,2003 - 2004,,,15.89,,,,,,
,,2004 - 2005,821.0,,14.89,,,,,,
,,2005 - 2006,,,13.8,,,,,,
,,2006 - 2007,628.0,,12.39,,,,,,
,,2007 - 2008,667.0,,11.45,,,,,,
,,2008 - 2009,,,12.41,,,,,,
,,2009 - 2010,,,12.24,,,,,,
,,2010 - 2011,,,11.55,,,,,,
,,2011 - 2012,,,12.81,,,,,,
,,2012 - 2013,,,19.34,,,,,,
,,2013 - 2014,,,21.15,,,,,,
,,2014 - 2015,527.0,,20.87,,,,,,
,,2015 - 2016,641.0,,14.64,,,,,,
,,2016 - 2017,486.0,,17.57,,,,,,
,,2017 - 2018,295.0,,21.38,,,,,,
,,2018 - 2019,349.0,,180.29,,,,,,
,,2019 - 2020,674.0,,27.21,,,,,,
,,2020 - 2021,778.0,,27.6,,,,,,
,,2021 - 2022,475.0,,26.28,,,,,,
,,2022 - 2023,446.0,,31.1,,,,,,
,Alipurduar,2016 - 2017,,,14.36,,,,,,
,,2017 - 2018,,,14.55,,,,,,
,,2018 - 2019,,,12.58,,,,,,
,,2019 - 2020,,,13.82,,,,,,
,,2020 - 2021,,,13.19,,,,,,
,,2021 - 2022,,,11.79,,,,,,
,,2022 - 2023,,,12.44,,,,,,
,Bankura,2000 - 2001,368.0,,18.8,,,,,,
,,2001 - 2002,114.0,,20.82,,,,,,
,,2002 - 2003,32.0,590.0,18.44,,,,,,
,,2003 - 2004,10.0,180.0,18.0,,,,,,
,,2004 - 2005,295.0,,17.8,,,,,,
,,2005 - 2006,3.0,54.0,18.0,,,,,,
,,2006 - 2007,35.0,622.0,17.77,,,,,,
,,2007 - 2008,45.0,752.0,16.71,,,,,,
,,2008 - 2009,2.0,33.0,16.5,,,,,,
,,2010 - 2011,6.0,117.0,19.5,,,,,,
,,2011 - 2012,24.0,450.0,18.75,,,,,,
,,2013 - 2014,4.0,78.0,19.5,,,,,,
,,2014 - 2015,290.0,,20.75,,,,,,
,,2015 - 2016,14.0,253.0,18.07,,,,,,
,,2016 - 2017,12.0,212.0,17.67,,,,,,
,,2017 - 2018,51.0,699.0,13.71,,,,,,
,,2018 - 2019,2.0,34.0,17.0,,,,,,
,,2019 - 2020,40.0,646.0,16.15,,,,,,
,,2020 - 2021,19.0,308.0,16.21,,,,,,
,,2021 - 2022,20.0,355.0,17.75,,,,,,
,,2022 - 2023,25.0,444.0,17.76,,,,,,
,Birbhum,2000 - 2001,106.0,,18.77,,,,,,
,,2001 - 2002,370.0,,20.83,,,,,,
,,2002 - 2003,535.0,,18.42,,,,,,
,,2003 - 2004,91.0,,18.03,,,,,,
,,2004 - 2005,391.0,,17.8,,,,,,
,,2005 - 2006,179.0,,18.16,,,,,,
,,2006 - 2007,353.0,,17.76,,,,,,
,,2007 - 2008,109.0,,16.71,,,,,,
,,2008 - 2009,780.0,,16.52,,,,,,
,,2009 - 2010,174.0,,17.56,,,,,,
,,2010 - 2011,2.0,39.0,19.5,,,,,,
,,2011 - 2012,293.0,,18.73,,,,,,
,,2012 - 2013,321.0,,18.93,,,,,,
,,2013 - 2014,871.0,,19.55,,,,,,
,,2014 - 2015,323.0,,20.75,,,,,,
,,2015 - 2016,174.0,,18.1,,,,,,
,,2016 - 2017,161.0,,19.6,,,,,,
,,2017 - 2018,171.0,,18.3,,,,,,
,,2018 - 2019,15.0,34.0,2.27,,,,,,
,,2019 - 2020,268.0,,21.01,,,,,,
,,2020 - 2021,262.0,,20.08,,,,,,
,,2021 - 2022,150.0,,21.19,,,,,,
,,2022 - 2023,148.0,,21.09,,,,,,
,Coochbehar,2000 - 2001,,,9.31,,,,,,
,,2001 - 2002,,,10.56,,,,,,
,,2002 - 2003,,,10.31,,,,,,
,,2003 - 2004,,,10.43,,,,,,
,,2004 - 2005,,,9.46,,,,,,
,,2005 - 2006,,,10.92,,,,,,
,,2006 - 2007,,,10.42,,,,,,
,,2007 - 2008,,,11.23,,,,,,
,,2008 - 2009,,,11.48,,,,,,
,,2009 - 2010,,,12.43,,,,,,
,,2010 - 2011,,,9.49,,,,,,
,,2011 - 2012,,,12.96,,,,,,
,,2012 - 2013,,,13.0,,,,,,
,,2013 - 2014,,,12.03,,,,,,
,,2014 - 2015,,,13.79,,,,,,
,,2015 - 2016,,,11.61,,,,,,
,,2016 - 2017,,,13.52,,,,,,
,,2017 - 2018,,,13.25,,,,,,
,,2018 - 2019,,,12.95,,,,,,
,,2019 - 2020,,,13.62,,,,,,
,,2020 - 2021,,,12.1,,,,,,
,,2021 - 2022,,,16.33,,,,,,
,,2022 - 2023,,,11.21,,,,,,
,Darjeeling,2000 - 2001,,,8.13,,,,,,
,,2001 - 2002,,,10.79,,,,,,
,,2002 - 2003,,,9.59,,,,,,
,,2003 - 2004,,,10.57,,,,,,
,,2004 - 2005,,,11.29,,,,,,
,,2005 - 2006,,,12.18,,,,,,
,,2006 - 2007,,,12.67,,,,,,
,,2007 - 2008,,,10.69,,,,,,
,,2008 - 2009,,,11.59,,,,,,
,,2009 - 2010,,,12.37,,,,,,
,,2010 - 2011,,,9.9,,,,,,
,,2011 - 2012,,,11.09,,,,,,
,,2012 - 2013,,,12.15,,,,,,
,,2013 - 2014,,,12.88,,,,,,
,,2014 - 2015,,,13.95,,,,,,
,,2015 - 2016,,,11.58,,,,,,
,,2016 - 2017,,,11.31,,,,,,
,,2017 - 2018,,,11.35,,,,,,
,,2018 - 2019,,,11.18,,,,,,
,,2019 - 2020,,,13.77,,,,,,
,,2020 - 2021,,,12.72,,,,,,
,,2021 - 2022,,,14.25,,,,,,
,,2022 - 2023,,,12.01,,,,,,
,Dinajpur dakshin,2000 - 2001,,,9.68,,,,,,
,,2001 - 2002,,,10.64,,,,,,
,,2002 - 2003,,,10.69,,,,,,
,,2003 - 2004,,,11.71,,,,,,
,,2004 - 2005,,,11.42,,,,,,
,,2005 - 2006,,,11.36,,,,,,
,,2006 - 2007,,,11.61,,,,,,
,,2007 - 2008,,,12.72,,,,,,
,,2008 - 2009,,,12.81,,,,,,
,,2009 - 2010,,,13.01,,,,,,
,,2010 - 2011,,,13.63,,,,,,
,,2011 - 2012,,,13.94,,,,,,
,,2012 - 2013,,,14.93,,,,,,
,,2013 - 2014,,,15.24,,,,,,
,,2014 - 2015,,,14.06,,,,,,
,,2015 - 2016,,,13.14,,,,,,
,,2016 - 2017,,,14.17,,,,,,
,,2017 - 2018,,,14.49,,,,,,
,,2018 - 2019,,,16.44,,,,,,
,,2019 - 2020,,,14.82,,,,,,
,,2020 - 2021,,,15.38,,,,,,
,,2021 - 2022,,,18.15,,,,,,
,,2022 - 2023,,,15.01,,,,,,
,Dinajpur uttar,2000 - 2001,,,7.75,,,,,,
,,2001 - 2002,,,9.69,,,,,,
,,2002 - 2003,,,9.35,,,,,,
,,2003 - 2004,,,10.27,,,,,,
,,2004 - 2005,,,9.96,,,,,,
,,2005 - 2006,,,11.97,,,,,,
,,2006 - 2007,,,12.21,,,,,,
,,2007 - 2008,,,12.03,,,,,,
,,2008 - 2009,,,12.39,,,,,,
,,2009 - 2010,,,12.5,,,,,,
,,2010 - 2011,,,12.95,,,,,,
,,2011 - 2012,,,13.43,,,,,,
,,2012 - 2013,,,12.99,,,,,,
,,2013 - 2014,,,13.38,,,,,,
,,2014 - 2015,,,16.44,,,,,,
,,2015 - 2016,,,12.52,,,,,,
,,2016 - 2017,,,13.58,,,,,,
,,2017 - 2018,,,13.36,,,,,,
,,2018 - 2019,,,13.43,,,,,,
,,2019 - 2020,,,14.44,,,,,,
,,2020 - 2021,,,13.78,,,,,,
,,2021 - 2022,,,15.98,,,,,,
,,2022 - 2023,,,14.67,,,,,,
,Hooghly,2000 - 2001,,,17.79,,,,,,
,,2001 - 2002,,,19.05,,,,,,
,,2002 - 2003,,,19.06,,,,,,
,,2003 - 2004,,,18.71,,,,,,
,,2004 - 2005,,,20.2,,,,,,
,,2005 - 2006,,,19.48,,,,,,
,,2006 - 2007,,,18.53,,,,,,
,,2007 - 2008,,,18.04,,,,,,
,,2008 - 2009,,,18.1,,,,,,
,,2009 - 2010,,,17.58,,,,,,
,,2010 - 2011,,,21.34,,,,,,
,,2011 - 2012,,,16.53,,,,,,
,,2012 - 2013,,,19.74,,,,,,
,,2013 - 2014,,,21.14,,,,,,
,,2014 - 2015,,,22.76,,,,,,
,,2015 - 2016,,,19.11,,,,,,
,,2016 - 2017,,,19.03,,,,,,
,,2017 - 2018,,,18.38,,,,,,
,,2018 - 2019,,,10.28,,,,,,
,,2019 - 2020,,,21.25,,,,,,
,,2020 - 2021,,,20.8,,,,,,
,,2021 - 2022,,,21.43,,,,,,
,,2022 - 2023,,,22.01,,,,,,
,Howrah,2000 - 2001,,,14.97,,,,,,
,,2001 - 2002,,,17.28,,,,,,
,,2002 - 2003,,,17.18,,,,,,
,,2003 - 2004,,,18.56,,,,,,
,,2004 - 2005,,,17.38,,,,,,
,,2005 - 2006,,,18.48,,,,,,
,,2006 - 2007,,,18.27,,,,,,
,,2007 - 2008,,,17.67,,,,,,
,,2008 - 2009,,,15.12,,,,,,
,,2009 - 2010,,,18.23,,,,,,
,,2010 - 2011,,,20.25,,,,,,
,,2011 - 2012,,,17.18,,,,,,
,,2012 - 2013,,,18.23,,,,,,
,,2013 - 2014,,,21.75,,,,,,
,,2014 - 2015,,,17.6,,,,,,
,,2015 - 2016,,,23.17,,,,,,
,,2016 - 2017,,,25.83,,,,,,
,,2017 - 2018,,,3.35,,,,,,
,,2018 - 2019,,,82.99,,,,,,
,,2019 - 2020,,,21.83,,,,,,
,,2020 - 2021,,,20.99,,,,,,
,,2021 - 2022,,,19.12,,,,,,
,,2022 - 2023,,,25.66,,,,,,
,Jalpaiguri,2000 - 2001,,,9.06,,,,,,
,,2001 - 2002,,,11.02,,,,,,
,,2002 - 2003,,,11.32,,,,,,
,,2003 - 2004,,,10.01,,,,,,
,,2004 - 2005,,,9.96,,,,,,
,,2005 - 2006,,,12.58,,,,,,
,,2006 - 2007,,,10.55,,,,,,
,,2007 - 2008,,,12.6,,,,,,
,,2008 - 2009,,,13.07,,,,,,
,,2009 - 2010,,,13.12,,,,,,
,,2010 - 2011,,,12.06,,,,,,
,,2011 - 2012,,,12.53,,,,,,
,,2012 - 2013,,,12.47,,,,,,
,,2013 - 2014,,,12.02,,,,,,
,,2014 - 2015,,,13.44,,,,,,
,,2015 - 2016,,,13.0,,,,,,
,,2016 - 2017,,,12.55,,,,,,
,,2017 - 2018,,,13.68,,,,,,
,,2018 - 2019,,,15.74,,,,,,
,,2019 - 2020,,,15.57,,,,,,
,,2020 - 2021,,,14.17,,,,,,
,,2021 - 2022,,,16.78,,,,,,
,,2022 - 2023,,,12.41,,,,,,
,Maldah,2000 - 2001,,,10.35,,,,,,
,,2001 - 2002,,,13.37,,,,,,
,,2002 - 2003,,,13.34,,,,,,
,,2003 - 2004,,,12.29,,,,,,
,,2004 - 2005,,,13.68,,,,,,
,,2005 - 2006,,,13.46,,,,,,
,,2006 - 2007,,,14.71,,,,,,
,,2007 - 2008,,,12.86,,,,,,
,,2008 - 2009,,,12.87,,,,,,
,,2009 - 2010,,,16.89,,,,,,
,,2010 - 2011,,,14.18,,,,,,
,,2011 - 2012,,,14.56,,,,,,
,,2012 - 2013,,,16.6,,,,,,
,,2013 - 2014,,,16.08,,,,,,
,,2014 - 2015,,,17.23,,,,,,
,,2015 - 2016,,,16.63,,,,,,
,,2016 - 2017,,,15.7,,,,,,
,,2017 - 2018,,,15.59,,,,,,
,,2018 - 2019,,,16.25,,,,,,
,,2019 - 2020,,,16.42,,,,,,
,,2020 - 2021,,,15.5,,,,,,
,,2021 - 2022,,,15.84,,,,,,
,,2022 - 2023,,,15.57,,,,,,
,Medinipur east,2000 - 2001,,,19.1,,,,,,
,,2001 - 2002,,,22.13,,,,,,
,,2002 - 2003,,,15.6,,,,,,
,,2003 - 2004,,,14.73,,,,,,
,,2004 - 2005,887.0,,13.24,,,,,,
,,2005 - 2006,,,14.46,,,,,,
,,2006 - 2007,,,17.76,,,,,,
,,2007 - 2008,500.0,,16.71,,,,,,
,,2008 - 2009,455.0,,16.52,,,,,,
,,2009 - 2010,501.0,,13.8,,,,,,
,,2010 - 2011,671.0,,17.49,,,,,,
,,2011 - 2012,521.0,,18.73,,,,,,
,,2012 - 2013,488.0,,15.66,,,,,,
,,2013 - 2014,367.0,,13.54,,,,,,
,,2014 - 2015,557.0,,12.75,,,,,,
,,2015 - 2016,215.0,,15.33,,,,,,
,,2016 - 2017,288.0,,16.47,,,,,,
,,2017 - 2018,193.0,,16.1,,,,,,
,,2018 - 2019,122.0,,20.43,,,,,,
,,2019 - 2020,140.0,,18.53,,,,,,
,,2020 - 2021,160.0,,8.21,,,,,,
,,2021 - 2022,236.0,,16.06,,,,,,
,,2022 - 2023,131.0,,17.76,,,,,,
,Medinipur west,2000 - 2001,,,17.25,,,,,,
,,2001 - 2002,,,17.27,,,,,,
,,2002 - 2003,,,16.25,,,,,,
,,2003 - 2004,,,13.23,,,,,,
,,2004 - 2005,,,13.24,,,,,,
,,2005 - 2006,,,14.38,,,,,,
,,2006 - 2007,,,13.68,,,,,,
,,2007 - 2008,,,11.16,,,,,,
,,2008 - 2009,,,9.9,,,,,,
,,2009 - 2010,,,11.48,,,,,,
,,2010 - 2011,,,15.19,,,,,,
,,2011 - 2012,,,10.91,,,,,,
,,2012 - 2013,,,15.81,,,,,,
,,2013 - 2014,,,15.6,,,,,,
,,2014 - 2015,,,16.31,,,,,,
,,2015 - 2016,,,13.23,,,,,,
,,2016 - 2017,,,18.02,,,,,,
,,2017 - 2018,,,13.9,,,,,,
,,2018 - 2019,,,16.5,,,,,,
,,2019 - 2020,,,17.99,,,,,,
,,2020 - 2021,,,15.66,,,,,,
,,2021 - 2022,,,16.56,,,,,,
,,2022 - 2023,,,19.73,,,,,,
,Murshidabad,2000 - 2001,,,13.49,,,,,,
,,2001 - 2002,,,14.06,,,,,,
,,2002 - 2003,,,13.88,,,,,,
,,2003 - 2004,,,13.45,,,,,,
,,2004 - 2005,,,14.92,,,,,,
,,2005 - 2006,,,14.62,,,,,,
,,2006 - 2007,,,14.61,,,,,,
,,2007 - 2008,,,12.93,,,,,,
,,2008 - 2009,,,12.13,,,,,,
,,2009 - 2010,,,15.06,,,,,,
,,2010 - 2011,,,14.86,,,,,,
,,2011 - 2012,,,13.93,,,,,,
,,2012 - 2013,,,13.65,,,,,,
,,2013 - 2014,,,14.79,,,,,,
,,2014 - 2015,,,14.38,,,,,,
,,2015 - 2016,,,13.84,,,,,,
,,2016 - 2017,,,16.62,,,,,,
,,2017 - 2018,,,13.52,,,,,,
,,2018 - 2019,,,13.17,,,,,,
,,2019 - 2020,,,15.11,,,,,,
,,2020 - 2021,,,13.41,,,,,,
,,2021 - 2022,,,13.2,,,,,,
,,2022 - 2023,,,13.92,,,,,,
,Nadia,2000 - 2001,,,13.07,,,,,,
,,2001 - 2002,,,14.64,,,,,,
,,2002 - 2003,,,13.78,,,,,,
,,2003 - 2004,,,14.31,,,,,,
,,2004 - 2005,,,14.89,,,,,,
,,2005 - 2006,,,15.03,,,,,,
,,2006 - 2007,,,14.45,,,,,,
,,2007 - 2008,,,13.82,,,,,,
,,2008 - 2009,,,14.74,,,,,,
,,2009 - 2010,,,16.05,,,,,,
,,2010 - 2011,,,13.66,,,,,,
,,2011 - 2012,,,13.9,,,,,,
,,2012 - 2013,,,14.19,,,,,,
,,2013 - 2014,,,17.38,,,,,,
,,2014 - 2015,,,15.54,,,,,,
,,2015 - 2016,,,14.18,,,,,,
,,2016 - 2017,,,16.1,,,,,,
,,2017 - 2018,,,15.66,,,,,,
,,2018 - 2019,,,16.08,,,,,,
,,2019 - 2020,,,15.51,,,,,,
,,2020 - 2021,,,15.37,,,,,,
,,2021 - 2022,,,17.2,,,,,,
,,2022 - 2023,,,14.91,,,,,,
,Paschim bardhaman,2016 - 2017,1.0,20.0,20.0,,,,,,
,,2021 - 2022,7.0,148.0,21.14,,,,,,
,Purba bardhaman,2000 - 2001,,,18.12,,,,,,
,,2001 - 2002,,,21.39,,,,,,
,,2002 - 2003,,,18.38,,,,,,
,,2003 - 2004,,,18.31,,,,,,
,,2004 - 2005,,,17.88,,,,,,
,,2005 - 2006,,,18.37,,,,,,
,,2006 - 2007,,,16.64,,,,,,
,,2007 - 2008,,,14.19,,,,,,
,,2008 - 2009,,,15.48,,,,,,
,,2009 - 2010,,,17.22,,,,,,
,,2010 - 2011,,,21.05,,,,,,
,,2011 - 2012,,,18.32,,,,,,
,,2012 - 2013,,,15.5,,,,,,
,,2013 - 2014,,,21.2,,,,,,
,,2014 - 2015,,,20.6,,,,,,
,,2015 - 2016,,,16.62,,,,,,
,,2016 - 2017,,,20.52,,,,,,
,,2017 - 2018,,,20.51,,,,,,
,,2018 - 2019,,269.0,0.02,,,,,,
,,2019 - 2020,,,20.24,,,,,,
,,2020 - 2021,,,18.65,,,,,,
,,2021 - 2022,,,19.93,,,,,,
,,2022 - 2023,,,20.37,,,,,,
,Purulia,2013 - 2014,11.0,215.0,19.55,,,,,,
